# Blender 3.6.2
# www.blender.org
mtllib VG07_5.mtl
o VG07_4
v 0.010640 0.000000 0.000000
v 0.006634 -0.000000 -0.008319
v -0.002368 -0.000000 -0.010373
v -0.009586 -0.000000 -0.004616
v -0.009586 0.000000 0.004616
v -0.002368 0.000000 0.010373
v 0.006634 0.000000 0.008319
v 0.009590 0.008920 -0.000000
v 0.005980 0.008920 -0.007498
v -0.002134 0.008920 -0.009350
v -0.008641 0.008920 -0.004161
v -0.008641 0.008920 0.004161
v -0.002134 0.008920 0.009350
v 0.005980 0.008920 0.007498
v 0.008700 0.018501 0.000006
v 0.005476 0.017638 -0.006790
v -0.001872 0.016928 -0.008473
v -0.007810 0.016905 -0.003775
v -0.007867 0.017587 0.003765
v -0.002000 0.018460 0.008470
v 0.005373 0.018867 0.006797
v 0.006701 0.028050 -0.001676
v 0.003820 0.026545 -0.008011
v -0.003007 0.025291 -0.009599
v -0.008640 0.025233 -0.005243
v -0.008837 0.026415 0.001776
v -0.003449 0.027946 0.006173
v 0.003465 0.028673 0.004637
v 0.005018 0.037188 -0.003236
v 0.002128 0.036744 -0.009378
v -0.004416 0.035711 -0.010922
v -0.009686 0.034865 -0.006705
v -0.009714 0.034844 0.000098
v -0.004479 0.035664 0.004364
v 0.002078 0.036707 0.002880
v 0.001376 0.055702 -0.001651
v -0.001411 0.055671 -0.007458
v -0.007668 0.055177 -0.008908
v -0.012683 0.054592 -0.004908
v -0.012680 0.054355 0.001529
v -0.007661 0.054646 0.005556
v -0.001406 0.055245 0.004141
v 0.001845 0.064595 -0.002150
v -0.000921 0.064489 -0.007862
v -0.007106 0.064744 -0.009269
v -0.012051 0.065168 -0.005312
v -0.012033 0.065441 0.001029
v -0.007065 0.065359 0.004980
v -0.000889 0.064982 0.003565
v 0.002265 0.075127 -0.002604
v -0.000462 0.074654 -0.008227
v -0.006572 0.074356 -0.009595
v -0.011463 0.074457 -0.005676
v -0.011452 0.074881 0.000577
v -0.006548 0.075308 0.004457
v -0.000443 0.075418 0.003041
v 0.001140 0.081115 -0.003134
v -0.001352 0.079993 -0.008724
v -0.007276 0.078735 -0.010148
v -0.012172 0.078288 -0.006335
v -0.012353 0.078987 -0.000155
v -0.007682 0.080308 0.003737
v -0.001678 0.081254 0.002412
v 0.000180 0.085975 -0.003712
v -0.002299 0.084921 -0.009258
v -0.008182 0.083739 -0.010678
v -0.013037 0.083318 -0.006902
v -0.013210 0.083976 -0.000774
v -0.008570 0.085216 0.003092
v -0.002611 0.086106 0.001784
v -0.000750 0.090848 -0.004261
v -0.003210 0.089861 -0.009750
v -0.009036 0.088754 -0.011160
v -0.013840 0.088360 -0.007430
v -0.014005 0.088976 -0.001368
v -0.009407 0.090137 0.002460
v -0.003508 0.090971 0.001173
v -0.001658 0.095732 -0.004782
v -0.004090 0.094812 -0.010195
v -0.009839 0.093779 -0.011590
v -0.014575 0.093412 -0.007917
v -0.014733 0.093986 -0.001942
v -0.010193 0.095070 0.001836
v -0.004375 0.095847 0.000572
v -0.005305 0.114409 -0.006654
v -0.007443 0.112630 -0.011975
v -0.012214 0.109168 -0.013126
v -0.016024 0.106632 -0.009239
v -0.016005 0.106930 -0.003242
v -0.012171 0.109838 0.000350
v -0.007409 0.113167 -0.001168
v -0.005305 0.114409 -0.006654
v -0.007443 0.112630 -0.011975
v -0.012214 0.109168 -0.013126
v -0.016024 0.106632 -0.009239
v -0.016005 0.106930 -0.003242
v -0.012171 0.109838 0.000350
v -0.007409 0.113167 -0.001168
v -0.031155 0.155517 -0.011321
v -0.033341 0.154010 -0.016442
v -0.038196 0.151107 -0.017566
v -0.042066 0.148992 -0.013847
v -0.042035 0.149260 -0.008085
v -0.038127 0.151708 -0.004619
v -0.033285 0.154492 -0.006060
v -0.046953 0.175876 -0.009406
v -0.049279 0.174776 -0.014432
v -0.053980 0.171864 -0.015574
v -0.057516 0.169333 -0.011972
v -0.057224 0.169089 -0.006338
v -0.053324 0.171315 -0.002916
v -0.048753 0.174336 -0.004281
v -0.060212 0.196141 -0.007838
v -0.062722 0.195550 -0.012722
v -0.067819 0.193702 -0.013773
v -0.071666 0.191988 -0.010200
v -0.071365 0.191699 -0.004692
v -0.067143 0.193053 -0.001398
v -0.062180 0.195029 -0.002798
v -0.066311 0.220763 -0.005686
v -0.068881 0.220595 -0.010424
v -0.074106 0.219664 -0.011383
v -0.078050 0.218672 -0.007842
v -0.077744 0.218366 -0.002467
v -0.073419 0.218976 0.000695
v -0.068330 0.220043 -0.000738
v -0.071457 0.246924 -0.003890
v -0.073802 0.246074 -0.008519
v -0.078830 0.244867 -0.009474
v -0.082755 0.244213 -0.006036
v -0.082620 0.244603 -0.000794
v -0.078528 0.245744 0.002305
v -0.073560 0.246777 0.000927
v -0.086078 0.298834 -0.011256
v -0.088337 0.298211 -0.015637
v -0.093137 0.297309 -0.016547
v -0.096863 0.296808 -0.013300
v -0.096711 0.297084 -0.008342
v -0.092793 0.297930 -0.005407
v -0.088062 0.298709 -0.006704
v -0.092404 0.325663 -0.008127
v -0.094641 0.325642 -0.012392
v -0.099308 0.324913 -0.013332
v -0.102891 0.324026 -0.010238
v -0.102691 0.323649 -0.005441
v -0.098860 0.324065 -0.002553
v -0.094282 0.324961 -0.003749
v -0.097221 0.352133 -0.005811
v -0.099382 0.352153 -0.009943
v -0.103957 0.352001 -0.010832
v -0.107501 0.351792 -0.007809
v -0.107345 0.351682 -0.003150
v -0.103607 0.351756 -0.000364
v -0.099102 0.351956 -0.001548
v -0.095490 0.370133 -0.006488
v -0.097623 0.370193 -0.010517
v -0.102089 0.370538 -0.011364
v -0.105526 0.370908 -0.008391
v -0.105345 0.371025 -0.003837
v -0.101682 0.370801 -0.001131
v -0.097296 0.370404 -0.002310
v -0.094057 0.388897 -0.007027
v -0.096142 0.388945 -0.010964
v -0.100512 0.389224 -0.011791
v -0.103876 0.389524 -0.008884
v -0.103701 0.389618 -0.004432
v -0.100118 0.389437 -0.001788
v -0.095826 0.389116 -0.002943
v -0.092892 0.407668 -0.007472
v -0.094930 0.407707 -0.011319
v -0.099202 0.407932 -0.012125
v -0.102492 0.408173 -0.009284
v -0.102322 0.408250 -0.004934
v -0.098820 0.408103 -0.002352
v -0.094623 0.407845 -0.003481
v -0.097153 0.424180 -0.012605
v -0.100989 0.424532 -0.010575
v -0.101818 0.424427 -0.006302
v -0.099017 0.423944 -0.003004
v -0.094695 0.423448 -0.003165
v -0.092106 0.423311 -0.006662
v -0.093200 0.423637 -0.010864
v -0.086003 0.360832 -0.027825
v -0.094055 0.388930 -0.018681
v -0.097897 0.407954 -0.007281
v -0.106294 0.428811 -0.008320
v -0.115239 0.456104 -0.003075
v -0.089797 0.361998 -0.027556
v -0.087730 0.391768 -0.020236
v -0.085217 0.411703 -0.009930
v -0.085356 0.434134 -0.012537
v -0.084125 0.463205 -0.009163
v -0.091185 0.364899 -0.027370
v -0.078790 0.392135 -0.021249
v -0.069859 0.410380 -0.011698
v -0.061468 0.430890 -0.015279
v -0.049806 0.457481 -0.013109
v -0.083167 0.364254 -0.026891
v -0.065463 0.388554 -0.021312
v -0.053309 0.405057 -0.012094
v -0.040418 0.423019 -0.016128
v -0.023337 0.446586 -0.014508
v -0.080136 0.365175 -0.031226
v -0.055641 0.382237 -0.024905
v -0.038655 0.393232 -0.015238
v -0.021076 0.406732 -0.018643
v 0.002436 0.423693 -0.016266
v -0.075031 0.358027 -0.032747
v -0.047256 0.368269 -0.025259
v -0.028679 0.375215 -0.014758
v -0.007719 0.382799 -0.017361
v 0.019419 0.392738 -0.013879
v -0.068975 0.344476 -0.037127
v -0.040663 0.350386 -0.026849
v -0.022210 0.354289 -0.014475
v -0.000118 0.358824 -0.014985
v 0.027882 0.364633 -0.008784
v -0.064779 0.324508 -0.035823
v -0.036827 0.328591 -0.023834
v -0.019017 0.331891 -0.010396
v 0.003409 0.334116 -0.009492
v 0.031339 0.337707 -0.001562
v -0.057046 0.304540 -0.043419
v -0.030532 0.307278 -0.028009
v -0.014228 0.308615 -0.012374
v 0.007931 0.311423 -0.008751
v 0.034837 0.314442 0.002585
v -0.047985 0.286095 -0.051438
v -0.025542 0.285379 -0.032750
v -0.012768 0.284400 -0.015521
v 0.007529 0.284609 -0.008526
v 0.031018 0.284258 0.006431
v -0.016188 0.259887 -0.013477
v 0.019970 0.053501 0.011859
v 0.006044 0.078452 0.000835
v -0.008495 0.094663 -0.004860
v -0.011151 0.114207 -0.015702
v -0.021108 0.138918 -0.027646
v 0.020915 0.056646 0.012946
v 0.007708 0.084022 0.008443
v -0.006467 0.101502 0.006585
v -0.008407 0.123407 0.001453
v -0.017581 0.150734 -0.003753
v 0.021200 0.059371 0.008192
v 0.009429 0.086495 0.015851
v -0.003798 0.103656 0.021716
v -0.004633 0.125597 0.026380
v -0.012394 0.152783 0.033345
v 0.023528 0.062074 0.013068
v 0.012668 0.086487 0.027939
v 0.000052 0.101749 0.038567
v -0.000099 0.121775 0.048765
v -0.006971 0.146373 0.062819
v 0.027574 0.061551 0.023418
v 0.015641 0.081668 0.043013
v 0.002257 0.094172 0.055950
v 0.001372 0.110782 0.070991
v -0.006514 0.131101 0.090255
v 0.031869 0.057209 0.034410
v 0.019979 0.073406 0.057403
v 0.006671 0.083023 0.072701
v 0.005747 0.097075 0.090174
v -0.002129 0.113751 0.112696
v 0.029089 0.045791 0.041474
v 0.019388 0.057651 0.068070
v 0.007392 0.065313 0.085571
v 0.008348 0.074671 0.106074
v 0.002715 0.086449 0.132261
v 0.036926 0.035382 0.048897
v 0.025119 0.041442 0.076567
v 0.011806 0.044592 0.094498
v 0.011035 0.050522 0.116245
v 0.003281 0.057073 0.143682
v 0.052321 0.018106 0.064367
v 0.034615 0.022235 0.089215
v 0.017680 0.023599 0.104161
v 0.011969 0.028815 0.125426
v -0.001776 0.033825 0.150873
v 0.051246 -0.002997 0.069453
v 0.037506 -0.000094 0.095069
v 0.023276 0.000824 0.111120
v 0.020481 0.004553 0.132078
v 0.010575 0.008104 0.157863
v 0.023824 -0.023428 0.116439
v -0.097153 0.424180 -0.012605
v -0.100989 0.424532 -0.010575
v -0.101818 0.424427 -0.006302
v -0.099017 0.423944 -0.003004
v -0.094695 0.423448 -0.003165
v -0.092106 0.423311 -0.006662
v -0.093200 0.423637 -0.010864
v -0.095021 0.461153 -0.013048
v -0.098657 0.461374 -0.011175
v -0.099466 0.461361 -0.007160
v -0.096840 0.461123 -0.004027
v -0.092756 0.460840 -0.004134
v -0.090289 0.460724 -0.007401
v -0.091297 0.460863 -0.011368
v -0.091346 0.481905 -0.010067
v -0.094853 0.482219 -0.008279
v -0.095694 0.481896 -0.004434
v -0.093235 0.481179 -0.001427
v -0.089328 0.480608 -0.001523
v -0.086915 0.480613 -0.004650
v -0.087813 0.481190 -0.008452
v -0.088233 0.502240 -0.007440
v -0.091615 0.502488 -0.005731
v -0.092423 0.502221 -0.002031
v -0.090049 0.501639 0.000875
v -0.086280 0.501181 0.000798
v -0.083955 0.501192 -0.002204
v -0.084824 0.501663 -0.005870
v -0.085746 0.522693 -0.005221
v -0.088989 0.522891 -0.003586
v -0.089755 0.522693 -0.000036
v -0.087467 0.522247 0.002756
v -0.083848 0.521890 0.002687
v -0.081623 0.521890 -0.000190
v -0.082468 0.522247 -0.003709
v -0.083714 0.542792 -0.003517
v -0.086789 0.543192 -0.001955
v -0.087475 0.543460 0.001438
v -0.085256 0.543395 0.004107
v -0.081802 0.543044 0.004043
v -0.079715 0.542673 0.001293
v -0.080566 0.542561 -0.002071
v -0.081422 0.561746 -0.006931
v -0.084347 0.562259 -0.005462
v -0.084981 0.562814 -0.002257
v -0.082845 0.562994 0.000270
v -0.079549 0.562662 0.000217
v -0.077574 0.562070 -0.002377
v -0.078407 0.561662 -0.005558
v -0.079502 0.581323 -0.009759
v -0.082297 0.581723 -0.008347
v -0.082908 0.582156 -0.005281
v -0.080876 0.582297 -0.002870
v -0.077731 0.582038 -0.002929
v -0.075841 0.581576 -0.005415
v -0.076629 0.581257 -0.008454
v -0.081714 0.598238 -0.008140
v -0.080266 0.598572 -0.005355
v -0.077213 0.598169 -0.004663
v -0.074854 0.597333 -0.006586
v -0.074965 0.596693 -0.009675
v -0.077463 0.596731 -0.011604
v -0.080466 0.597419 -0.010921
v -0.081714 0.598238 -0.008140
v -0.080266 0.598572 -0.005355
v -0.077213 0.598169 -0.004663
v -0.074854 0.597333 -0.006586
v -0.074965 0.596693 -0.009675
v -0.077463 0.596731 -0.011604
v -0.080466 0.597419 -0.010921
v -0.079507 0.622499 -0.011182
v -0.078182 0.622749 -0.008600
v -0.075354 0.622449 -0.007974
v -0.073151 0.621825 -0.009775
v -0.073233 0.621348 -0.012647
v -0.075538 0.621376 -0.014427
v -0.078330 0.621888 -0.013775
v -0.073356 0.646381 -0.017396
v -0.072139 0.646786 -0.015057
v -0.069532 0.646682 -0.014497
v -0.067498 0.646146 -0.016140
v -0.067569 0.645582 -0.018747
v -0.069691 0.645415 -0.020356
v -0.072267 0.645770 -0.019755
v -0.073991 0.671994 -0.023464
v -0.072922 0.672172 -0.021382
v -0.070623 0.672164 -0.020912
v -0.068824 0.671974 -0.022408
v -0.068880 0.671747 -0.024743
v -0.070750 0.671652 -0.026160
v -0.073024 0.671762 -0.025590
v -0.070997 0.699371 -0.023285
v -0.070157 0.699433 -0.021621
v -0.068340 0.699284 -0.021231
v -0.066914 0.699036 -0.022407
v -0.066954 0.698877 -0.024264
v -0.068428 0.698925 -0.025404
v -0.070228 0.699145 -0.024968
v -0.066483 0.726068 -0.028963
v -0.065930 0.726196 -0.027849
v -0.064709 0.726195 -0.027580
v -0.063739 0.726067 -0.028359
v -0.063751 0.725909 -0.029599
v -0.064736 0.725839 -0.030367
v -0.065952 0.725910 -0.030084
v -0.067877 0.739833 -0.029846
v -0.067462 0.739925 -0.029022
v -0.066560 0.740035 -0.028838
v -0.065851 0.740079 -0.029433
v -0.065868 0.740026 -0.030358
v -0.066598 0.739914 -0.030917
v -0.067493 0.739829 -0.030689
v -0.068350 0.753907 -0.030652
v -0.076232 0.746512 -0.028704
v -0.071152 0.746209 -0.029100
v -0.067597 0.745951 -0.030269
v -0.064000 0.745805 -0.029211
v -0.059147 0.745547 -0.028968
v -0.076350 0.747959 -0.028769
v -0.071249 0.748124 -0.029190
v -0.067678 0.748195 -0.030379
v -0.064067 0.748378 -0.029335
v -0.059194 0.748566 -0.029113
v -0.076571 0.749633 -0.028815
v -0.071548 0.750315 -0.029278
v -0.068036 0.750754 -0.030490
v -0.064474 0.751295 -0.029482
v -0.059672 0.751974 -0.029303
v -0.076942 0.752518 -0.028739
v -0.071919 0.753185 -0.029291
v -0.068426 0.753624 -0.030568
v -0.064838 0.754137 -0.029622
v -0.060025 0.754793 -0.029529
v -0.077270 0.756047 -0.028895
v -0.072223 0.756483 -0.029344
v -0.068698 0.756794 -0.030546
v -0.065114 0.757095 -0.029529
v -0.060287 0.757508 -0.029337
v -0.077760 0.759193 -0.029653
v -0.072702 0.759741 -0.029516
v -0.069074 0.760198 -0.030301
v -0.065625 0.760477 -0.028879
v -0.060855 0.760950 -0.028132
v -0.077995 0.763512 -0.029642
v -0.072904 0.763581 -0.029140
v -0.069186 0.763790 -0.029654
v -0.065816 0.763597 -0.027998
v -0.061061 0.763550 -0.026914
v -0.077898 0.767528 -0.028088
v -0.072798 0.767291 -0.027782
v -0.069093 0.767410 -0.028404
v -0.065686 0.766814 -0.026931
v -0.060908 0.766388 -0.026055
v -0.077477 0.771170 -0.025319
v -0.072371 0.770688 -0.025484
v -0.068707 0.770802 -0.026369
v -0.065227 0.769783 -0.025330
v -0.060412 0.769007 -0.024950
v -0.076586 0.772298 -0.021608
v -0.071795 0.772742 -0.022353
v -0.068520 0.773659 -0.023467
v -0.065010 0.773063 -0.023105
v -0.060379 0.773065 -0.023404
v -0.068434 0.775457 -0.019739
v 0.055809 0.677168 -0.099152
v 0.057656 0.675619 -0.103651
v 0.058168 0.674605 -0.107227
v 0.060648 0.673402 -0.109772
v 0.062957 0.671873 -0.113773
v 0.056212 0.679101 -0.099555
v 0.058093 0.677677 -0.104100
v 0.058628 0.676752 -0.107709
v 0.061136 0.675637 -0.110284
v 0.063480 0.674227 -0.114328
v 0.056657 0.681867 -0.100391
v 0.058608 0.680254 -0.104807
v 0.059206 0.679191 -0.108344
v 0.061740 0.677950 -0.110802
v 0.064139 0.676363 -0.114710
v 0.057416 0.683721 -0.100485
v 0.059255 0.682658 -0.105118
v 0.059757 0.682004 -0.108772
v 0.062237 0.681114 -0.111434
v 0.064541 0.680034 -0.115573
v 0.057629 0.686424 -0.100846
v 0.059704 0.685581 -0.105411
v 0.060397 0.685108 -0.109053
v 0.063008 0.684337 -0.111615
v 0.065521 0.683451 -0.115665
v 0.058928 0.689704 -0.100967
v 0.060778 0.688837 -0.105629
v 0.061307 0.688409 -0.109306
v 0.063767 0.687526 -0.111982
v 0.066069 0.686573 -0.116145
v 0.061028 0.693318 -0.101131
v 0.062458 0.692243 -0.105924
v 0.062694 0.691769 -0.109646
v 0.064856 0.690589 -0.112486
v 0.066757 0.689367 -0.116808
v 0.062057 0.696863 -0.101524
v 0.063950 0.695602 -0.106105
v 0.064604 0.695088 -0.109770
v 0.066954 0.693640 -0.112322
v 0.069232 0.692177 -0.116378
v 0.064718 0.700051 -0.101445
v 0.066525 0.698591 -0.106021
v 0.067220 0.698079 -0.109693
v 0.069354 0.696279 -0.112228
v 0.071477 0.694528 -0.116272
v 0.068759 0.700608 -0.100848
v 0.070024 0.700127 -0.105525
v 0.070464 0.700466 -0.109060
v 0.072030 0.699111 -0.111978
v 0.073550 0.698181 -0.116264
v 0.074343 0.701679 -0.108277
v -0.078035 0.725403 -0.053736
v -0.071558 0.726939 -0.038927
v -0.065043 0.726026 -0.028972
v -0.063436 0.730100 -0.017872
v -0.058632 0.732956 -0.003437
v -0.067547 0.734837 -0.058650
v -0.061458 0.735962 -0.043583
v -0.055677 0.734350 -0.033224
v -0.053648 0.738752 -0.022277
v -0.048891 0.741502 -0.007753
v -0.057022 0.743682 -0.062752
v -0.051088 0.744131 -0.047693
v -0.045645 0.741935 -0.037340
v -0.043382 0.746026 -0.026397
v -0.038613 0.748209 -0.011878
v -0.046708 0.751516 -0.066929
v -0.040475 0.751372 -0.051965
v -0.035097 0.748636 -0.041692
v -0.032211 0.752496 -0.030795
v -0.026965 0.754200 -0.016358
v -0.037914 0.759166 -0.070889
v -0.030706 0.758427 -0.056426
v -0.024758 0.755253 -0.046634
v -0.021011 0.758724 -0.035898
v -0.014755 0.759875 -0.021850
v -0.025395 0.760365 -0.077160
v -0.018599 0.761400 -0.062503
v -0.013380 0.759345 -0.052011
v -0.009265 0.764255 -0.041986
v -0.003096 0.767186 -0.028147
v -0.012824 0.760909 -0.083146
v -0.005829 0.761339 -0.068459
v -0.001404 0.758893 -0.057621
v 0.004255 0.763326 -0.048064
v 0.011266 0.765656 -0.034423
v -0.002789 0.756203 -0.088575
v 0.005174 0.756969 -0.074408
v 0.009772 0.755009 -0.063546
v 0.016876 0.759302 -0.054939
v 0.025165 0.761777 -0.042066
v 0.011528 0.751525 -0.094673
v 0.017531 0.750761 -0.079513
v 0.020066 0.748055 -0.068104
v 0.026820 0.750778 -0.058571
v 0.033719 0.751565 -0.044644
v 0.020003 0.740542 -0.096877
v 0.026974 0.742070 -0.083131
v 0.030496 0.741106 -0.072350
v 0.037471 0.745242 -0.064363
v 0.045079 0.748121 -0.052041
v 0.040438 0.733177 -0.076011
v -0.034852 0.699891 -0.016046
v -0.054182 0.700732 -0.021811
v -0.068860 0.699153 -0.023312
v -0.080821 0.703004 -0.031203
v -0.098487 0.705320 -0.038482
v -0.037483 0.711943 -0.004723
v -0.056932 0.712967 -0.010289
v -0.071562 0.710958 -0.012172
v -0.083802 0.715779 -0.019140
v -0.101673 0.718661 -0.025864
v -0.041174 0.721719 0.008933
v -0.060611 0.722421 0.003724
v -0.074962 0.719714 0.001338
v -0.087600 0.725017 -0.004242
v -0.105647 0.727921 -0.010098
v -0.043947 0.727750 0.022684
v -0.063544 0.729179 0.018182
v -0.077987 0.726834 0.015860
v -0.090769 0.732872 0.011428
v -0.108985 0.736573 0.006549
v -0.050096 0.733862 0.041719
v -0.069258 0.733619 0.035604
v -0.082900 0.729944 0.031253
v -0.096119 0.735040 0.027031
v -0.114264 0.737257 0.021238
v -0.058409 0.734419 0.060803
v -0.076732 0.734719 0.052474
v -0.089705 0.731449 0.046159
v -0.102454 0.736891 0.040991
v -0.119856 0.739608 0.033372
v -0.064230 0.728869 0.074803
v -0.082883 0.731674 0.067479
v -0.096292 0.730317 0.061194
v -0.108965 0.737293 0.057750
v -0.126538 0.742293 0.051561
v -0.071525 0.718027 0.087172
v -0.090009 0.723691 0.081210
v -0.103451 0.724840 0.074960
v -0.115778 0.733080 0.073861
v -0.133085 0.740456 0.069616
v -0.076897 0.715125 0.100811
v -0.095948 0.719173 0.095094
v -0.109606 0.719094 0.089097
v -0.122605 0.726336 0.088050
v -0.140578 0.732237 0.083982
v -0.084958 0.705660 0.112722
v -0.103055 0.709509 0.107377
v -0.115797 0.709857 0.101226
v -0.128496 0.716106 0.101065
v -0.145733 0.721420 0.097643
v -0.121154 0.696436 0.109094
v -0.102812 0.680560 -0.002215
v -0.083613 0.677518 -0.013837
v -0.071288 0.671924 -0.023523
v -0.056026 0.674979 -0.029420
v -0.036908 0.674493 -0.039440
v -0.111434 0.689950 -0.023815
v -0.090931 0.685700 -0.032639
v -0.077323 0.678889 -0.039515
v -0.061693 0.681645 -0.044709
v -0.041587 0.680263 -0.052649
v -0.117588 0.694329 -0.047797
v -0.096275 0.689338 -0.053362
v -0.081902 0.681938 -0.057133
v -0.065994 0.684274 -0.061257
v -0.045251 0.682233 -0.066659
v -0.123078 0.696027 -0.064315
v -0.102172 0.690322 -0.070776
v -0.088011 0.682482 -0.074542
v -0.072502 0.684227 -0.080252
v -0.052200 0.681465 -0.086952
v -0.128066 0.692565 -0.090112
v -0.106443 0.686488 -0.092270
v -0.091823 0.678663 -0.092194
v -0.075743 0.679729 -0.096106
v -0.054726 0.676418 -0.099275
v -0.132562 0.682438 -0.108852
v -0.110815 0.676408 -0.109604
v -0.095985 0.669257 -0.107519
v -0.080000 0.669392 -0.111976
v -0.058950 0.665678 -0.114518
v -0.138534 0.668673 -0.120077
v -0.116767 0.662355 -0.121292
v -0.101634 0.655790 -0.118807
v -0.086070 0.654539 -0.124678
v -0.065203 0.650000 -0.128167
v -0.144117 0.652497 -0.130971
v -0.122355 0.646070 -0.130656
v -0.107274 0.640114 -0.126753
v -0.091641 0.637756 -0.132065
v -0.070746 0.632634 -0.134337
v -0.147313 0.627018 -0.138435
v -0.124655 0.625094 -0.137270
v -0.108763 0.622679 -0.132624
v -0.092775 0.622923 -0.137557
v -0.071153 0.621832 -0.139119
v -0.141432 0.608349 -0.154226
v -0.120615 0.608081 -0.148459
v -0.106689 0.606377 -0.141028
v -0.090983 0.608464 -0.142048
v -0.070645 0.609266 -0.138909
v -0.102720 0.589946 -0.148442
v -0.068816 0.642088 -0.057920
v -0.070550 0.646617 -0.034785
v -0.070293 0.646109 -0.017421
v -0.073731 0.654841 -0.002801
v -0.076415 0.661735 0.018485
v -0.052872 0.646635 -0.058768
v -0.052480 0.651623 -0.035585
v -0.051721 0.651174 -0.018178
v -0.052173 0.660628 -0.003542
v -0.052137 0.668146 0.017780
v -0.037277 0.648680 -0.060348
v -0.034504 0.653616 -0.037464
v -0.032667 0.653134 -0.020242
v -0.030548 0.662544 -0.005851
v -0.027826 0.670009 0.015172
v -0.021109 0.646614 -0.062858
v -0.016281 0.651696 -0.040320
v -0.013700 0.651448 -0.023169
v -0.009083 0.660762 -0.009283
v -0.003913 0.668273 0.011287
v -0.000266 0.644723 -0.065286
v 0.003664 0.648338 -0.042348
v 0.004986 0.647190 -0.025129
v 0.009917 0.655276 -0.010641
v 0.014671 0.661298 0.010459
v 0.022508 0.639791 -0.065887
v 0.023875 0.641541 -0.042424
v 0.022597 0.639382 -0.025285
v 0.026923 0.645705 -0.009750
v 0.029790 0.649739 0.012166
v 0.039972 0.634478 -0.067188
v 0.040832 0.633000 -0.043558
v 0.038682 0.628884 -0.026777
v 0.043429 0.632468 -0.010413
v 0.046173 0.633207 0.011992
v 0.050006 0.618942 -0.069744
v 0.052603 0.617586 -0.046240
v 0.051046 0.614312 -0.029214
v 0.057955 0.616845 -0.013438
v 0.062792 0.617173 0.008616
v 0.059207 0.603151 -0.072500
v 0.064171 0.603320 -0.049260
v 0.064557 0.600859 -0.031973
v 0.072712 0.604857 -0.017055
v 0.079611 0.606820 0.004435
v 0.065357 0.585156 -0.072353
v 0.073259 0.586552 -0.051281
v 0.075809 0.585505 -0.034940
v 0.085883 0.589535 -0.022414
v 0.095513 0.592282 -0.003395
v 0.081284 0.567135 -0.036865
v -0.046965 0.629214 0.017206
v -0.063111 0.627013 -0.000439
v -0.076185 0.622019 -0.011197
v -0.084950 0.625650 -0.026083
v -0.099137 0.625959 -0.044053
v -0.062109 0.639829 0.029331
v -0.077687 0.637224 0.011132
v -0.089653 0.631459 -0.000582
v -0.099086 0.635540 -0.015005
v -0.113227 0.635805 -0.033107
v -0.077783 0.648469 0.040791
v -0.092676 0.645624 0.022246
v -0.103898 0.639608 0.010089
v -0.113242 0.643642 -0.004275
v -0.126912 0.643734 -0.022566
v -0.098564 0.655448 0.053551
v -0.111244 0.651162 0.033652
v -0.120081 0.643999 0.020189
v -0.129114 0.647222 0.005402
v -0.141253 0.646035 -0.013935
v -0.113829 0.660193 0.063561
v -0.127113 0.654677 0.044436
v -0.135870 0.646689 0.031443
v -0.146086 0.648986 0.017313
v -0.159154 0.646598 -0.001233
v -0.131176 0.658543 0.076301
v -0.143911 0.654244 0.056481
v -0.151983 0.647137 0.042549
v -0.162264 0.650251 0.028608
v -0.175018 0.649005 0.009715
v -0.143845 0.650251 0.088460
v -0.157840 0.646530 0.069230
v -0.165757 0.640326 0.054676
v -0.178486 0.643102 0.042707
v -0.193167 0.642062 0.025099
v -0.159507 0.642285 0.101308
v -0.170950 0.635508 0.081248
v -0.175971 0.628062 0.066010
v -0.188562 0.627329 0.053610
v -0.201581 0.622744 0.035282
v -0.159914 0.623782 0.109764
v -0.175461 0.619409 0.091813
v -0.183685 0.613886 0.077089
v -0.198686 0.614490 0.067627
v -0.215396 0.612031 0.051986
v -0.165001 0.603693 0.116386
v -0.179407 0.599849 0.098990
v -0.186633 0.595927 0.084297
v -0.201124 0.595057 0.075766
v -0.216882 0.592245 0.060905
v -0.190005 0.577708 0.090612
v 0.070290 0.658953 -0.084696
v 0.061937 0.658338 -0.096937
v 0.054170 0.656581 -0.104380
v 0.051144 0.658139 -0.114735
v 0.044506 0.658478 -0.127214
v 0.066063 0.666733 -0.080703
v 0.056850 0.667479 -0.092363
v 0.048728 0.666249 -0.099582
v 0.044720 0.669409 -0.109253
v 0.037086 0.671344 -0.121052
v 0.062147 0.672270 -0.075724
v 0.052079 0.674917 -0.086231
v 0.043479 0.674830 -0.092879
v 0.038686 0.679621 -0.101379
v 0.030152 0.683505 -0.111910
v 0.057591 0.679161 -0.069154
v 0.047221 0.682598 -0.079151
v 0.038428 0.683008 -0.085551
v 0.033392 0.688441 -0.093524
v 0.024556 0.693118 -0.103491
v 0.056308 0.684910 -0.064412
v 0.044348 0.689257 -0.071924
v 0.034599 0.690192 -0.076615
v 0.028205 0.696436 -0.082785
v 0.017742 0.702060 -0.090357
v 0.054968 0.688054 -0.057901
v 0.041568 0.692550 -0.062249
v 0.031208 0.693312 -0.065441
v 0.023197 0.700078 -0.068296
v 0.011082 0.706039 -0.072346
v 0.053563 0.686474 -0.050724
v 0.039983 0.692361 -0.052090
v 0.029315 0.694213 -0.053537
v 0.021450 0.701791 -0.053767
v 0.009288 0.709000 -0.054729
v 0.050760 0.687171 -0.037291
v 0.036812 0.691823 -0.039448
v 0.026224 0.692820 -0.041935
v 0.017589 0.699509 -0.041993
v 0.004840 0.705531 -0.043372
v 0.048280 0.681570 -0.029687
v 0.034855 0.688053 -0.029404
v 0.024217 0.690545 -0.030234
v 0.016581 0.698208 -0.028488
v 0.004623 0.705829 -0.027499
v 0.047452 0.680399 -0.021208
v 0.033741 0.683515 -0.019647
v 0.023364 0.683961 -0.020134
v 0.014829 0.688772 -0.016656
v 0.002274 0.692959 -0.014062
v 0.023450 0.673918 -0.013408
v 0.023977 0.631738 -0.105327
v 0.041755 0.631358 -0.103537
v 0.054608 0.628772 -0.104333
v 0.066578 0.631989 -0.099987
v 0.083277 0.633246 -0.096846
v 0.026244 0.641817 -0.118891
v 0.043956 0.640833 -0.116273
v 0.056670 0.637388 -0.115896
v 0.068731 0.640832 -0.111856
v 0.085430 0.641815 -0.108339
v 0.029570 0.651064 -0.132076
v 0.047018 0.649207 -0.128948
v 0.059402 0.645048 -0.127979
v 0.071498 0.648031 -0.123931
v 0.088048 0.648254 -0.120090
v 0.032903 0.659127 -0.145151
v 0.050251 0.656470 -0.141924
v 0.062375 0.651643 -0.140622
v 0.074684 0.654220 -0.136900
v 0.091270 0.653752 -0.133149
v 0.035863 0.667096 -0.156763
v 0.053135 0.663586 -0.154227
v 0.065016 0.658166 -0.153375
v 0.077556 0.660135 -0.150194
v 0.094202 0.658852 -0.147128
v 0.038283 0.667583 -0.172999
v 0.055682 0.666001 -0.169491
v 0.067865 0.661785 -0.167193
v 0.080174 0.665337 -0.164474
v 0.096792 0.665997 -0.161013
v 0.041312 0.666946 -0.188928
v 0.058669 0.664837 -0.185040
v 0.070519 0.660371 -0.181445
v 0.083256 0.663370 -0.180006
v 0.100047 0.663443 -0.176903
v 0.042617 0.660724 -0.201880
v 0.060183 0.659169 -0.198763
v 0.072220 0.655380 -0.195023
v 0.085044 0.658338 -0.195158
v 0.102007 0.658738 -0.193269
v 0.046701 0.654110 -0.218650
v 0.063470 0.651289 -0.212847
v 0.074399 0.647048 -0.206769
v 0.087484 0.648459 -0.205689
v 0.104069 0.647348 -0.201551
v 0.049441 0.641047 -0.227464
v 0.065973 0.640976 -0.223300
v 0.077277 0.638739 -0.218381
v 0.089381 0.641973 -0.218446
v 0.105360 0.643432 -0.215867
v 0.080443 0.629414 -0.229114
v 0.076685 0.596016 -0.123352
v 0.062722 0.600234 -0.108739
v 0.054289 0.600826 -0.096136
v 0.042388 0.607361 -0.089359
v 0.028111 0.613040 -0.077056
v 0.087085 0.606460 -0.116698
v 0.073680 0.611159 -0.101620
v 0.065122 0.611569 -0.089035
v 0.054391 0.619221 -0.081414
v 0.041007 0.625721 -0.068428
v 0.098885 0.614461 -0.108266
v 0.086218 0.618962 -0.092667
v 0.077523 0.618832 -0.080281
v 0.068300 0.626947 -0.071443
v 0.056079 0.633538 -0.057565
v 0.110576 0.618548 -0.100765
v 0.099189 0.623788 -0.084397
v 0.090984 0.624097 -0.071663
v 0.083276 0.632854 -0.061996
v 0.072562 0.640206 -0.047251
v 0.126098 0.622550 -0.088572
v 0.113603 0.626246 -0.072654
v 0.103967 0.625384 -0.061035
v 0.096458 0.633184 -0.050483
v 0.085142 0.639124 -0.035608
v 0.140213 0.621414 -0.074625
v 0.126610 0.625745 -0.059792
v 0.115870 0.625403 -0.049141
v 0.108072 0.633538 -0.039045
v 0.095928 0.640031 -0.025062
v 0.149674 0.614813 -0.064771
v 0.137949 0.621280 -0.048994
v 0.127891 0.622714 -0.037676
v 0.122373 0.631940 -0.026919
v 0.112464 0.640279 -0.012037
v 0.156852 0.603532 -0.053816
v 0.147399 0.612308 -0.037639
v 0.138142 0.615987 -0.026150
v 0.135416 0.625902 -0.014949
v 0.128228 0.636007 0.000389
v 0.167711 0.599790 -0.045256
v 0.158422 0.606681 -0.028019
v 0.149427 0.608871 -0.015893
v 0.146597 0.617706 -0.003782
v 0.139463 0.626128 0.012643
v 0.175770 0.590047 -0.034147
v 0.167247 0.596293 -0.017526
v 0.158551 0.598591 -0.006185
v 0.156620 0.606129 0.006021
v 0.150384 0.613544 0.022104
v 0.163398 0.584577 0.001770
v 0.052154 0.582236 -0.054712
v 0.051160 0.577497 -0.076739
v 0.047964 0.571167 -0.091720
v 0.051018 0.572340 -0.107968
v 0.051814 0.569916 -0.129316
v 0.030856 0.595611 -0.059287
v 0.032980 0.588992 -0.080819
v 0.032755 0.580843 -0.095313
v 0.036830 0.581442 -0.111424
v 0.040053 0.577574 -0.132398
v 0.007814 0.604034 -0.067360
v 0.013380 0.596065 -0.087643
v 0.016312 0.586772 -0.100995
v 0.021701 0.586712 -0.116622
v 0.027691 0.581692 -0.136588
v -0.009127 0.608719 -0.072176
v -0.004173 0.600220 -0.092431
v -0.001112 0.590522 -0.105488
v 0.003007 0.590139 -0.121511
v 0.008025 0.584636 -0.141645
v -0.034437 0.609072 -0.082760
v -0.025098 0.599713 -0.100927
v -0.018259 0.589593 -0.112041
v -0.012101 0.588333 -0.127311
v -0.003389 0.581885 -0.145787
v -0.054765 0.601449 -0.089627
v -0.043700 0.592295 -0.106929
v -0.034620 0.582824 -0.116976
v -0.028791 0.580949 -0.132326
v -0.019152 0.574345 -0.150297
v -0.070136 0.589248 -0.090786
v -0.059086 0.580265 -0.108339
v -0.049108 0.571604 -0.118407
v -0.044657 0.568814 -0.134166
v -0.035667 0.561890 -0.152484
v -0.084876 0.574240 -0.092070
v -0.072372 0.565442 -0.108711
v -0.061001 0.557599 -0.117932
v -0.056085 0.553902 -0.133359
v -0.045967 0.546673 -0.150952
v -0.096107 0.549252 -0.092997
v -0.081683 0.545143 -0.110001
v -0.068677 0.540976 -0.119547
v -0.062840 0.540007 -0.135125
v -0.051094 0.536983 -0.153015
v -0.107103 0.530593 -0.106745
v -0.089889 0.528348 -0.119450
v -0.075722 0.525153 -0.125697
v -0.066720 0.526004 -0.138667
v -0.051754 0.524993 -0.152652
v -0.080561 0.508925 -0.132843
v 0.014921 0.539993 -0.108566
v 0.034322 0.541578 -0.095347
v 0.048869 0.538707 -0.086447
v 0.061151 0.545809 -0.076559
v 0.079011 0.550102 -0.063684
v 0.023558 0.541772 -0.123583
v 0.043899 0.543462 -0.111720
v 0.058554 0.540575 -0.102893
v 0.072325 0.547887 -0.095283
v 0.091466 0.552343 -0.084316
v 0.031181 0.541078 -0.138426
v 0.052256 0.542468 -0.128199
v 0.067135 0.539476 -0.120008
v 0.081861 0.546420 -0.114320
v 0.101906 0.550517 -0.105270
v 0.037827 0.536225 -0.153843
v 0.059530 0.537701 -0.144968
v 0.074645 0.534991 -0.137073
v 0.090123 0.541660 -0.133320
v 0.110910 0.545684 -0.126016
v 0.047589 0.530770 -0.172695
v 0.068602 0.531227 -0.162311
v 0.082747 0.528039 -0.153004
v 0.098469 0.533633 -0.148717
v 0.118937 0.536518 -0.140221
v 0.059780 0.522047 -0.191357
v 0.079194 0.521343 -0.178205
v 0.091474 0.517763 -0.166642
v 0.107185 0.521902 -0.160873
v 0.126648 0.523384 -0.149954
v 0.068545 0.514110 -0.205992
v 0.087147 0.510605 -0.191928
v 0.098247 0.505424 -0.179666
v 0.114302 0.507041 -0.173342
v 0.133415 0.505597 -0.161594
v 0.070644 0.497310 -0.215014
v 0.090165 0.494068 -0.202195
v 0.101899 0.489805 -0.190178
v 0.118617 0.490508 -0.185677
v 0.138614 0.488803 -0.175555
v 0.072494 0.480496 -0.223593
v 0.093389 0.478841 -0.212627
v 0.106585 0.475339 -0.201862
v 0.123526 0.477690 -0.198741
v 0.144486 0.477745 -0.190422
v 0.074717 0.461694 -0.227900
v 0.095890 0.461400 -0.220458
v 0.109845 0.459333 -0.211909
v 0.126134 0.461923 -0.211660
v 0.146966 0.462942 -0.206883
v 0.110250 0.440808 -0.216848
v 0.083186 0.501063 -0.086567
v 0.060540 0.505553 -0.080142
v 0.044398 0.505383 -0.073103
v 0.028806 0.513541 -0.072374
v 0.007377 0.520145 -0.068011
v 0.089506 0.510851 -0.070118
v 0.066857 0.515356 -0.063426
v 0.050397 0.514721 -0.057033
v 0.035277 0.523603 -0.054864
v 0.014064 0.530552 -0.049665
v 0.095385 0.518952 -0.053779
v 0.073005 0.523503 -0.046739
v 0.056640 0.522824 -0.040396
v 0.041848 0.531854 -0.037540
v 0.020956 0.538901 -0.031804
v 0.101362 0.526367 -0.032720
v 0.078396 0.529554 -0.026811
v 0.061545 0.527714 -0.022135
v 0.046455 0.536089 -0.018765
v 0.025057 0.541978 -0.013497
v 0.106810 0.531384 -0.017931
v 0.084464 0.533268 -0.009736
v 0.068134 0.530474 -0.003958
v 0.053352 0.537989 0.001779
v 0.032486 0.542661 0.009578
v 0.113458 0.530166 -0.000119
v 0.091399 0.533039 0.008599
v 0.074929 0.531021 0.014344
v 0.060862 0.539109 0.021054
v 0.040507 0.544667 0.029633
v 0.119788 0.522602 0.013778
v 0.098660 0.525377 0.024855
v 0.082182 0.523835 0.030993
v 0.069762 0.531035 0.041262
v 0.050756 0.536120 0.052972
v 0.127643 0.515777 0.030841
v 0.105613 0.514564 0.040317
v 0.088762 0.510964 0.044126
v 0.075318 0.514240 0.055078
v 0.055272 0.515003 0.066103
v 0.131436 0.497575 0.033341
v 0.111823 0.497984 0.047326
v 0.095757 0.495960 0.054487
v 0.085388 0.499721 0.068337
v 0.068285 0.501725 0.083533
v 0.133701 0.478520 0.040489
v 0.114921 0.478547 0.053519
v 0.099328 0.477474 0.059679
v 0.089711 0.479133 0.073352
v 0.073477 0.479921 0.087868
v 0.102489 0.458933 0.064940
v -0.070702 0.727765 -0.041643
v -0.068113 0.727068 -0.033981
v -0.065043 0.726026 -0.028972
v -0.065098 0.726365 -0.023015
v -0.063501 0.726086 -0.015447
v -0.069497 0.730763 -0.041934
v -0.066819 0.730257 -0.034259
v -0.063693 0.729325 -0.029240
v -0.063677 0.729837 -0.023275
v -0.061992 0.729758 -0.015696
v -0.067952 0.734169 -0.042298
v -0.065219 0.733892 -0.034682
v -0.062080 0.733082 -0.029692
v -0.061988 0.733812 -0.023788
v -0.060234 0.733977 -0.016273
v -0.065001 0.737977 -0.043278
v -0.062609 0.737884 -0.035534
v -0.059788 0.737025 -0.030358
v -0.059819 0.738152 -0.024508
v -0.058335 0.738617 -0.016939
v -0.062294 0.743087 -0.043737
v -0.059766 0.742481 -0.036078
v -0.056945 0.741160 -0.031015
v -0.056735 0.742077 -0.025146
v -0.055053 0.742123 -0.017621
v -0.059267 0.748193 -0.044197
v -0.056369 0.747074 -0.036723
v -0.053445 0.745264 -0.031869
v -0.052738 0.746016 -0.026011
v -0.050594 0.745665 -0.018607
v -0.053744 0.752198 -0.045573
v -0.051394 0.750989 -0.037877
v -0.049045 0.748942 -0.032774
v -0.048440 0.749891 -0.026901
v -0.046687 0.749576 -0.019352
v -0.047974 0.757916 -0.045551
v -0.045797 0.755184 -0.038204
v -0.043833 0.752007 -0.033536
v -0.042956 0.751975 -0.027622
v -0.041185 0.750248 -0.020272
v -0.041266 0.759894 -0.046925
v -0.039571 0.757510 -0.039305
v -0.038079 0.754498 -0.034338
v -0.037339 0.754829 -0.028394
v -0.035934 0.753491 -0.020860
v -0.033767 0.762678 -0.046467
v -0.032573 0.759268 -0.039617
v -0.031769 0.755624 -0.035321
v -0.030878 0.755100 -0.029724
v -0.029717 0.752721 -0.022833
v -0.025226 0.755879 -0.035993
v -0.052212 0.701780 -0.019019
v -0.061630 0.700578 -0.022448
v -0.068860 0.699153 -0.023312
v -0.074569 0.699179 -0.028050
v -0.083121 0.698438 -0.032400
v -0.052979 0.705706 -0.017802
v -0.062468 0.704678 -0.021190
v -0.069737 0.703320 -0.022036
v -0.075512 0.703554 -0.026728
v -0.084139 0.703020 -0.031030
v -0.053712 0.709763 -0.016575
v -0.063222 0.709177 -0.019825
v -0.070512 0.708159 -0.020575
v -0.076293 0.708658 -0.025166
v -0.084937 0.708522 -0.029335
v -0.055293 0.717442 -0.016032
v -0.064711 0.715486 -0.019046
v -0.071865 0.713636 -0.019558
v -0.077686 0.712976 -0.024092
v -0.086290 0.711445 -0.028087
v -0.056539 0.722339 -0.013788
v -0.065985 0.721078 -0.017003
v -0.073172 0.719516 -0.017739
v -0.078994 0.719645 -0.022291
v -0.087617 0.718916 -0.026420
v -0.059955 0.730337 -0.009741
v -0.068783 0.728004 -0.013975
v -0.075558 0.725482 -0.015543
v -0.080912 0.725167 -0.020637
v -0.088931 0.723559 -0.025655
v -0.062576 0.735121 -0.005449
v -0.071184 0.733725 -0.010578
v -0.077964 0.731761 -0.012913
v -0.082923 0.732258 -0.018432
v -0.090619 0.731615 -0.024209
v -0.066480 0.742561 -0.001817
v -0.074614 0.740591 -0.007498
v -0.081064 0.738154 -0.010278
v -0.085686 0.738349 -0.016097
v -0.092929 0.737205 -0.022359
v -0.068494 0.749175 -0.000329
v -0.077308 0.747143 -0.004931
v -0.084037 0.744597 -0.006900
v -0.089436 0.744847 -0.012040
v -0.097466 0.743690 -0.017311
v -0.073276 0.757628 0.001505
v -0.081657 0.754076 -0.001635
v -0.087632 0.750418 -0.002632
v -0.093401 0.749665 -0.006661
v -0.101332 0.747090 -0.010501
v -0.092299 0.755465 0.001813
v -0.086763 0.676959 -0.012764
v -0.077142 0.674621 -0.018258
v -0.071288 0.671924 -0.023523
v -0.063153 0.671862 -0.025280
v -0.053346 0.670369 -0.029537
v -0.087562 0.678456 -0.013430
v -0.078309 0.677732 -0.019982
v -0.072690 0.676061 -0.025927
v -0.064851 0.677298 -0.028523
v -0.055413 0.677419 -0.033834
v -0.088737 0.685694 -0.017859
v -0.079227 0.683514 -0.023546
v -0.073459 0.680900 -0.028911
v -0.065391 0.680992 -0.030855
v -0.055685 0.679669 -0.035321
v -0.089193 0.690825 -0.019975
v -0.079949 0.688881 -0.026187
v -0.074434 0.686494 -0.031926
v -0.066453 0.686659 -0.034233
v -0.056953 0.685517 -0.039195
v -0.089831 0.695379 -0.021164
v -0.081157 0.694433 -0.028315
v -0.076108 0.692774 -0.034680
v -0.068431 0.693603 -0.037701
v -0.059430 0.693396 -0.043585
v -0.091726 0.701445 -0.023624
v -0.083565 0.700777 -0.031398
v -0.078842 0.699060 -0.038001
v -0.071579 0.700466 -0.041759
v -0.063093 0.700702 -0.048374
v -0.094385 0.708296 -0.026634
v -0.086956 0.707230 -0.035147
v -0.082710 0.704972 -0.041962
v -0.076017 0.706491 -0.046702
v -0.068253 0.706529 -0.054237
v -0.098175 0.715543 -0.031079
v -0.091527 0.713283 -0.039992
v -0.087745 0.709969 -0.046644
v -0.081730 0.710971 -0.052332
v -0.074770 0.710020 -0.060558
v -0.106082 0.718899 -0.038978
v -0.097854 0.717286 -0.046680
v -0.092668 0.714309 -0.052532
v -0.085983 0.715943 -0.057289
v -0.077723 0.715692 -0.064324
v -0.112362 0.718075 -0.047245
v -0.103930 0.718712 -0.053966
v -0.098064 0.717329 -0.059133
v -0.092041 0.720529 -0.063195
v -0.083961 0.722415 -0.069293
v -0.103402 0.719169 -0.066374
v -0.066977 0.647343 -0.037474
v -0.069864 0.647314 -0.026013
v -0.070293 0.646109 -0.017421
v -0.074730 0.647869 -0.010164
v -0.078600 0.648668 0.000388
v -0.063380 0.652187 -0.036420
v -0.066534 0.651813 -0.024995
v -0.067250 0.650219 -0.016457
v -0.071723 0.651956 -0.009182
v -0.075777 0.652529 0.001355
v -0.059418 0.656571 -0.035121
v -0.062441 0.656248 -0.023732
v -0.063242 0.654511 -0.015283
v -0.067358 0.656552 -0.007939
v -0.071165 0.657299 0.002607
v -0.054737 0.662437 -0.033367
v -0.057982 0.661537 -0.022056
v -0.058920 0.659396 -0.013704
v -0.063220 0.661031 -0.006352
v -0.067250 0.661227 0.004150
v -0.049671 0.666140 -0.032079
v -0.052796 0.666113 -0.020726
v -0.053792 0.664492 -0.012283
v -0.057793 0.666881 -0.004991
v -0.061610 0.667975 0.005510
v -0.041523 0.669570 -0.029619
v -0.045491 0.670239 -0.018543
v -0.047494 0.668885 -0.010227
v -0.051466 0.672098 -0.003233
v -0.055797 0.674009 0.006954
v -0.034589 0.673632 -0.027570
v -0.038341 0.674327 -0.016356
v -0.040384 0.672889 -0.008017
v -0.043917 0.676273 -0.000815
v -0.047909 0.678280 0.009556
v -0.027398 0.674948 -0.025894
v -0.030396 0.676642 -0.014563
v -0.032243 0.675846 -0.006095
v -0.034744 0.680023 0.001120
v -0.037784 0.683026 0.011571
v -0.019393 0.677726 -0.024379
v -0.021845 0.679080 -0.012832
v -0.023474 0.677999 -0.004321
v -0.025341 0.682007 0.003210
v -0.027745 0.684718 0.013942
v -0.010436 0.675405 -0.021082
v -0.012550 0.678469 -0.010440
v -0.014275 0.678771 -0.002341
v -0.015402 0.683709 0.004216
v -0.017250 0.687923 0.013929
v -0.004922 0.677951 -0.000416
v -0.061827 0.626787 0.002917
v -0.069456 0.624579 -0.006092
v -0.076185 0.622019 -0.011197
v -0.079498 0.621983 -0.019378
v -0.085816 0.620583 -0.028822
v -0.065279 0.632223 0.004278
v -0.072596 0.629485 -0.004894
v -0.079003 0.626371 -0.010154
v -0.082251 0.626231 -0.018391
v -0.088344 0.624451 -0.027964
v -0.067633 0.635926 0.005540
v -0.075486 0.633938 -0.003282
v -0.082168 0.631238 -0.008334
v -0.085946 0.631797 -0.016265
v -0.092620 0.630811 -0.025476
v -0.072350 0.642731 0.007554
v -0.079675 0.639933 -0.001518
v -0.085979 0.636662 -0.006736
v -0.089396 0.636654 -0.014859
v -0.095572 0.634898 -0.024316
v -0.078870 0.650508 0.009181
v -0.085429 0.646371 0.000069
v -0.090981 0.642007 -0.005171
v -0.094182 0.641284 -0.013330
v -0.099778 0.638356 -0.022828
v -0.086871 0.658105 0.010259
v -0.092190 0.652728 0.000976
v -0.096847 0.647500 -0.004355
v -0.099209 0.645893 -0.012679
v -0.103638 0.641778 -0.022361
v -0.095840 0.662515 0.013087
v -0.100195 0.657481 0.003059
v -0.103902 0.652208 -0.002999
v -0.105995 0.651274 -0.011542
v -0.109696 0.647687 -0.021794
v -0.103181 0.668580 0.013617
v -0.107781 0.662663 0.004203
v -0.111473 0.656793 -0.001287
v -0.114019 0.655201 -0.009605
v -0.118083 0.650754 -0.019368
v -0.115027 0.676444 0.011640
v -0.117851 0.667877 0.003614
v -0.120082 0.660368 -0.000555
v -0.121697 0.656576 -0.008412
v -0.124217 0.649448 -0.017091
v -0.126126 0.677059 0.013714
v -0.127906 0.669727 0.005094
v -0.129276 0.662985 0.000242
v -0.130349 0.660215 -0.007636
v -0.131962 0.654335 -0.016696
v -0.138982 0.663598 0.000743
v 0.061935 0.659011 -0.094529
v 0.058001 0.657786 -0.100695
v 0.054170 0.656581 -0.104380
v 0.053004 0.656236 -0.109692
v 0.049998 0.655307 -0.116023
v 0.060129 0.664017 -0.095113
v 0.056584 0.661622 -0.101199
v 0.053021 0.659606 -0.104824
v 0.052137 0.658420 -0.110088
v 0.049506 0.656368 -0.116347
v 0.057562 0.668816 -0.096208
v 0.054509 0.665566 -0.102109
v 0.051332 0.662871 -0.105599
v 0.050735 0.661203 -0.110738
v 0.048545 0.658393 -0.116821
v 0.053162 0.674004 -0.097894
v 0.051191 0.669648 -0.103548
v 0.048847 0.666025 -0.106863
v 0.048902 0.663804 -0.111831
v 0.047694 0.660044 -0.117681
v 0.048544 0.678350 -0.100442
v 0.047584 0.673262 -0.105712
v 0.045962 0.669086 -0.108781
v 0.046711 0.666407 -0.113444
v 0.046458 0.661975 -0.118912
v 0.042760 0.682229 -0.104462
v 0.043136 0.676360 -0.108944
v 0.042529 0.671562 -0.111421
v 0.044101 0.668445 -0.115585
v 0.045067 0.663321 -0.120328
v 0.037002 0.684994 -0.110821
v 0.038636 0.678349 -0.113720
v 0.038925 0.673051 -0.115016
v 0.041365 0.669318 -0.118170
v 0.043522 0.663421 -0.121452
v 0.030731 0.685166 -0.116402
v 0.033511 0.678538 -0.118288
v 0.034775 0.673243 -0.118720
v 0.037770 0.669537 -0.121388
v 0.040904 0.663664 -0.123810
v 0.027547 0.685876 -0.121640
v 0.029548 0.678760 -0.122611
v 0.030240 0.673334 -0.122293
v 0.032721 0.668966 -0.124479
v 0.035128 0.662479 -0.126103
v 0.023003 0.684262 -0.127854
v 0.025212 0.677551 -0.127509
v 0.025995 0.672544 -0.126347
v 0.028705 0.668258 -0.127488
v 0.031348 0.662062 -0.127803
v 0.022105 0.670617 -0.130508
v 0.039517 0.631671 -0.105265
v 0.048248 0.630350 -0.103896
v 0.054608 0.628772 -0.104333
v 0.060416 0.628820 -0.101267
v 0.068584 0.628016 -0.098985
v 0.040070 0.634972 -0.106677
v 0.048866 0.633826 -0.105378
v 0.055268 0.632340 -0.105856
v 0.061127 0.632555 -0.102850
v 0.069360 0.631936 -0.100640
v 0.040771 0.638720 -0.108481
v 0.049548 0.637784 -0.107249
v 0.055931 0.636402 -0.107743
v 0.061783 0.636832 -0.104834
v 0.070000 0.636446 -0.102711
v 0.041647 0.642876 -0.112009
v 0.050379 0.642104 -0.110348
v 0.056770 0.640637 -0.110408
v 0.062533 0.641484 -0.107396
v 0.070681 0.641394 -0.104957
v 0.043073 0.648450 -0.115099
v 0.051727 0.647050 -0.113550
v 0.057953 0.645036 -0.113615
v 0.063828 0.645598 -0.110790
v 0.071979 0.644982 -0.108507
v 0.044735 0.653993 -0.118553
v 0.053324 0.651948 -0.117364
v 0.059332 0.649352 -0.117564
v 0.065419 0.649654 -0.115169
v 0.073629 0.648513 -0.113311
v 0.046804 0.658171 -0.124913
v 0.055269 0.655990 -0.122967
v 0.061162 0.653114 -0.122396
v 0.067204 0.653597 -0.119829
v 0.075314 0.652456 -0.117418
v 0.050661 0.664012 -0.130805
v 0.058474 0.660167 -0.128717
v 0.063579 0.656096 -0.127897
v 0.069655 0.655448 -0.125454
v 0.077372 0.652738 -0.123011
v 0.053364 0.665741 -0.138203
v 0.061162 0.662270 -0.135400
v 0.066277 0.658378 -0.133891
v 0.072313 0.658119 -0.131226
v 0.080002 0.655825 -0.128232
v 0.058419 0.668042 -0.145249
v 0.065042 0.663569 -0.142286
v 0.069036 0.659113 -0.140432
v 0.074690 0.657938 -0.138003
v 0.081466 0.654590 -0.135018
v 0.072194 0.658840 -0.146949
v 0.066796 0.601959 -0.108732
v 0.058866 0.601678 -0.102128
v 0.054289 0.600826 -0.096136
v 0.047211 0.601611 -0.093519
v 0.038954 0.601800 -0.088166
v 0.067841 0.605834 -0.107573
v 0.059943 0.605789 -0.100872
v 0.055378 0.605041 -0.094827
v 0.048340 0.606084 -0.092119
v 0.040123 0.606541 -0.086663
v 0.068941 0.609810 -0.106456
v 0.061222 0.610275 -0.099658
v 0.056779 0.609914 -0.093543
v 0.049872 0.611275 -0.090770
v 0.041827 0.612199 -0.085223
v 0.069456 0.617537 -0.105081
v 0.061856 0.616685 -0.098170
v 0.057609 0.615510 -0.092007
v 0.050615 0.615776 -0.089107
v 0.042605 0.615366 -0.083430
v 0.071349 0.622203 -0.103097
v 0.063683 0.622211 -0.096239
v 0.059284 0.621437 -0.090141
v 0.052404 0.622613 -0.087238
v 0.044405 0.623165 -0.081593
v 0.074261 0.629966 -0.098524
v 0.065901 0.629099 -0.092581
v 0.060870 0.627506 -0.087162
v 0.053719 0.628374 -0.084849
v 0.045160 0.628235 -0.080052
v 0.077412 0.634243 -0.094522
v 0.068592 0.634622 -0.089125
v 0.063020 0.633828 -0.084012
v 0.055872 0.635686 -0.082200
v 0.047026 0.636787 -0.077978
v 0.079996 0.641334 -0.089983
v 0.070897 0.641402 -0.085062
v 0.065061 0.640323 -0.080310
v 0.057817 0.642064 -0.078793
v 0.048752 0.642915 -0.075006
v 0.081526 0.647605 -0.088210
v 0.073228 0.647806 -0.081979
v 0.068072 0.646708 -0.076466
v 0.061217 0.648712 -0.073787
v 0.052834 0.649769 -0.068639
v 0.082856 0.656187 -0.083959
v 0.075865 0.654742 -0.077174
v 0.071744 0.652365 -0.071720
v 0.065637 0.653396 -0.067977
v 0.058420 0.652971 -0.061987
v 0.075223 0.657349 -0.065963
v 0.050648 0.576855 -0.073339
v 0.050106 0.574018 -0.084239
v 0.047964 0.571167 -0.091720
v 0.050231 0.570457 -0.099659
v 0.050946 0.568349 -0.110176
v 0.049839 0.578487 -0.073033
v 0.048387 0.577332 -0.084194
v 0.045654 0.575561 -0.091843
v 0.047208 0.576191 -0.099987
v 0.047022 0.575761 -0.110762
v 0.046226 0.586131 -0.074509
v 0.045501 0.583413 -0.085397
v 0.043241 0.580641 -0.092848
v 0.045364 0.580023 -0.100812
v 0.045896 0.578034 -0.111333
v 0.044769 0.591466 -0.075424
v 0.043510 0.589006 -0.086338
v 0.040837 0.586504 -0.093759
v 0.042639 0.585935 -0.101815
v 0.042688 0.584129 -0.112395
v 0.044017 0.596178 -0.075723
v 0.041823 0.594803 -0.086656
v 0.038483 0.593123 -0.094017
v 0.039640 0.593227 -0.102192
v 0.038803 0.592414 -0.112839
v 0.041863 0.602657 -0.075689
v 0.038951 0.601639 -0.086501
v 0.035239 0.599971 -0.093691
v 0.035693 0.600685 -0.101911
v 0.034081 0.600379 -0.112502
v 0.039143 0.610081 -0.075392
v 0.035198 0.608836 -0.085910
v 0.030971 0.606749 -0.092748
v 0.030381 0.607694 -0.100979
v 0.027636 0.607352 -0.111392
v 0.034919 0.618278 -0.074966
v 0.030034 0.616042 -0.084907
v 0.025497 0.613008 -0.091165
v 0.023720 0.613633 -0.099253
v 0.019834 0.612522 -0.109238
v 0.025046 0.624053 -0.072452
v 0.022134 0.621956 -0.083206
v 0.019027 0.618879 -0.090298
v 0.018573 0.619813 -0.098564
v 0.016539 0.618933 -0.109142
v 0.014720 0.625707 -0.071215
v 0.013325 0.625563 -0.081879
v 0.011524 0.623774 -0.089366
v 0.011776 0.626209 -0.096882
v 0.011019 0.627250 -0.107055
v 0.003282 0.627692 -0.088790
v 0.032965 0.541428 -0.098715
v 0.041694 0.540646 -0.090866
v 0.048869 0.538707 -0.086447
v 0.053449 0.540244 -0.079276
v 0.061045 0.540468 -0.071027
v 0.036208 0.545775 -0.101687
v 0.044715 0.544656 -0.093581
v 0.051637 0.542341 -0.088892
v 0.056204 0.543848 -0.081673
v 0.063655 0.543847 -0.073240
v 0.039817 0.549583 -0.104863
v 0.048324 0.548470 -0.096859
v 0.055078 0.546001 -0.092099
v 0.059898 0.547751 -0.085166
v 0.067466 0.547866 -0.076931
v 0.044425 0.554702 -0.108552
v 0.052633 0.553015 -0.100318
v 0.059136 0.550137 -0.095424
v 0.063805 0.551493 -0.088290
v 0.071116 0.551066 -0.079818
v 0.048562 0.557662 -0.112709
v 0.056932 0.556762 -0.104552
v 0.063509 0.554346 -0.099540
v 0.068354 0.556393 -0.092717
v 0.075849 0.556781 -0.084438
v 0.055176 0.559712 -0.118967
v 0.062953 0.559607 -0.110186
v 0.068931 0.557574 -0.104316
v 0.073634 0.560443 -0.097686
v 0.080691 0.561711 -0.089104
v 0.061074 0.562502 -0.124398
v 0.068981 0.562352 -0.115653
v 0.074867 0.560221 -0.109661
v 0.079938 0.563159 -0.103276
v 0.087247 0.564430 -0.094832
v 0.066376 0.562523 -0.130044
v 0.074816 0.563220 -0.121842
v 0.080937 0.561668 -0.115911
v 0.086590 0.565226 -0.110392
v 0.094503 0.567315 -0.102690
v 0.072281 0.563813 -0.136503
v 0.080998 0.564084 -0.128513
v 0.087129 0.562226 -0.122637
v 0.093254 0.565494 -0.117405
v 0.101560 0.567181 -0.109969
v 0.079277 0.559729 -0.142387
v 0.087624 0.561760 -0.135166
v 0.093548 0.561341 -0.129443
v 0.099333 0.565546 -0.125335
v 0.107249 0.568773 -0.118902
v 0.099799 0.558911 -0.136229
v 0.064461 0.506834 -0.077738
v 0.052595 0.506557 -0.076097
v 0.044398 0.505383 -0.073103
v 0.035836 0.506661 -0.074716
v 0.024424 0.507080 -0.074438
v 0.064632 0.512250 -0.074407
v 0.052711 0.511534 -0.073031
v 0.044468 0.509868 -0.070323
v 0.035878 0.511111 -0.071971
v 0.024419 0.511240 -0.071875
v 0.065041 0.515809 -0.072046
v 0.053276 0.515974 -0.069964
v 0.045143 0.514808 -0.066862
v 0.036660 0.516849 -0.067862
v 0.025348 0.517900 -0.067022
v 0.065484 0.522532 -0.067481
v 0.053647 0.522036 -0.065816
v 0.045477 0.520404 -0.063007
v 0.036925 0.521983 -0.064300
v 0.025537 0.522406 -0.063858
v 0.065063 0.530457 -0.061755
v 0.053314 0.528750 -0.060508
v 0.045289 0.526088 -0.058165
v 0.036674 0.527083 -0.059491
v 0.025311 0.526475 -0.059325
v 0.063732 0.538455 -0.055119
v 0.052134 0.535622 -0.054718
v 0.044252 0.532167 -0.052977
v 0.035685 0.532373 -0.054888
v 0.024439 0.530695 -0.055525
v 0.063073 0.543285 -0.046781
v 0.051297 0.540982 -0.047251
v 0.043181 0.537610 -0.046445
v 0.034655 0.538623 -0.048485
v 0.023316 0.537651 -0.049727
v 0.061868 0.549888 -0.041114
v 0.050255 0.546883 -0.040629
v 0.042459 0.542980 -0.039266
v 0.033736 0.543558 -0.040461
v 0.022408 0.541944 -0.040712
v 0.057548 0.559641 -0.032471
v 0.047089 0.553666 -0.032444
v 0.040555 0.547769 -0.031490
v 0.031969 0.546114 -0.032876
v 0.021428 0.541601 -0.033503
v 0.055606 0.561590 -0.022124
v 0.045247 0.556850 -0.023057
v 0.038573 0.551751 -0.023016
v 0.030376 0.551073 -0.024720
v 0.020078 0.547789 -0.026096
v 0.035922 0.553980 -0.013937
v -0.079296 0.580194 -0.005351
v -0.078950 0.580205 -0.006845
v -0.078941 0.581392 -0.007817
v -0.079276 0.582862 -0.007533
v -0.079702 0.583507 -0.006209
v -0.079899 0.582843 -0.004841
v -0.079719 0.581368 -0.004459
v -0.076393 0.580739 -0.004682
v -0.076049 0.580751 -0.006167
v -0.075949 0.581945 -0.007109
v -0.076170 0.583422 -0.006800
v -0.076545 0.584069 -0.005471
v -0.076791 0.583399 -0.004124
v -0.076724 0.581917 -0.003773
v -0.073568 0.581055 -0.004039
v -0.073224 0.581075 -0.005510
v -0.072935 0.582267 -0.006394
v -0.072918 0.583732 -0.006025
v -0.073187 0.584368 -0.004680
v -0.073538 0.583695 -0.003373
v -0.073708 0.582221 -0.003088
v -0.070816 0.580914 -0.003422
v -0.070466 0.580949 -0.004879
v -0.069907 0.582087 -0.005679
v -0.069560 0.583471 -0.005219
v -0.069687 0.584059 -0.003846
v -0.070192 0.583407 -0.002593
v -0.070695 0.582008 -0.002405
v -0.068201 0.580118 -0.002839
v -0.067832 0.580167 -0.004284
v -0.066987 0.581169 -0.004995
v -0.066302 0.582371 -0.004437
v -0.066293 0.582868 -0.003030
v -0.066967 0.582285 -0.001834
v -0.067816 0.581061 -0.001749
v -0.065863 0.578583 -0.002313
v -0.065469 0.578634 -0.003754
v -0.064393 0.579446 -0.004399
v -0.063443 0.580409 -0.003761
v -0.063336 0.580797 -0.002321
v -0.064152 0.580318 -0.001163
v -0.065277 0.579333 -0.001159
v -0.063940 0.576402 -0.001868
v -0.063525 0.576447 -0.003322
v -0.062295 0.577080 -0.003933
v -0.061175 0.577826 -0.003240
v -0.061010 0.578122 -0.001766
v -0.061923 0.577746 -0.000620
v -0.063227 0.576981 -0.000665
v -0.062481 0.573857 -0.001520
v -0.062047 0.573893 -0.003001
v -0.060711 0.574381 -0.003601
v -0.059478 0.574952 -0.002868
v -0.059277 0.575177 -0.001354
v -0.060260 0.574887 -0.000199
v -0.061686 0.574299 -0.000273
v -0.061408 0.571126 -0.001256
v -0.060957 0.571154 -0.002773
v -0.059541 0.571527 -0.003375
v -0.058227 0.571964 -0.002608
v -0.058004 0.572136 -0.001051
v -0.059040 0.571913 0.000125
v -0.060555 0.571463 0.000034
v -0.060630 0.568310 -0.001058
v -0.060163 0.568332 -0.002614
v -0.058684 0.568618 -0.003225
v -0.057307 0.568952 -0.002430
v -0.057068 0.569082 -0.000828
v -0.058147 0.568912 0.000375
v -0.059733 0.568568 0.000273
v -0.060068 0.565467 -0.000909
v -0.059588 0.565485 -0.002505
v -0.058057 0.565703 -0.003128
v -0.056628 0.565958 -0.002308
v -0.056378 0.566058 -0.000663
v -0.057494 0.565927 0.000568
v -0.059136 0.565664 0.000459
v -0.059663 0.562628 -0.000799
v -0.059170 0.562641 -0.002431
v -0.057597 0.562808 -0.003065
v -0.056128 0.563003 -0.002223
v -0.055868 0.563079 -0.000541
v -0.057015 0.562979 0.000717
v -0.058703 0.562778 0.000602
v -0.062198 0.564270 -0.000386
v -0.062781 0.564205 -0.001039
v -0.063559 0.564128 -0.001819
v -0.062725 0.564052 -0.002934
v -0.061488 0.564027 -0.003818
v -0.061053 0.563939 -0.005247
v -0.060045 0.563950 -0.005914
v -0.058702 0.564019 -0.006255
v -0.057407 0.564118 -0.006284
v -0.056765 0.564214 -0.005668
v -0.055710 0.564324 -0.005459
v -0.054545 0.564411 -0.005881
v -0.053594 0.564540 -0.005486
v -0.053064 0.564688 -0.004332
v -0.052740 0.564837 -0.002996
v -0.053278 0.564866 -0.001844
v -0.052594 0.565033 -0.001012
v -0.051650 0.565272 -0.000022
v -0.052370 0.565271 0.001086
v -0.054002 0.565088 0.001703
v -0.055058 0.564987 0.002154
v -0.056145 0.564901 0.002696
v -0.056679 0.564903 0.003465
v -0.057712 0.564843 0.004088
v -0.058696 0.564766 0.004218
v -0.059204 0.564680 0.003521
v -0.059760 0.564604 0.002939
v -0.061542 0.564470 0.002132
v -0.062743 0.564400 0.001504
v -0.063003 0.564319 0.000464
v -0.062198 0.564270 -0.000386
v -0.062781 0.564205 -0.001039
v -0.063559 0.564128 -0.001819
v -0.062725 0.564052 -0.002934
v -0.061488 0.564027 -0.003818
v -0.061053 0.563939 -0.005247
v -0.060045 0.563950 -0.005914
v -0.058702 0.564019 -0.006255
v -0.057407 0.564118 -0.006284
v -0.056765 0.564214 -0.005668
v -0.055710 0.564324 -0.005459
v -0.054545 0.564411 -0.005881
v -0.053594 0.564540 -0.005486
v -0.053064 0.564688 -0.004332
v -0.052740 0.564837 -0.002996
v -0.053278 0.564866 -0.001844
v -0.052594 0.565033 -0.001012
v -0.051650 0.565272 -0.000022
v -0.052370 0.565271 0.001086
v -0.054002 0.565088 0.001703
v -0.055058 0.564987 0.002154
v -0.056145 0.564901 0.002696
v -0.056679 0.564903 0.003465
v -0.057712 0.564843 0.004088
v -0.058696 0.564766 0.004218
v -0.059204 0.564680 0.003521
v -0.059760 0.564604 0.002939
v -0.061542 0.564470 0.002132
v -0.062743 0.564400 0.001504
v -0.063003 0.564319 0.000464
v -0.064974 0.565801 0.000032
v -0.066531 0.565751 -0.001004
v -0.067098 0.565629 -0.002262
v -0.065939 0.565388 -0.004099
v -0.063839 0.565267 -0.005478
v -0.062923 0.565113 -0.007504
v -0.061530 0.565077 -0.008886
v -0.059300 0.565218 -0.009086
v -0.057272 0.565363 -0.009395
v -0.056295 0.565525 -0.008202
v -0.054823 0.565707 -0.007547
v -0.052638 0.565849 -0.008833
v -0.051481 0.566056 -0.007810
v -0.049867 0.566367 -0.006583
v -0.049948 0.566602 -0.004095
v -0.050882 0.566650 -0.002271
v -0.049715 0.567007 -0.000978
v -0.049030 0.567338 0.000435
v -0.049169 0.567605 0.002411
v -0.051560 0.567238 0.003585
v -0.053780 0.566843 0.003800
v -0.055166 0.566763 0.005193
v -0.056128 0.566711 0.006169
v -0.057775 0.566567 0.007072
v -0.059280 0.566406 0.006980
v -0.060093 0.566288 0.006060
v -0.061220 0.566210 0.005724
v -0.063988 0.566094 0.004131
v -0.065533 0.566064 0.002886
v -0.065919 0.565950 0.001280
v -0.068556 0.565776 0.000666
v -0.069942 0.565697 -0.000928
v -0.070869 0.565499 -0.002706
v -0.070031 0.564965 -0.005596
v -0.067100 0.564643 -0.007880
v -0.065350 0.564418 -0.010640
v -0.063331 0.564375 -0.012866
v -0.059983 0.564623 -0.013407
v -0.056951 0.564934 -0.012675
v -0.055472 0.565137 -0.011448
v -0.052912 0.565399 -0.011290
v -0.050703 0.565620 -0.011536
v -0.047907 0.565952 -0.011393
v -0.046170 0.566389 -0.009001
v -0.046331 0.566781 -0.005382
v -0.047624 0.566888 -0.002754
v -0.045057 0.567774 -0.000856
v -0.043549 0.568705 0.001430
v -0.045447 0.568658 0.003939
v -0.048767 0.567962 0.005666
v -0.051521 0.567352 0.006471
v -0.053975 0.566973 0.007840
v -0.055189 0.566933 0.009777
v -0.057641 0.566566 0.010774
v -0.059910 0.566279 0.011296
v -0.061095 0.566115 0.009702
v -0.062814 0.566022 0.009262
v -0.066698 0.566059 0.006579
v -0.069837 0.566348 0.005224
v -0.069813 0.566115 0.002498
v -0.070871 0.563140 0.001203
v -0.073998 0.563191 -0.000763
v -0.075638 0.562858 -0.003226
v -0.073309 0.561984 -0.006808
v -0.069515 0.561615 -0.009759
v -0.067557 0.561340 -0.013718
v -0.064297 0.561515 -0.015447
v -0.060505 0.561760 -0.018046
v -0.056310 0.562212 -0.016951
v -0.054530 0.562496 -0.014193
v -0.051246 0.562829 -0.014028
v -0.047977 0.563124 -0.014971
v -0.044017 0.563551 -0.014992
v -0.042209 0.564049 -0.011366
v -0.042010 0.564623 -0.006764
v -0.043945 0.564762 -0.003193
v -0.040886 0.565969 -0.000678
v -0.040181 0.566849 0.002076
v -0.041969 0.567039 0.005347
v -0.045144 0.566564 0.008277
v -0.049354 0.565315 0.008821
v -0.052146 0.564933 0.011468
v -0.054232 0.564538 0.012559
v -0.057254 0.564043 0.014691
v -0.060153 0.563546 0.014829
v -0.061975 0.563327 0.013930
v -0.063945 0.563215 0.012474
v -0.069593 0.563462 0.009547
v -0.073015 0.563943 0.007208
v -0.073504 0.563792 0.003817
v -0.072271 0.558656 0.001668
v -0.074628 0.558524 -0.000597
v -0.075970 0.558168 -0.003177
v -0.074410 0.557459 -0.007231
v -0.071129 0.557125 -0.011111
v -0.068461 0.557015 -0.015267
v -0.064941 0.557244 -0.017602
v -0.060222 0.557673 -0.018631
v -0.055722 0.558105 -0.018966
v -0.053706 0.558411 -0.015807
v -0.050262 0.558779 -0.015065
v -0.045941 0.559134 -0.017172
v -0.041866 0.559574 -0.016634
v -0.039550 0.560073 -0.012717
v -0.039610 0.560593 -0.007341
v -0.041811 0.560705 -0.003321
v -0.038856 0.561766 -0.000505
v -0.037143 0.562891 0.002679
v -0.038286 0.563469 0.006818
v -0.043585 0.562219 0.009237
v -0.047654 0.561265 0.010460
v -0.051372 0.560594 0.012360
v -0.053210 0.560434 0.015032
v -0.056763 0.559828 0.017354
v -0.060219 0.559221 0.018074
v -0.061852 0.559016 0.015166
v -0.064119 0.558844 0.013974
v -0.071015 0.558933 0.011439
v -0.074682 0.559359 0.008564
v -0.075417 0.559265 0.004717
v -0.071656 0.548410 0.002053
v -0.074537 0.548153 -0.000254
v -0.075941 0.547868 -0.002968
v -0.075738 0.547445 -0.007755
v -0.070162 0.547688 -0.010794
v -0.068063 0.547649 -0.015650
v -0.064179 0.547959 -0.017653
v -0.059561 0.548346 -0.019881
v -0.054831 0.548853 -0.018414
v -0.052505 0.549129 -0.016683
v -0.048490 0.549519 -0.016474
v -0.045118 0.549831 -0.016732
v -0.040190 0.550279 -0.017085
v -0.038648 0.550601 -0.012358
v -0.038505 0.550920 -0.007075
v -0.039030 0.551131 -0.003301
v -0.037129 0.551659 -0.000210
v -0.035252 0.552313 0.003096
v -0.036593 0.552557 0.007340
v -0.041610 0.551925 0.010226
v -0.046315 0.551208 0.011160
v -0.050061 0.550784 0.013428
v -0.052106 0.550620 0.015887
v -0.055796 0.550197 0.018433
v -0.059452 0.549728 0.019415
v -0.061389 0.549461 0.017131
v -0.063466 0.549228 0.014932
v -0.070109 0.548771 0.011849
v -0.073945 0.548645 0.009074
v -0.073981 0.548500 0.004928
v -0.069890 0.537986 0.002241
v -0.073336 0.537599 0.000066
v -0.074698 0.537372 -0.002620
v -0.073635 0.537281 -0.007043
v -0.068215 0.537688 -0.009792
v -0.065648 0.537804 -0.013526
v -0.063203 0.537921 -0.017382
v -0.058439 0.538346 -0.018782
v -0.053837 0.538796 -0.018115
v -0.051716 0.539039 -0.015476
v -0.048154 0.539345 -0.014782
v -0.044578 0.539591 -0.015710
v -0.040099 0.539869 -0.015770
v -0.037728 0.540065 -0.011884
v -0.037377 0.540334 -0.006748
v -0.038730 0.540500 -0.002882
v -0.035992 0.540915 0.000054
v -0.035051 0.541253 0.003176
v -0.036408 0.541450 0.007221
v -0.040853 0.541216 0.010296
v -0.045324 0.540835 0.011440
v -0.049273 0.540527 0.013277
v -0.051261 0.540424 0.015614
v -0.054837 0.540072 0.016760
v -0.058191 0.539740 0.018394
v -0.060162 0.539458 0.016815
v -0.061874 0.539175 0.014030
v -0.068184 0.538424 0.011375
v -0.071610 0.538032 0.008685
v -0.071758 0.537907 0.004874
v -0.067157 0.529567 0.002170
v -0.070485 0.529137 0.000266
v -0.072004 0.528905 -0.002165
v -0.070358 0.528957 -0.005914
v -0.065747 0.529336 -0.008351
v -0.063722 0.529410 -0.011886
v -0.061078 0.529580 -0.014344
v -0.057065 0.529908 -0.015368
v -0.053154 0.530210 -0.015857
v -0.051127 0.530372 -0.014074
v -0.048082 0.530552 -0.012894
v -0.044574 0.530646 -0.014168
v -0.041371 0.530670 -0.013269
v -0.039309 0.530736 -0.009965
v -0.038773 0.531037 -0.005657
v -0.040026 0.531352 -0.002285
v -0.038422 0.531636 0.000243
v -0.036136 0.532014 0.003068
v -0.037425 0.532374 0.006697
v -0.042371 0.532328 0.008823
v -0.045749 0.532238 0.010262
v -0.049000 0.532143 0.012382
v -0.050881 0.532090 0.014231
v -0.054015 0.531856 0.016103
v -0.056861 0.531486 0.015860
v -0.058648 0.531204 0.015011
v -0.060069 0.530885 0.012363
v -0.065125 0.530081 0.009724
v -0.069303 0.529495 0.008230
v -0.069351 0.529392 0.004663
v -0.064474 0.523599 0.002005
v -0.066714 0.523248 0.000377
v -0.066789 0.523171 -0.001451
v -0.066712 0.523060 -0.004639
v -0.063350 0.523316 -0.006868
v -0.061270 0.523404 -0.009357
v -0.059171 0.523503 -0.011363
v -0.056027 0.523689 -0.012701
v -0.052833 0.523887 -0.012030
v -0.051302 0.523998 -0.010537
v -0.048530 0.524047 -0.010545
v -0.045811 0.523990 -0.011303
v -0.043061 0.523888 -0.010731
v -0.041969 0.524013 -0.007650
v -0.041327 0.524322 -0.004342
v -0.042515 0.524724 -0.001596
v -0.040627 0.524947 0.000421
v -0.038538 0.525257 0.002794
v -0.040561 0.525705 0.005467
v -0.044151 0.525926 0.007353
v -0.047020 0.525944 0.008352
v -0.049706 0.525934 0.009760
v -0.051103 0.525978 0.011356
v -0.053529 0.525839 0.012732
v -0.055711 0.525532 0.012560
v -0.057105 0.525281 0.011981
v -0.058297 0.524962 0.010095
v -0.062762 0.524149 0.008430
v -0.065696 0.523618 0.006811
v -0.065644 0.523520 0.003892
v -0.061563 0.520077 0.001697
v -0.062714 0.519844 0.000437
v -0.063484 0.519665 -0.000977
v -0.063034 0.519590 -0.003312
v -0.060538 0.519752 -0.004964
v -0.059073 0.519763 -0.006916
v -0.057831 0.519731 -0.009167
v -0.055136 0.519871 -0.009530
v -0.052720 0.519998 -0.008851
v -0.051557 0.520088 -0.007839
v -0.049804 0.520146 -0.007166
v -0.047336 0.519980 -0.008509
v -0.045173 0.519876 -0.008142
v -0.044164 0.520021 -0.005879
v -0.044630 0.520444 -0.002915
v -0.045115 0.520753 -0.000993
v -0.044119 0.520952 0.000519
v -0.042292 0.521174 0.002291
v -0.043981 0.521572 0.004183
v -0.045921 0.521888 0.006004
v -0.048315 0.521923 0.006605
v -0.050387 0.521954 0.007603
v -0.051428 0.522041 0.008858
v -0.053253 0.522021 0.010236
v -0.054906 0.521742 0.009673
v -0.055826 0.521509 0.008720
v -0.057038 0.521283 0.008268
v -0.060202 0.520625 0.006532
v -0.061889 0.520245 0.005003
v -0.061985 0.520102 0.002985
v -0.057715 0.518585 0.001129
v -0.058685 0.518409 0.000451
v -0.059022 0.518298 -0.000361
v -0.058524 0.518241 -0.001612
v -0.057268 0.518269 -0.002596
v -0.056602 0.518204 -0.003895
v -0.055762 0.518165 -0.004979
v -0.054282 0.518208 -0.005360
v -0.052880 0.518286 -0.005059
v -0.052213 0.518369 -0.004400
v -0.051101 0.518408 -0.004195
v -0.049796 0.518343 -0.004746
v -0.049004 0.518407 -0.004084
v -0.048069 0.518502 -0.003161
v -0.048147 0.518736 -0.001526
v -0.048656 0.518919 -0.000348
v -0.048014 0.519049 0.000517
v -0.046896 0.519206 0.001564
v -0.048007 0.519391 0.002601
v -0.049228 0.519525 0.003519
v -0.050483 0.519538 0.003887
v -0.051625 0.519558 0.004434
v -0.052186 0.519631 0.005192
v -0.053228 0.519616 0.005723
v -0.054197 0.519543 0.005914
v -0.054701 0.519393 0.005191
v -0.055427 0.519284 0.004987
v -0.057066 0.518942 0.003784
v -0.058242 0.518718 0.003097
v -0.058591 0.518569 0.002031
v -0.053294 0.518905 0.000338
v -0.053281 0.518907 0.000352
v -0.053272 0.518910 0.000367
v -0.053283 0.518912 0.000391
v -0.053310 0.518913 0.000408
v -0.053321 0.518915 0.000434
v -0.053340 0.518916 0.000447
v -0.053364 0.518916 0.000459
v -0.053389 0.518913 0.000450
v -0.053401 0.518911 0.000438
v -0.053421 0.518909 0.000435
v -0.053445 0.518909 0.000448
v -0.053458 0.518907 0.000434
v -0.053471 0.518903 0.000415
v -0.053476 0.518900 0.000389
v -0.053468 0.518898 0.000367
v -0.053477 0.518895 0.000351
v -0.053491 0.518892 0.000333
v -0.053487 0.518889 0.000309
v -0.053455 0.518889 0.000297
v -0.053432 0.518890 0.000292
v -0.053412 0.518890 0.000281
v -0.053403 0.518888 0.000262
v -0.053383 0.518889 0.000257
v -0.053365 0.518890 0.000255
v -0.053356 0.518892 0.000266
v -0.053344 0.518893 0.000273
v -0.053306 0.518897 0.000286
v -0.053288 0.518901 0.000303
v -0.053286 0.518903 0.000324
v -0.036276 0.542943 0.001823
v -0.063545 0.544507 -0.001278
v -0.083617 0.543017 0.000477
v -0.101442 0.548009 -0.007617
v -0.126806 0.551309 -0.013321
v -0.035445 0.558286 0.014333
v -0.062790 0.561447 0.012618
v -0.082917 0.560295 0.014722
v -0.100791 0.567589 0.008542
v -0.126225 0.572958 0.004596
v -0.033722 0.571369 0.027311
v -0.060720 0.576123 0.027657
v -0.080622 0.575754 0.030774
v -0.098223 0.584674 0.026699
v -0.123314 0.591797 0.025023
v -0.030613 0.581498 0.043020
v -0.057198 0.587980 0.045165
v -0.077019 0.588442 0.048884
v -0.094016 0.599154 0.047069
v -0.118567 0.608191 0.047569
v -0.027438 0.595567 0.062753
v -0.054338 0.600057 0.065274
v -0.074156 0.598772 0.068558
v -0.091712 0.608604 0.068059
v -0.116720 0.615986 0.069406
v -0.025979 0.608188 0.087311
v -0.053338 0.609031 0.088716
v -0.073001 0.604876 0.090083
v -0.091598 0.612603 0.090500
v -0.117378 0.616721 0.091574
v -0.023875 0.615771 0.107583
v -0.051142 0.613303 0.110663
v -0.070252 0.606798 0.112235
v -0.089517 0.612231 0.115292
v -0.115549 0.613209 0.118641
v -0.019459 0.607699 0.127490
v -0.046570 0.606478 0.132209
v -0.066086 0.601267 0.133542
v -0.084466 0.606950 0.139845
v -0.109988 0.608826 0.145730
v -0.014870 0.597665 0.145691
v -0.041704 0.599257 0.152110
v -0.061565 0.596006 0.154845
v -0.078939 0.603693 0.162030
v -0.103821 0.608262 0.169389
v -0.013630 0.582757 0.161160
v -0.037870 0.586999 0.170215
v -0.056659 0.586332 0.174448
v -0.071080 0.594801 0.184022
v -0.092966 0.601395 0.194144
v -0.052952 0.569543 0.188812
v -0.132975 0.470097 0.034014
v -0.108952 0.467228 0.010893
v -0.094904 0.461062 -0.008330
v -0.073740 0.465278 -0.020130
v -0.048857 0.465440 -0.040095
v -0.148035 0.489342 0.015378
v -0.123313 0.485725 -0.007050
v -0.108106 0.478182 -0.024959
v -0.087452 0.483152 -0.037512
v -0.062368 0.483196 -0.057394
v -0.162357 0.506218 -0.004269
v -0.137184 0.502059 -0.025784
v -0.121436 0.493970 -0.042760
v -0.100804 0.498808 -0.055111
v -0.075448 0.498451 -0.074327
v -0.178699 0.522483 -0.031357
v -0.151852 0.515603 -0.050022
v -0.134488 0.505189 -0.063918
v -0.113337 0.508733 -0.075882
v -0.086691 0.506070 -0.093133
v -0.191505 0.534137 -0.051360
v -0.165884 0.525833 -0.071013
v -0.149287 0.514354 -0.084915
v -0.129140 0.516992 -0.098610
v -0.103728 0.513017 -0.117284
v -0.209232 0.538063 -0.075747
v -0.182327 0.531164 -0.094235
v -0.164200 0.520556 -0.106892
v -0.144094 0.524357 -0.120407
v -0.117898 0.521802 -0.138267
v -0.227393 0.531614 -0.095133
v -0.201095 0.525930 -0.115157
v -0.181837 0.516469 -0.127291
v -0.164498 0.520685 -0.144296
v -0.139967 0.519083 -0.164741
v -0.246398 0.525653 -0.118518
v -0.219429 0.515294 -0.135541
v -0.199349 0.503632 -0.143796
v -0.182064 0.502929 -0.161349
v -0.157139 0.496114 -0.180169
v -0.260922 0.501465 -0.122297
v -0.236457 0.495441 -0.144593
v -0.216681 0.487147 -0.156901
v -0.203349 0.489009 -0.177642
v -0.181830 0.486101 -0.201246
v -0.272714 0.475266 -0.132341
v -0.248968 0.469884 -0.152985
v -0.228991 0.463765 -0.163654
v -0.217225 0.463491 -0.183949
v -0.196884 0.459993 -0.206311
v -0.239789 0.439709 -0.170625
v -0.076235 0.359800 0.049434
v -0.090006 0.358359 0.016496
v -0.102588 0.351925 -0.005637
v -0.107912 0.359059 -0.030341
v -0.119012 0.361472 -0.062453
v -0.105841 0.373625 0.059715
v -0.117841 0.371345 0.026013
v -0.127826 0.363706 0.002860
v -0.133938 0.371172 -0.021655
v -0.144295 0.373213 -0.054158
v -0.135543 0.385449 0.067676
v -0.146043 0.381724 0.033829
v -0.154330 0.372979 0.010577
v -0.160355 0.379567 -0.014043
v -0.169733 0.380296 -0.046685
v -0.164593 0.394677 0.075403
v -0.174481 0.389457 0.041525
v -0.181616 0.379595 0.018303
v -0.188296 0.385231 -0.006417
v -0.197594 0.384581 -0.039124
v -0.190902 0.404224 0.082476
v -0.201456 0.397034 0.049247
v -0.208772 0.385831 0.026765
v -0.216349 0.390013 0.002075
v -0.226481 0.387452 -0.030212
v -0.220784 0.396879 0.093691
v -0.230778 0.393880 0.059628
v -0.236568 0.385685 0.035446
v -0.245452 0.392723 0.011845
v -0.255841 0.394115 -0.020459
v -0.250099 0.387696 0.103355
v -0.259216 0.383822 0.068943
v -0.262516 0.375715 0.044123
v -0.273601 0.381079 0.020864
v -0.284463 0.381144 -0.011500
v -0.270534 0.369726 0.112481
v -0.281393 0.366564 0.078511
v -0.285023 0.359716 0.053366
v -0.298677 0.364443 0.031375
v -0.311823 0.364659 -0.000121
v -0.300306 0.350127 0.120346
v -0.305401 0.345464 0.085095
v -0.303952 0.338505 0.059670
v -0.315097 0.340758 0.035844
v -0.323467 0.338884 0.002692
v -0.313509 0.321315 0.122486
v -0.322173 0.321459 0.089524
v -0.323862 0.317881 0.064790
v -0.336572 0.323513 0.043954
v -0.347906 0.326220 0.013624
v -0.342640 0.295957 0.068620
v -0.151503 0.294931 -0.025374
v -0.117590 0.299584 -0.015133
v -0.091712 0.297841 -0.011028
v -0.070921 0.308647 0.000827
v -0.040016 0.316583 0.012750
v -0.146345 0.309022 -0.050101
v -0.112104 0.314044 -0.040754
v -0.086289 0.311843 -0.035978
v -0.064826 0.323989 -0.026708
v -0.033404 0.332779 -0.016546
v -0.139508 0.317477 -0.077704
v -0.105159 0.321787 -0.069256
v -0.079792 0.318724 -0.063517
v -0.057469 0.330912 -0.057275
v -0.025580 0.339276 -0.049082
v -0.134597 0.319340 -0.103465
v -0.099867 0.324405 -0.097068
v -0.074279 0.321886 -0.091935
v -0.051616 0.334585 -0.088391
v -0.019330 0.343659 -0.082737
v -0.124282 0.318246 -0.137787
v -0.090110 0.321311 -0.128289
v -0.065758 0.317650 -0.119456
v -0.042222 0.328545 -0.116016
v -0.009880 0.335527 -0.108468
v -0.111046 0.308432 -0.168910
v -0.077924 0.313377 -0.156762
v -0.054385 0.311274 -0.145494
v -0.031473 0.323138 -0.141048
v -0.000078 0.331748 -0.131372
v -0.102374 0.291772 -0.188645
v -0.068571 0.300027 -0.180188
v -0.044064 0.300792 -0.170625
v -0.021406 0.314171 -0.170114
v 0.010297 0.325560 -0.164578
v -0.091180 0.267404 -0.204031
v -0.057780 0.279547 -0.199691
v -0.033085 0.284208 -0.191895
v -0.011420 0.298573 -0.195974
v 0.019568 0.312856 -0.195152
v -0.084149 0.256464 -0.226120
v -0.049653 0.265512 -0.221828
v -0.024454 0.267673 -0.214258
v -0.001615 0.280349 -0.218083
v 0.030606 0.291908 -0.217172
v -0.072201 0.235538 -0.243662
v -0.039373 0.243903 -0.239927
v -0.015659 0.246595 -0.232322
v 0.006474 0.257270 -0.237177
v 0.037322 0.267471 -0.237093
v -0.007561 0.220367 -0.242043
v -0.030411 0.263296 -0.039299
v -0.059417 0.255966 -0.019765
v -0.077365 0.245600 -0.003640
v -0.101438 0.248277 0.006503
v -0.130793 0.244929 0.023452
v -0.016790 0.280132 -0.005287
v -0.047980 0.270500 0.009527
v -0.068020 0.257871 0.021060
v -0.092792 0.259899 0.029797
v -0.123841 0.254808 0.043136
v -0.006717 0.288659 0.033015
v -0.039318 0.277621 0.042243
v -0.060666 0.263848 0.048595
v -0.085953 0.265123 0.055288
v -0.118124 0.258802 0.064178
v 0.002148 0.292534 0.059779
v -0.029870 0.280512 0.069933
v -0.050938 0.266111 0.075948
v -0.075621 0.266599 0.084777
v -0.107147 0.259295 0.095239
v 0.010436 0.288163 0.101497
v -0.022727 0.275537 0.104333
v -0.044562 0.261130 0.103921
v -0.070109 0.260563 0.109532
v -0.102754 0.252390 0.113916
v 0.018518 0.272736 0.132170
v -0.014929 0.260473 0.132359
v -0.037208 0.247285 0.128461
v -0.062586 0.245523 0.134653
v -0.095329 0.237022 0.137649
v 0.029317 0.251407 0.150949
v -0.004299 0.239082 0.151604
v -0.027215 0.227043 0.146856
v -0.051933 0.223446 0.155146
v -0.084476 0.214054 0.159409
v 0.039380 0.226107 0.169069
v 0.005757 0.213953 0.167157
v -0.017142 0.203116 0.160049
v -0.041896 0.198013 0.167366
v -0.074460 0.188028 0.169569
v 0.046302 0.185792 0.181656
v 0.010877 0.180973 0.178168
v -0.013603 0.175872 0.169702
v -0.039155 0.175057 0.176285
v -0.073219 0.171660 0.177159
v 0.037284 0.155668 0.206550
v 0.004990 0.153797 0.195817
v -0.016227 0.150111 0.183024
v -0.041172 0.152358 0.183360
v -0.072992 0.152230 0.176793
v -0.021973 0.124014 0.194595
v -0.074277 0.196754 0.053320
v -0.069898 0.198686 0.017912
v -0.066158 0.193880 -0.007632
v -0.064072 0.204503 -0.031556
v -0.060359 0.210650 -0.064852
v -0.100411 0.191562 0.051654
v -0.098279 0.192980 0.015898
v -0.094626 0.188126 -0.009738
v -0.096362 0.197916 -0.034136
v -0.095833 0.203353 -0.067870
v -0.124770 0.183222 0.051332
v -0.124875 0.183587 0.015701
v -0.122059 0.178358 -0.009805
v -0.126475 0.186858 -0.034179
v -0.128593 0.191037 -0.067824
v -0.147768 0.169077 0.052859
v -0.149800 0.169202 0.017242
v -0.147534 0.164320 -0.008419
v -0.154515 0.171877 -0.032535
v -0.159032 0.175468 -0.066052
v -0.177140 0.152920 0.052106
v -0.176181 0.152338 0.016525
v -0.171244 0.147416 -0.008691
v -0.176976 0.153788 -0.033410
v -0.179039 0.156384 -0.067185
v -0.206783 0.132545 0.047866
v -0.200709 0.131348 0.012783
v -0.191552 0.126710 -0.011302
v -0.194624 0.131573 -0.036844
v -0.192247 0.133084 -0.070688
v -0.229614 0.115924 0.045555
v -0.220995 0.110858 0.011170
v -0.209796 0.104016 -0.011642
v -0.211458 0.105382 -0.037872
v -0.206832 0.102843 -0.071600
v -0.239004 0.088717 0.049148
v -0.232687 0.083667 0.014271
v -0.222481 0.077910 -0.009289
v -0.226701 0.077673 -0.035260
v -0.224705 0.074400 -0.069175
v -0.248399 0.061659 0.052644
v -0.245749 0.058590 0.016952
v -0.238339 0.053528 -0.007875
v -0.244811 0.055736 -0.033374
v -0.246158 0.054840 -0.067579
v -0.252372 0.032243 0.052922
v -0.254928 0.030832 0.018965
v -0.251284 0.027543 -0.005597
v -0.261259 0.030001 -0.028441
v -0.267496 0.030259 -0.060327
v -0.255489 -0.001110 -0.002546
v -0.076398 0.138554 -0.056336
v -0.055300 0.149534 -0.029672
v -0.036886 0.152155 -0.011134
v -0.027431 0.167539 0.007931
v -0.009821 0.181565 0.033492
v -0.057562 0.149624 -0.075223
v -0.035603 0.160759 -0.049168
v -0.017580 0.162945 -0.030077
v -0.006021 0.179255 -0.012916
v 0.013105 0.193809 0.011378
v -0.039023 0.158226 -0.093396
v -0.016226 0.169438 -0.068409
v 0.002039 0.171621 -0.049770
v 0.014707 0.188071 -0.033809
v 0.034873 0.202739 -0.010741
v -0.014684 0.165338 -0.114599
v 0.007533 0.174794 -0.088336
v 0.024266 0.175561 -0.068165
v 0.038217 0.191049 -0.052261
v 0.058616 0.204169 -0.028420
v 0.001070 0.169911 -0.131200
v 0.026562 0.176910 -0.107359
v 0.044892 0.175926 -0.088718
v 0.062206 0.189723 -0.074777
v 0.086220 0.200518 -0.053364
v 0.019730 0.164878 -0.150075
v 0.046270 0.172992 -0.127739
v 0.065067 0.173018 -0.109514
v 0.083522 0.187260 -0.097595
v 0.108722 0.198961 -0.078065
v 0.033241 0.151474 -0.165074
v 0.062621 0.158603 -0.145882
v 0.082251 0.158956 -0.128355
v 0.104454 0.170971 -0.120920
v 0.133175 0.181020 -0.105443
v 0.049772 0.139035 -0.185112
v 0.077916 0.140133 -0.163010
v 0.094950 0.137329 -0.143152
v 0.118879 0.143477 -0.134099
v 0.147628 0.147022 -0.116047
v 0.050200 0.111873 -0.188029
v 0.082606 0.114250 -0.172715
v 0.103557 0.113031 -0.156698
v 0.129100 0.119046 -0.153819
v 0.161269 0.123330 -0.142888
v 0.057877 0.083297 -0.192889
v 0.088473 0.084796 -0.177947
v 0.107809 0.084720 -0.162024
v 0.132592 0.087474 -0.159658
v 0.163274 0.089693 -0.149199
v 0.112423 0.056464 -0.167345
v 0.047049 0.427024 -0.015195
v 0.038734 0.423393 -0.044759
v 0.029214 0.417057 -0.064401
v 0.028886 0.420189 -0.086910
v 0.023525 0.419370 -0.115888
v 0.030839 0.442501 -0.010471
v 0.021128 0.440176 -0.039848
v 0.011324 0.434128 -0.059526
v 0.008969 0.439128 -0.081649
v 0.001792 0.439995 -0.110330
v 0.004117 0.458631 -0.005626
v -0.003310 0.454393 -0.035258
v -0.010283 0.446390 -0.055285
v -0.012874 0.450959 -0.077335
v -0.018730 0.450428 -0.106143
v -0.017578 0.465353 0.000903
v -0.026657 0.461478 -0.028354
v -0.033499 0.453408 -0.048430
v -0.039193 0.458715 -0.069746
v -0.047526 0.458753 -0.097978
v -0.040084 0.463756 0.009971
v -0.050670 0.460138 -0.018737
v -0.056881 0.452364 -0.039078
v -0.066177 0.457680 -0.059031
v -0.077127 0.457884 -0.086285
v -0.067064 0.460120 0.019286
v -0.075954 0.456522 -0.010018
v -0.080462 0.448909 -0.030880
v -0.089332 0.454017 -0.051098
v -0.099023 0.454137 -0.078848
v -0.086997 0.443089 0.028067
v -0.097130 0.441950 -0.001202
v -0.101178 0.436884 -0.023038
v -0.112925 0.442494 -0.041730
v -0.124731 0.444388 -0.068749
v -0.104158 0.429332 0.035984
v -0.115682 0.428080 0.007246
v -0.120508 0.423171 -0.014463
v -0.133535 0.428346 -0.032412
v -0.146807 0.429967 -0.058754
v -0.121654 0.408588 0.043287
v -0.132343 0.407756 0.014104
v -0.135753 0.404105 -0.008193
v -0.149440 0.408127 -0.026041
v -0.162496 0.409474 -0.052615
v -0.134364 0.390992 0.047538
v -0.145531 0.388719 0.020329
v -0.149412 0.384351 -0.000548
v -0.163231 0.386915 -0.017055
v -0.176647 0.386683 -0.041768
v -0.166317 0.367292 0.007099
v 0.029412 0.295243 -0.096360
v 0.031218 0.297997 -0.069822
v 0.034386 0.295715 -0.050559
v 0.032805 0.303993 -0.032804
v 0.033201 0.309565 -0.007930
v 0.055751 0.304174 -0.096318
v 0.054874 0.305982 -0.069563
v 0.055034 0.302680 -0.050124
v 0.053251 0.310823 -0.032254
v 0.051873 0.315740 -0.007192
v 0.082961 0.308409 -0.092474
v 0.079241 0.309444 -0.066085
v 0.076425 0.305544 -0.047083
v 0.074111 0.313225 -0.029200
v 0.070706 0.317443 -0.004359
v 0.101616 0.309683 -0.091528
v 0.100144 0.309586 -0.064867
v 0.098180 0.304960 -0.045898
v 0.098543 0.311743 -0.027488
v 0.097790 0.314836 -0.002233
v 0.130162 0.305818 -0.085976
v 0.124678 0.304912 -0.059918
v 0.119010 0.300002 -0.041830
v 0.117879 0.305787 -0.023157
v 0.113919 0.307908 0.001842
v 0.150805 0.294606 -0.081821
v 0.144528 0.293025 -0.055956
v 0.137138 0.288397 -0.038407
v 0.137199 0.292571 -0.019261
v 0.133296 0.293520 0.005838
v 0.163822 0.278820 -0.081631
v 0.158590 0.276093 -0.055486
v 0.151056 0.271634 -0.037841
v 0.153170 0.273536 -0.018350
v 0.150876 0.272712 0.007084
v 0.176692 0.260251 -0.081325
v 0.170028 0.256624 -0.055625
v 0.161133 0.252324 -0.038589
v 0.162775 0.252402 -0.018964
v 0.159363 0.250165 0.006253
v 0.184987 0.231104 -0.078533
v 0.177422 0.232238 -0.052759
v 0.167687 0.231758 -0.035572
v 0.169003 0.234473 -0.016045
v 0.164875 0.236444 0.009174
v 0.200723 0.210957 -0.064995
v 0.188584 0.213283 -0.042680
v 0.176314 0.213031 -0.028507
v 0.173390 0.217503 -0.010538
v 0.164427 0.221038 0.011790
v 0.183409 0.194294 -0.019928
v 0.056323 0.228762 -0.007144
v 0.033466 0.229484 -0.024305
v 0.015188 0.226130 -0.034114
v 0.002432 0.232442 -0.049573
v -0.017813 0.235828 -0.067506
v 0.047116 0.240317 0.008028
v 0.023252 0.242054 -0.007794
v 0.004829 0.238766 -0.017501
v -0.009480 0.246763 -0.030757
v -0.031078 0.251568 -0.046828
v 0.038552 0.249033 0.023941
v 0.013734 0.251505 0.010120
v -0.005009 0.248513 0.001239
v -0.020516 0.257359 -0.009736
v -0.043267 0.263018 -0.023494
v 0.030098 0.253387 0.042443
v 0.004496 0.256819 0.030288
v -0.014490 0.254350 0.021709
v -0.031010 0.264100 0.013210
v -0.054723 0.270780 0.001646
v 0.017982 0.259408 0.065228
v -0.007246 0.260793 0.052072
v -0.025285 0.256844 0.042208
v -0.042571 0.265215 0.033879
v -0.066407 0.269972 0.021768
v 0.001826 0.261595 0.089814
v -0.021881 0.260048 0.074059
v -0.037767 0.254216 0.061709
v -0.055613 0.260257 0.052544
v -0.078755 0.262095 0.038417
v -0.010281 0.260772 0.109758
v -0.033683 0.255635 0.094039
v -0.048446 0.247616 0.081340
v -0.067441 0.250627 0.072761
v -0.090927 0.248808 0.058927
v -0.016337 0.245293 0.126566
v -0.040742 0.241174 0.112137
v -0.055981 0.234633 0.099162
v -0.076028 0.237216 0.093266
v -0.100631 0.235837 0.081488
v -0.021547 0.228973 0.142017
v -0.047277 0.227489 0.129289
v -0.064048 0.222595 0.117411
v -0.084125 0.227338 0.112863
v -0.109571 0.228613 0.102777
v -0.027193 0.208769 0.152257
v -0.052988 0.209733 0.143453
v -0.070367 0.207261 0.133779
v -0.089643 0.212672 0.132826
v -0.114758 0.215790 0.126869
v -0.073404 0.186660 0.144235
v -0.042787 0.174609 -0.019449
v -0.015616 0.166853 -0.025149
v 0.002462 0.156480 -0.028945
v 0.023110 0.158418 -0.033269
v 0.049725 0.154460 -0.038848
v -0.048830 0.171642 -0.046322
v -0.021184 0.164176 -0.050365
v -0.002500 0.154144 -0.051788
v 0.018072 0.156082 -0.056766
v 0.044949 0.152306 -0.061611
v -0.053253 0.166404 -0.071871
v -0.025485 0.159431 -0.074462
v -0.006638 0.149882 -0.074517
v 0.013905 0.151960 -0.078992
v 0.040845 0.148558 -0.082694
v -0.055732 0.156152 -0.100703
v -0.027711 0.149683 -0.099556
v -0.008767 0.140920 -0.096129
v 0.012076 0.142706 -0.099261
v 0.039313 0.139485 -0.099998
v -0.057943 0.148541 -0.122230
v -0.030435 0.140397 -0.120892
v -0.012079 0.130721 -0.117031
v 0.008743 0.130932 -0.120478
v 0.035650 0.125929 -0.121242
v -0.061657 0.133273 -0.143019
v -0.033657 0.126988 -0.141436
v -0.014679 0.118791 -0.137102
v 0.006074 0.120047 -0.140830
v 0.033256 0.116693 -0.141572
v -0.067396 0.114506 -0.156116
v -0.039188 0.108269 -0.156086
v -0.019636 0.101170 -0.151827
v 0.000622 0.100862 -0.158176
v 0.027706 0.096812 -0.161108
v -0.071348 0.095884 -0.173633
v -0.044015 0.087730 -0.169085
v -0.025701 0.080484 -0.161165
v -0.005123 0.077022 -0.165063
v 0.021560 0.070305 -0.164025
v -0.080688 0.073149 -0.170934
v -0.052667 0.065907 -0.172421
v -0.032759 0.059357 -0.168630
v -0.013367 0.056455 -0.176945
v 0.013196 0.050570 -0.181741
v -0.084975 0.047198 -0.172189
v -0.058175 0.041121 -0.173120
v -0.038896 0.036683 -0.168999
v -0.020707 0.032657 -0.176828
v 0.004532 0.026979 -0.181049
v -0.043680 0.013719 -0.170293
v -0.086345 0.543360 0.000138
v -0.085692 0.541543 0.001571
v -0.083476 0.540836 0.002179
v -0.081366 0.541771 0.001506
v -0.080951 0.543644 0.000058
v -0.082543 0.545045 -0.001075
v -0.084943 0.544919 -0.001039
v -0.086467 0.547566 0.005544
v -0.085816 0.545462 0.006470
v -0.083614 0.544633 0.006885
v -0.081518 0.545705 0.006477
v -0.081106 0.547870 0.005553
v -0.082689 0.549497 0.004808
v -0.085075 0.549362 0.004805
v -0.086605 0.550302 0.011890
v -0.085960 0.548045 0.012203
v -0.083776 0.547144 0.012379
v -0.081699 0.548279 0.012284
v -0.081292 0.550593 0.011990
v -0.082862 0.552346 0.011718
v -0.085227 0.552216 0.011674
v -0.086760 0.551206 0.018794
v -0.086118 0.548969 0.018479
v -0.083952 0.548063 0.018400
v -0.081892 0.549172 0.018619
v -0.081491 0.551460 0.018969
v -0.083049 0.553204 0.019187
v -0.085394 0.553091 0.019110
v -0.086925 0.550174 0.025726
v -0.086285 0.548103 0.024849
v -0.084128 0.547255 0.024540
v -0.082079 0.548268 0.025030
v -0.081680 0.550380 0.025951
v -0.083232 0.552000 0.026610
v -0.085567 0.551908 0.026509
v -0.087097 0.547383 0.032198
v -0.086455 0.545562 0.030870
v -0.084293 0.544809 0.030370
v -0.082239 0.545691 0.031075
v -0.081841 0.547544 0.032453
v -0.083397 0.548972 0.033467
v -0.085736 0.548901 0.033353
v -0.087275 0.543202 0.037870
v -0.086624 0.541652 0.036198
v -0.084436 0.541006 0.035552
v -0.082358 0.541751 0.036418
v -0.081955 0.543326 0.038144
v -0.083531 0.544545 0.039430
v -0.085898 0.544490 0.039308
v -0.087450 0.538130 0.042539
v -0.086786 0.536830 0.040609
v -0.084552 0.536287 0.039853
v -0.082432 0.536908 0.040840
v -0.082021 0.538227 0.042827
v -0.083630 0.539250 0.044317
v -0.086046 0.539207 0.044190
v -0.087616 0.532532 0.046289
v -0.086934 0.531453 0.044162
v -0.084644 0.531000 0.043322
v -0.082471 0.531515 0.044401
v -0.082050 0.532610 0.046587
v -0.083700 0.533460 0.048234
v -0.086177 0.533426 0.048101
v -0.087768 0.526651 0.049263
v -0.087068 0.525759 0.046983
v -0.084716 0.525384 0.046078
v -0.082485 0.525809 0.047230
v -0.082054 0.526713 0.049572
v -0.083747 0.527416 0.051340
v -0.086290 0.527388 0.051202
v -0.087903 0.520638 0.051610
v -0.087184 0.519903 0.049208
v -0.084772 0.519595 0.048252
v -0.082484 0.519944 0.049463
v -0.082042 0.520688 0.051928
v -0.083779 0.521266 0.053791
v -0.086387 0.521244 0.053650
v -0.088017 0.514586 0.053457
v -0.087282 0.513984 0.050960
v -0.084816 0.513730 0.049966
v -0.082476 0.514016 0.051222
v -0.082024 0.514627 0.053783
v -0.083800 0.515101 0.055720
v -0.086468 0.515083 0.055575
v -0.091700 0.517392 0.053629
v -0.092651 0.517164 0.052537
v -0.093901 0.516904 0.051229
v -0.093201 0.516230 0.049143
v -0.092471 0.515627 0.047269
v -0.089990 0.515344 0.046887
v -0.088077 0.515023 0.046140
v -0.087227 0.514689 0.045095
v -0.085513 0.514211 0.043631
v -0.083279 0.514099 0.043515
v -0.082099 0.514422 0.044820
v -0.081102 0.514698 0.045909
v -0.079532 0.514607 0.045687
v -0.077475 0.514883 0.046742
v -0.076495 0.515666 0.049457
v -0.076668 0.516152 0.051121
v -0.076995 0.516646 0.052805
v -0.078661 0.517165 0.054632
v -0.078210 0.517632 0.056188
v -0.077577 0.518292 0.058334
v -0.078519 0.518750 0.059941
v -0.080553 0.518959 0.060791
v -0.082563 0.518877 0.060534
v -0.084251 0.518468 0.059006
v -0.085879 0.518390 0.058538
v -0.088047 0.518617 0.058967
v -0.089454 0.518573 0.058473
v -0.091376 0.518643 0.058164
v -0.092852 0.518333 0.056556
v -0.092467 0.517819 0.054882
v -0.091869 0.460864 -0.010895
v -0.093885 0.458066 -0.010741
v -0.096668 0.457524 -0.008771
v -0.098122 0.459647 -0.006470
v -0.097153 0.462836 -0.005569
v -0.094490 0.464689 -0.006748
v -0.092138 0.463812 -0.009119
v -0.096631 0.463959 -0.016730
v -0.098136 0.460975 -0.015951
v -0.100805 0.460405 -0.013872
v -0.102628 0.462676 -0.012059
v -0.102232 0.466079 -0.011876
v -0.099916 0.468051 -0.013462
v -0.097423 0.467108 -0.015622
v -0.101787 0.464896 -0.023036
v -0.102770 0.461962 -0.021625
v -0.105319 0.461406 -0.019442
v -0.107515 0.463649 -0.018132
v -0.107704 0.467001 -0.018680
v -0.105744 0.468937 -0.020674
v -0.103111 0.468001 -0.022613
v -0.106948 0.463572 -0.029350
v -0.107473 0.460880 -0.027386
v -0.109917 0.460376 -0.025117
v -0.112441 0.462440 -0.024251
v -0.113143 0.465518 -0.025440
v -0.111495 0.467292 -0.027789
v -0.108738 0.466426 -0.029529
v -0.111756 0.460195 -0.035252
v -0.111924 0.457851 -0.032853
v -0.114293 0.457416 -0.030514
v -0.117078 0.459218 -0.029995
v -0.118183 0.461899 -0.031687
v -0.116775 0.463441 -0.034316
v -0.113915 0.462682 -0.035903
v -0.115981 0.455156 -0.040476
v -0.115893 0.453185 -0.037751
v -0.118221 0.452821 -0.035348
v -0.121211 0.454340 -0.035078
v -0.122612 0.456596 -0.037143
v -0.121370 0.457892 -0.039989
v -0.118418 0.457251 -0.041472
v -0.119508 0.448917 -0.044900
v -0.119243 0.447288 -0.041922
v -0.121568 0.446989 -0.039452
v -0.124731 0.448245 -0.039349
v -0.126351 0.450111 -0.041692
v -0.125208 0.451181 -0.044716
v -0.122162 0.450650 -0.046144
v -0.122301 0.442007 -0.048472
v -0.121916 0.440668 -0.045289
v -0.124268 0.440422 -0.042743
v -0.127585 0.441456 -0.042751
v -0.129370 0.442991 -0.045307
v -0.128278 0.443871 -0.048486
v -0.125132 0.443433 -0.049895
v -0.124476 0.434744 -0.051315
v -0.124007 0.433644 -0.047959
v -0.126405 0.433443 -0.045332
v -0.129864 0.434292 -0.045413
v -0.131779 0.435552 -0.048140
v -0.130708 0.436274 -0.051460
v -0.127458 0.435914 -0.052873
v -0.126158 0.427318 -0.053564
v -0.125630 0.426416 -0.050059
v -0.128083 0.426252 -0.047352
v -0.131672 0.426948 -0.047481
v -0.133692 0.427982 -0.050349
v -0.132624 0.428573 -0.053797
v -0.129271 0.428278 -0.055227
v -0.127459 0.419846 -0.055340
v -0.126886 0.419107 -0.051707
v -0.129398 0.418973 -0.048923
v -0.133102 0.419543 -0.049086
v -0.135209 0.420390 -0.052071
v -0.134133 0.420875 -0.055632
v -0.130684 0.420633 -0.057087
v -0.128468 0.412396 -0.056739
v -0.127863 0.411792 -0.053000
v -0.130428 0.411682 -0.050150
v -0.134231 0.412148 -0.050335
v -0.136408 0.412841 -0.053416
v -0.135321 0.413237 -0.057073
v -0.131787 0.413039 -0.058552
v -0.125074 0.415661 -0.058670
v -0.123085 0.415437 -0.058158
v -0.121763 0.415117 -0.057072
v -0.120763 0.414471 -0.054522
v -0.121412 0.413973 -0.052113
v -0.123307 0.413716 -0.050255
v -0.125087 0.413494 -0.048446
v -0.125045 0.413078 -0.046379
v -0.126610 0.412839 -0.044378
v -0.129004 0.412865 -0.043226
v -0.130902 0.413162 -0.043736
v -0.132607 0.413399 -0.043987
v -0.134394 0.413318 -0.042383
v -0.137305 0.413768 -0.042807
v -0.139819 0.414639 -0.045634
v -0.139746 0.415105 -0.048226
v -0.140616 0.415568 -0.050022
v -0.139603 0.415956 -0.052935
v -0.141485 0.416521 -0.054437
v -0.142229 0.416986 -0.056306
v -0.143279 0.417658 -0.059009
v -0.141043 0.417633 -0.060837
v -0.138914 0.417525 -0.061865
v -0.136177 0.417040 -0.061044
v -0.134004 0.416845 -0.061195
v -0.131823 0.416956 -0.062697
v -0.130000 0.416896 -0.063033
v -0.127782 0.416875 -0.063532
v -0.125134 0.416595 -0.062805
v -0.125133 0.416012 -0.060232
v -0.091700 0.517392 0.053629
v -0.092651 0.517164 0.052537
v -0.093901 0.516904 0.051229
v -0.093201 0.516230 0.049143
v -0.092471 0.515627 0.047269
v -0.089990 0.515344 0.046887
v -0.088077 0.515023 0.046140
v -0.087227 0.514689 0.045095
v -0.085513 0.514211 0.043631
v -0.083279 0.514099 0.043515
v -0.082099 0.514422 0.044820
v -0.081102 0.514698 0.045909
v -0.079532 0.514607 0.045687
v -0.077475 0.514883 0.046742
v -0.076495 0.515666 0.049457
v -0.076668 0.516152 0.051121
v -0.076995 0.516646 0.052805
v -0.078661 0.517165 0.054632
v -0.078210 0.517632 0.056188
v -0.077577 0.518292 0.058334
v -0.078519 0.518750 0.059941
v -0.080553 0.518959 0.060791
v -0.082563 0.518877 0.060534
v -0.084251 0.518468 0.059006
v -0.085879 0.518390 0.058538
v -0.088047 0.518617 0.058967
v -0.089454 0.518573 0.058473
v -0.091376 0.518643 0.058164
v -0.092852 0.518333 0.056556
v -0.092467 0.517819 0.054882
v -0.095400 0.520048 0.053756
v -0.097657 0.519837 0.052050
v -0.098608 0.519338 0.050044
v -0.097898 0.518186 0.046741
v -0.096542 0.517168 0.043968
v -0.092917 0.516625 0.043170
v -0.089863 0.516101 0.042043
v -0.088716 0.515407 0.039791
v -0.085760 0.515044 0.038937
v -0.082274 0.514616 0.037787
v -0.080679 0.515342 0.040622
v -0.078962 0.515643 0.041845
v -0.075666 0.515207 0.040416
v -0.072390 0.515778 0.042394
v -0.071684 0.517269 0.047261
v -0.072094 0.518078 0.049878
v -0.071998 0.518928 0.052497
v -0.075436 0.519624 0.055229
v -0.074149 0.520554 0.057884
v -0.073527 0.521640 0.060971
v -0.074387 0.522631 0.064137
v -0.078057 0.522565 0.064952
v -0.081347 0.522141 0.064088
v -0.083841 0.521584 0.062246
v -0.086353 0.521373 0.061269
v -0.089918 0.521914 0.062443
v -0.092101 0.521871 0.061535
v -0.095284 0.522160 0.061127
v -0.097596 0.521775 0.058471
v -0.096606 0.520794 0.055685
v -0.101032 0.520812 0.054728
v -0.103055 0.520325 0.052101
v -0.104212 0.519547 0.049289
v -0.104756 0.517717 0.044072
v -0.102563 0.516017 0.039979
v -0.097213 0.515163 0.038623
v -0.092420 0.514444 0.037117
v -0.090722 0.513398 0.033605
v -0.086284 0.512708 0.031580
v -0.081028 0.512411 0.031006
v -0.078458 0.513300 0.034668
v -0.075669 0.513676 0.036278
v -0.071867 0.513484 0.035728
v -0.067789 0.514416 0.038948
v -0.063468 0.516328 0.044371
v -0.065199 0.517746 0.048777
v -0.066444 0.519051 0.052742
v -0.070383 0.520153 0.057001
v -0.069169 0.521604 0.060618
v -0.068035 0.523574 0.065241
v -0.070219 0.524570 0.068918
v -0.075051 0.524358 0.070704
v -0.079425 0.523871 0.070833
v -0.083377 0.522584 0.067184
v -0.087148 0.522366 0.066255
v -0.092519 0.523161 0.067942
v -0.096293 0.523449 0.067178
v -0.099980 0.523658 0.065314
v -0.103815 0.523569 0.061622
v -0.103210 0.522239 0.057747
v -0.107283 0.518310 0.056605
v -0.109760 0.517561 0.052972
v -0.110633 0.516300 0.049274
v -0.111225 0.513665 0.042473
v -0.109178 0.511273 0.036519
v -0.100810 0.510574 0.035734
v -0.094596 0.509785 0.033884
v -0.092713 0.508295 0.028480
v -0.086760 0.507701 0.026754
v -0.079836 0.507064 0.024877
v -0.076709 0.508403 0.030559
v -0.073247 0.508915 0.032847
v -0.068017 0.508520 0.031658
v -0.062578 0.509631 0.035773
v -0.056983 0.512129 0.042900
v -0.060552 0.514006 0.048874
v -0.059912 0.515949 0.053822
v -0.066261 0.517170 0.059308
v -0.065180 0.518965 0.063708
v -0.063377 0.521786 0.069791
v -0.064841 0.524009 0.075971
v -0.072118 0.522753 0.077320
v -0.077639 0.522123 0.078241
v -0.082928 0.520309 0.073627
v -0.087866 0.519625 0.071181
v -0.094345 0.520334 0.072575
v -0.099082 0.520739 0.071792
v -0.105159 0.521706 0.070811
v -0.108299 0.521107 0.064800
v -0.108643 0.519864 0.060294
v -0.108353 0.512039 0.058321
v -0.111495 0.511328 0.054535
v -0.115108 0.510317 0.050183
v -0.116214 0.507306 0.042072
v -0.111509 0.505087 0.036481
v -0.102726 0.504367 0.035218
v -0.095956 0.503507 0.032857
v -0.093633 0.502046 0.027375
v -0.087279 0.500688 0.022472
v -0.079560 0.500866 0.023984
v -0.075244 0.501640 0.027583
v -0.071313 0.502314 0.030670
v -0.064616 0.501648 0.028592
v -0.058678 0.503012 0.034087
v -0.055087 0.505970 0.043632
v -0.056023 0.507939 0.049547
v -0.057602 0.509890 0.055408
v -0.062925 0.511641 0.061951
v -0.062337 0.513449 0.066839
v -0.061251 0.516001 0.073172
v -0.061845 0.519014 0.081196
v -0.069667 0.518284 0.083796
v -0.076634 0.517191 0.083802
v -0.082904 0.514758 0.076832
v -0.088397 0.514289 0.075119
v -0.096123 0.515190 0.077543
v -0.101476 0.515479 0.076396
v -0.108401 0.516356 0.075228
v -0.111213 0.515376 0.067844
v -0.112556 0.514347 0.063036
v -0.109894 0.498042 0.061972
v -0.114796 0.497353 0.058032
v -0.117034 0.496180 0.053439
v -0.117577 0.493686 0.044983
v -0.113568 0.491713 0.038508
v -0.103844 0.491171 0.037513
v -0.096759 0.490351 0.035032
v -0.094031 0.489098 0.030236
v -0.087495 0.488167 0.027077
v -0.079322 0.487243 0.024080
v -0.075721 0.488848 0.031186
v -0.071656 0.489394 0.033910
v -0.065445 0.488856 0.032442
v -0.057144 0.489475 0.035948
v -0.054473 0.492283 0.046647
v -0.055947 0.494059 0.052835
v -0.056987 0.495800 0.058816
v -0.063020 0.497594 0.065389
v -0.060843 0.499389 0.071293
v -0.060854 0.501209 0.077367
v -0.061214 0.503839 0.086113
v -0.069926 0.503688 0.087567
v -0.076961 0.503306 0.087289
v -0.083131 0.501647 0.081258
v -0.088927 0.501289 0.079601
v -0.096447 0.501788 0.080816
v -0.102160 0.501925 0.080220
v -0.109703 0.502331 0.079600
v -0.114314 0.501283 0.072889
v -0.111981 0.499383 0.066327
v -0.109959 0.483441 0.065461
v -0.111878 0.482528 0.061537
v -0.115664 0.481568 0.057212
v -0.115043 0.479613 0.049568
v -0.112107 0.477916 0.043137
v -0.102574 0.477548 0.042664
v -0.095865 0.476923 0.040873
v -0.094382 0.475117 0.033598
v -0.087911 0.473938 0.029360
v -0.080101 0.473827 0.029869
v -0.076333 0.474944 0.035398
v -0.072680 0.475527 0.038614
v -0.066190 0.474684 0.036505
v -0.060401 0.475550 0.041832
v -0.055697 0.477500 0.050619
v -0.056775 0.479212 0.056489
v -0.057909 0.480919 0.062301
v -0.063920 0.482930 0.068648
v -0.061462 0.484513 0.074647
v -0.061574 0.486168 0.080656
v -0.063241 0.488122 0.087825
v -0.071691 0.488423 0.088408
v -0.077885 0.488607 0.088738
v -0.083543 0.487476 0.083967
v -0.089123 0.487112 0.082195
v -0.096873 0.487795 0.084553
v -0.102136 0.487568 0.083291
v -0.106964 0.486964 0.080333
v -0.113072 0.486039 0.075660
v -0.110631 0.484417 0.069333
v -0.106506 0.471214 0.067678
v -0.109416 0.470442 0.064375
v -0.112982 0.469555 0.060472
v -0.112242 0.467876 0.053645
v -0.107813 0.466659 0.049105
v -0.101173 0.466061 0.047383
v -0.095388 0.465363 0.045282
v -0.093635 0.463966 0.039776
v -0.087914 0.462991 0.036517
v -0.080914 0.462481 0.035666
v -0.078020 0.463738 0.042221
v -0.074321 0.463844 0.043957
v -0.067902 0.462591 0.041363
v -0.062068 0.462896 0.046035
v -0.057427 0.464523 0.054294
v -0.060213 0.466713 0.060045
v -0.061860 0.468503 0.065135
v -0.066996 0.470644 0.070608
v -0.065196 0.472025 0.075623
v -0.065095 0.473593 0.080921
v -0.065840 0.475649 0.087992
v -0.073117 0.476349 0.089092
v -0.079122 0.476334 0.088206
v -0.084174 0.475007 0.082903
v -0.089090 0.475225 0.083532
v -0.095798 0.475549 0.084924
v -0.100397 0.475187 0.083736
v -0.105796 0.474749 0.082207
v -0.109743 0.473432 0.076739
v -0.108519 0.472159 0.071474
v -0.103730 0.462427 0.069239
v -0.105645 0.461704 0.066380
v -0.108228 0.460921 0.063168
v -0.107350 0.459552 0.057701
v -0.104913 0.458402 0.053297
v -0.098739 0.457993 0.052362
v -0.093695 0.457496 0.051185
v -0.091910 0.456611 0.048048
v -0.087786 0.455306 0.043682
v -0.082235 0.454946 0.043972
v -0.079286 0.455414 0.047218
v -0.076965 0.455911 0.050267
v -0.071736 0.454587 0.048093
v -0.066932 0.454658 0.051722
v -0.064684 0.456456 0.058865
v -0.066662 0.458310 0.063208
v -0.066119 0.459625 0.067196
v -0.070823 0.461758 0.071565
v -0.069970 0.462925 0.075274
v -0.069501 0.464366 0.079689
v -0.070841 0.466029 0.084400
v -0.076379 0.466702 0.085256
v -0.080803 0.466851 0.085079
v -0.084714 0.465814 0.081325
v -0.088619 0.465951 0.081677
v -0.093564 0.465966 0.081964
v -0.096899 0.465570 0.080848
v -0.101141 0.465187 0.079906
v -0.105413 0.464211 0.076471
v -0.104262 0.463146 0.072102
v -0.098736 0.456869 0.069610
v -0.100026 0.456308 0.067579
v -0.102470 0.455679 0.065221
v -0.101462 0.454643 0.061347
v -0.099737 0.453768 0.058191
v -0.095806 0.453323 0.057017
v -0.092314 0.452752 0.055541
v -0.090655 0.452181 0.053823
v -0.087539 0.451134 0.050792
v -0.083343 0.450655 0.050569
v -0.081226 0.451151 0.053370
v -0.079242 0.451398 0.055185
v -0.076198 0.450782 0.054739
v -0.072572 0.450816 0.057085
v -0.069813 0.451874 0.061875
v -0.070856 0.453298 0.065191
v -0.072360 0.454695 0.068259
v -0.074614 0.456283 0.071692
v -0.074457 0.457199 0.074252
v -0.072998 0.458547 0.078395
v -0.075031 0.459703 0.080984
v -0.078981 0.460321 0.081833
v -0.082110 0.460646 0.082310
v -0.085222 0.459599 0.078847
v -0.088029 0.459475 0.078305
v -0.091846 0.459766 0.079295
v -0.094814 0.459644 0.079137
v -0.098124 0.459291 0.078319
v -0.100822 0.458355 0.075211
v -0.099590 0.457463 0.071798
v -0.093966 0.453959 0.069385
v -0.094261 0.453588 0.068143
v -0.095349 0.453215 0.066830
v -0.095276 0.452524 0.064485
v -0.094230 0.451958 0.062660
v -0.091623 0.451749 0.062340
v -0.089599 0.451459 0.061769
v -0.088866 0.450999 0.060420
v -0.087108 0.450406 0.058933
v -0.084865 0.450239 0.059108
v -0.083520 0.450360 0.059981
v -0.082438 0.450592 0.061113
v -0.080540 0.450186 0.060633
v -0.078877 0.450504 0.062321
v -0.077011 0.451098 0.064860
v -0.078280 0.452015 0.066879
v -0.077892 0.452588 0.068608
v -0.080144 0.453516 0.070399
v -0.079694 0.454048 0.072000
v -0.078850 0.454836 0.074384
v -0.079413 0.455694 0.076559
v -0.082071 0.455938 0.076652
v -0.084117 0.455916 0.076245
v -0.085799 0.455429 0.074606
v -0.087404 0.455371 0.074250
v -0.089792 0.455749 0.075233
v -0.091088 0.455491 0.074392
v -0.093058 0.455397 0.074085
v -0.094230 0.454815 0.072195
v -0.094052 0.454317 0.070559
v -0.086332 0.453257 0.067997
v -0.086311 0.453262 0.068018
v -0.086291 0.453269 0.068043
v -0.086289 0.453284 0.068089
v -0.086324 0.453295 0.068114
v -0.086359 0.453303 0.068131
v -0.086402 0.453307 0.068135
v -0.086412 0.453320 0.068171
v -0.086448 0.453326 0.068184
v -0.086489 0.453329 0.068184
v -0.086509 0.453321 0.068156
v -0.086532 0.453319 0.068146
v -0.086571 0.453326 0.068161
v -0.086606 0.453319 0.068132
v -0.086625 0.453302 0.068077
v -0.086607 0.453289 0.068041
v -0.086608 0.453279 0.068010
v -0.086573 0.453266 0.067978
v -0.086586 0.453256 0.067946
v -0.086599 0.453243 0.067903
v -0.086578 0.453233 0.067877
v -0.086540 0.453226 0.067863
v -0.086505 0.453223 0.067863
v -0.086473 0.453230 0.067889
v -0.086441 0.453232 0.067901
v -0.086398 0.453225 0.067889
v -0.086370 0.453226 0.067899
v -0.086331 0.453226 0.067905
v -0.086317 0.453238 0.067945
v -0.086314 0.453247 0.067972
v -0.125074 0.415661 -0.058670
v -0.123085 0.415437 -0.058158
v -0.121763 0.415117 -0.057072
v -0.120763 0.414471 -0.054522
v -0.121412 0.413973 -0.052113
v -0.123307 0.413716 -0.050255
v -0.125087 0.413494 -0.048446
v -0.125045 0.413078 -0.046379
v -0.126610 0.412839 -0.044378
v -0.129004 0.412865 -0.043226
v -0.130902 0.413162 -0.043736
v -0.132607 0.413399 -0.043987
v -0.134394 0.413318 -0.042383
v -0.137305 0.413768 -0.042807
v -0.139819 0.414639 -0.045634
v -0.139746 0.415105 -0.048226
v -0.140616 0.415568 -0.050022
v -0.139603 0.415956 -0.052935
v -0.141485 0.416521 -0.054437
v -0.142229 0.416986 -0.056306
v -0.143279 0.417658 -0.059009
v -0.141043 0.417633 -0.060837
v -0.138914 0.417525 -0.061865
v -0.136177 0.417040 -0.061044
v -0.134004 0.416845 -0.061195
v -0.131823 0.416956 -0.062697
v -0.130000 0.416896 -0.063033
v -0.127782 0.416875 -0.063532
v -0.125134 0.416595 -0.062805
v -0.125133 0.416012 -0.060232
v -0.120629 0.418777 -0.061276
v -0.118492 0.418373 -0.059905
v -0.115257 0.417967 -0.058688
v -0.114578 0.416793 -0.054531
v -0.115173 0.415861 -0.050794
v -0.117679 0.415303 -0.047684
v -0.121441 0.415118 -0.045410
v -0.121402 0.414487 -0.042327
v -0.123271 0.413922 -0.038461
v -0.126937 0.413862 -0.036076
v -0.130122 0.414484 -0.037601
v -0.132811 0.414856 -0.037939
v -0.135456 0.414874 -0.036207
v -0.139639 0.415645 -0.037256
v -0.144452 0.417003 -0.040248
v -0.144497 0.417785 -0.044310
v -0.145436 0.418566 -0.047441
v -0.144738 0.419283 -0.051952
v -0.146629 0.420139 -0.054396
v -0.147797 0.420951 -0.057307
v -0.149297 0.422085 -0.061460
v -0.145464 0.421673 -0.064044
v -0.142476 0.421446 -0.065870
v -0.138182 0.420568 -0.064479
v -0.134990 0.420345 -0.065105
v -0.131550 0.420569 -0.067473
v -0.128694 0.420532 -0.067862
v -0.125188 0.420667 -0.068682
v -0.121369 0.420287 -0.067045
v -0.120075 0.419591 -0.064387
v -0.115110 0.419379 -0.065259
v -0.110336 0.419057 -0.063929
v -0.107180 0.418168 -0.061308
v -0.105599 0.416039 -0.055200
v -0.106847 0.414447 -0.049573
v -0.111499 0.413748 -0.045229
v -0.116233 0.413339 -0.041372
v -0.116832 0.412614 -0.037399
v -0.119143 0.411699 -0.031044
v -0.124850 0.411809 -0.028208
v -0.129602 0.412890 -0.031574
v -0.133492 0.413067 -0.030009
v -0.137183 0.413314 -0.028813
v -0.144457 0.414156 -0.027761
v -0.150625 0.416533 -0.034007
v -0.150458 0.417744 -0.040160
v -0.152085 0.419047 -0.044593
v -0.149488 0.419735 -0.051468
v -0.154366 0.421761 -0.054885
v -0.157009 0.423548 -0.059471
v -0.156663 0.424416 -0.064789
v -0.153193 0.424142 -0.069982
v -0.147921 0.423072 -0.072139
v -0.141407 0.421487 -0.069908
v -0.136509 0.420965 -0.070229
v -0.131598 0.421384 -0.074009
v -0.127058 0.421870 -0.076427
v -0.121889 0.422202 -0.076679
v -0.116856 0.421647 -0.073067
v -0.115014 0.420603 -0.069208
v -0.109932 0.415741 -0.069961
v -0.105669 0.414905 -0.067157
v -0.101415 0.413746 -0.064024
v -0.097044 0.410784 -0.056572
v -0.097722 0.408507 -0.048851
v -0.105309 0.407992 -0.043243
v -0.111327 0.407538 -0.037872
v -0.111736 0.406543 -0.032074
v -0.116547 0.406080 -0.026264
v -0.123253 0.405979 -0.021302
v -0.129205 0.406900 -0.023230
v -0.134313 0.407894 -0.025938
v -0.139678 0.407590 -0.020390
v -0.148597 0.408870 -0.021070
v -0.156464 0.411916 -0.029183
v -0.156384 0.413534 -0.036968
v -0.160408 0.415687 -0.041804
v -0.157651 0.416783 -0.051244
v -0.160804 0.418729 -0.055931
v -0.164338 0.421215 -0.061768
v -0.166018 0.423381 -0.069467
v -0.159097 0.421506 -0.074861
v -0.153601 0.420393 -0.078844
v -0.144659 0.417960 -0.075294
v -0.138742 0.417457 -0.076902
v -0.132134 0.417825 -0.081538
v -0.126102 0.418487 -0.084919
v -0.119650 0.418882 -0.084154
v -0.111619 0.419244 -0.081356
v -0.110175 0.417369 -0.074919
v -0.109073 0.408049 -0.072373
v -0.101818 0.407519 -0.070633
v -0.096030 0.406165 -0.067213
v -0.093676 0.402922 -0.058052
v -0.094433 0.400709 -0.049374
v -0.101953 0.400159 -0.042693
v -0.110791 0.400230 -0.037978
v -0.108441 0.398459 -0.028805
v -0.114286 0.397996 -0.022014
v -0.123062 0.398427 -0.019061
v -0.129606 0.399406 -0.021085
v -0.135366 0.400246 -0.022597
v -0.141708 0.399801 -0.015572
v -0.151533 0.401318 -0.017737
v -0.161246 0.404509 -0.026182
v -0.160771 0.406316 -0.035526
v -0.164766 0.408510 -0.041393
v -0.159727 0.409314 -0.052269
v -0.164118 0.411448 -0.057285
v -0.170997 0.415103 -0.064365
v -0.170874 0.416536 -0.072559
v -0.165302 0.415768 -0.080229
v -0.155986 0.413348 -0.081894
v -0.147160 0.411272 -0.079389
v -0.140178 0.410526 -0.080334
v -0.132952 0.411148 -0.087923
v -0.126248 0.411379 -0.089790
v -0.118338 0.411990 -0.090816
v -0.110156 0.411770 -0.085810
v -0.107674 0.410151 -0.079318
v -0.109927 0.390520 -0.075763
v -0.104502 0.389593 -0.072966
v -0.099665 0.388447 -0.069359
v -0.095461 0.386179 -0.060643
v -0.093616 0.384204 -0.051504
v -0.102690 0.384003 -0.044803
v -0.111256 0.384018 -0.039535
v -0.111369 0.382943 -0.032687
v -0.115329 0.381920 -0.023453
v -0.124388 0.382366 -0.020483
v -0.131257 0.383559 -0.023895
v -0.137154 0.384006 -0.023071
v -0.143564 0.383695 -0.017083
v -0.154026 0.384966 -0.018681
v -0.163839 0.387697 -0.027925
v -0.163269 0.389374 -0.037566
v -0.166503 0.391035 -0.044016
v -0.162669 0.392312 -0.054709
v -0.168978 0.394329 -0.060146
v -0.172472 0.396196 -0.067096
v -0.174544 0.398155 -0.076246
v -0.165895 0.397378 -0.082072
v -0.159140 0.396858 -0.086208
v -0.149574 0.395057 -0.083219
v -0.142454 0.394505 -0.084993
v -0.134634 0.394471 -0.089614
v -0.127990 0.394415 -0.092349
v -0.119358 0.394533 -0.095581
v -0.111115 0.393404 -0.089948
v -0.108273 0.392011 -0.083362
v -0.113053 0.372454 -0.077570
v -0.107181 0.371527 -0.075314
v -0.102520 0.370496 -0.071786
v -0.095481 0.368414 -0.063498
v -0.098652 0.367297 -0.054666
v -0.105541 0.366924 -0.047909
v -0.114375 0.367076 -0.043266
v -0.113058 0.365707 -0.035282
v -0.118820 0.365346 -0.029250
v -0.126187 0.365155 -0.023357
v -0.132915 0.366021 -0.025445
v -0.138741 0.366981 -0.028725
v -0.145096 0.366247 -0.021153
v -0.154400 0.367345 -0.024577
v -0.163809 0.369495 -0.032727
v -0.166161 0.371076 -0.039603
v -0.167057 0.372690 -0.047255
v -0.163288 0.374256 -0.057497
v -0.169074 0.375850 -0.062728
v -0.173729 0.377650 -0.069737
v -0.174558 0.379219 -0.078240
v -0.166892 0.379337 -0.084229
v -0.159763 0.379063 -0.087597
v -0.150750 0.377604 -0.084919
v -0.144010 0.377150 -0.086920
v -0.136477 0.377190 -0.092805
v -0.130102 0.376635 -0.093716
v -0.122327 0.376140 -0.095619
v -0.114387 0.374692 -0.090836
v -0.112646 0.373401 -0.083697
v -0.117408 0.357655 -0.077728
v -0.111175 0.356748 -0.076281
v -0.106919 0.355808 -0.073041
v -0.102112 0.354133 -0.065338
v -0.105281 0.353273 -0.057690
v -0.112721 0.353206 -0.052475
v -0.117411 0.352748 -0.046739
v -0.117116 0.351710 -0.040334
v -0.121566 0.351096 -0.033774
v -0.128948 0.351125 -0.030276
v -0.134969 0.351905 -0.033126
v -0.140015 0.352406 -0.034645
v -0.145559 0.351510 -0.028586
v -0.154482 0.351827 -0.030090
v -0.163296 0.353621 -0.037323
v -0.164108 0.355514 -0.044506
v -0.166183 0.357184 -0.050623
v -0.161540 0.359111 -0.060142
v -0.166629 0.360559 -0.064726
v -0.171717 0.362392 -0.071139
v -0.173077 0.364144 -0.079162
v -0.165128 0.364383 -0.084011
v -0.158724 0.364259 -0.086948
v -0.149797 0.362526 -0.083019
v -0.144520 0.362292 -0.085586
v -0.138145 0.362332 -0.091496
v -0.132712 0.361505 -0.090981
v -0.125991 0.360894 -0.093023
v -0.119226 0.359455 -0.088644
v -0.117520 0.358401 -0.082689
v -0.122774 0.347053 -0.076217
v -0.117397 0.346226 -0.075268
v -0.113519 0.345393 -0.072778
v -0.110776 0.344107 -0.066358
v -0.113064 0.343404 -0.060331
v -0.118491 0.343257 -0.056022
v -0.123377 0.343071 -0.052220
v -0.123297 0.342248 -0.047517
v -0.125793 0.341337 -0.041049
v -0.131467 0.340989 -0.037158
v -0.136623 0.341778 -0.040575
v -0.140740 0.341982 -0.041077
v -0.144937 0.341333 -0.037984
v -0.151806 0.341488 -0.039190
v -0.158833 0.342906 -0.044599
v -0.159409 0.344656 -0.050291
v -0.160034 0.346235 -0.055507
v -0.158180 0.348085 -0.062405
v -0.162305 0.349379 -0.066123
v -0.164590 0.350807 -0.070835
v -0.166889 0.352670 -0.077492
v -0.161489 0.353265 -0.082061
v -0.155881 0.353080 -0.084092
v -0.149205 0.351755 -0.081812
v -0.144115 0.351076 -0.082022
v -0.139286 0.351211 -0.087274
v -0.135018 0.350396 -0.086489
v -0.130029 0.349716 -0.087332
v -0.123542 0.348556 -0.085957
v -0.122223 0.347660 -0.080814
v -0.126857 0.340544 -0.074745
v -0.123309 0.339864 -0.073624
v -0.121954 0.339291 -0.071202
v -0.118194 0.338114 -0.066858
v -0.119156 0.337438 -0.062173
v -0.124228 0.337434 -0.059116
v -0.127852 0.337236 -0.056251
v -0.127296 0.336398 -0.052175
v -0.130097 0.335893 -0.048606
v -0.134254 0.335568 -0.046032
v -0.137766 0.335867 -0.046904
v -0.140922 0.336147 -0.047786
v -0.144168 0.335500 -0.045154
v -0.148961 0.335934 -0.046967
v -0.154385 0.337027 -0.050710
v -0.154606 0.338478 -0.055155
v -0.155867 0.339653 -0.058700
v -0.154657 0.341244 -0.064009
v -0.156677 0.342231 -0.066846
v -0.158950 0.343470 -0.070437
v -0.160295 0.344974 -0.075258
v -0.155851 0.345341 -0.078262
v -0.152013 0.345282 -0.079926
v -0.147070 0.344195 -0.078148
v -0.143376 0.343694 -0.078317
v -0.139849 0.343899 -0.082270
v -0.136658 0.343309 -0.082013
v -0.132550 0.342862 -0.083662
v -0.127932 0.341806 -0.081763
v -0.127088 0.341059 -0.077715
v -0.132482 0.337336 -0.071378
v -0.130966 0.336944 -0.070451
v -0.129490 0.336534 -0.069359
v -0.127797 0.335814 -0.066740
v -0.128359 0.335363 -0.064092
v -0.131096 0.335304 -0.062336
v -0.132597 0.335006 -0.060262
v -0.132777 0.334592 -0.058309
v -0.134482 0.334302 -0.056428
v -0.136790 0.334076 -0.054823
v -0.138883 0.334543 -0.056222
v -0.140613 0.334514 -0.055738
v -0.142508 0.334158 -0.054102
v -0.145416 0.334485 -0.054933
v -0.147805 0.335486 -0.058029
v -0.148304 0.336167 -0.060212
v -0.148668 0.336838 -0.062379
v -0.148300 0.337652 -0.065239
v -0.149222 0.338186 -0.066819
v -0.151427 0.339027 -0.069040
v -0.151905 0.339860 -0.071754
v -0.149242 0.340025 -0.073395
v -0.147070 0.340016 -0.074381
v -0.144355 0.339465 -0.073596
v -0.142035 0.339096 -0.073362
v -0.139960 0.339191 -0.075095
v -0.138036 0.339110 -0.076096
v -0.135731 0.338823 -0.076473
v -0.133501 0.338154 -0.074808
v -0.132976 0.337673 -0.072730
v -0.139943 0.337083 -0.065886
v -0.139980 0.337090 -0.065896
v -0.140004 0.337097 -0.065918
v -0.140025 0.337112 -0.065967
v -0.140020 0.337123 -0.066014
v -0.139978 0.337127 -0.066049
v -0.139944 0.337132 -0.066083
v -0.139945 0.337141 -0.066123
v -0.139916 0.337148 -0.066161
v -0.139872 0.337150 -0.066189
v -0.139833 0.337141 -0.066171
v -0.139801 0.337137 -0.066170
v -0.139771 0.337137 -0.066180
v -0.139714 0.337131 -0.066182
v -0.139665 0.337113 -0.066131
v -0.139662 0.337102 -0.066084
v -0.139652 0.337091 -0.066046
v -0.139656 0.337079 -0.065994
v -0.139643 0.337070 -0.065964
v -0.139610 0.337058 -0.065926
v -0.139598 0.337044 -0.065877
v -0.139646 0.337043 -0.065848
v -0.139683 0.337042 -0.065828
v -0.139736 0.337052 -0.065849
v -0.139773 0.337054 -0.065840
v -0.139813 0.337051 -0.065812
v -0.139850 0.337050 -0.065791
v -0.139889 0.337055 -0.065795
v -0.139934 0.337065 -0.065815
v -0.139951 0.337074 -0.065846
v -0.005734 0.091823 -0.010535
v -0.011649 0.092840 -0.010743
v -0.015188 0.095229 -0.006522
v -0.013688 0.097192 -0.001049
v -0.008277 0.097250 0.001555
v -0.003030 0.095360 -0.000672
v -0.001898 0.092945 -0.006052
v -0.000062 0.122801 -0.023015
v -0.005814 0.123705 -0.023186
v -0.009282 0.125831 -0.019016
v -0.007854 0.127578 -0.013645
v -0.002606 0.127630 -0.011118
v 0.002511 0.125948 -0.013337
v 0.003643 0.123799 -0.018632
v 0.005248 0.154711 -0.034554
v -0.000324 0.155606 -0.034761
v -0.003799 0.157159 -0.030588
v -0.002559 0.158201 -0.025178
v 0.002462 0.157948 -0.022604
v 0.007482 0.156589 -0.024805
v 0.008722 0.155149 -0.030123
v 0.010049 0.178659 -0.036400
v 0.004622 0.179629 -0.036688
v 0.001072 0.180584 -0.032569
v 0.002073 0.180804 -0.027144
v 0.006871 0.180123 -0.024498
v 0.011852 0.179055 -0.026624
v 0.013267 0.178403 -0.031921
v 0.014239 0.201990 -0.038000
v 0.008923 0.202846 -0.038274
v 0.005441 0.203687 -0.034245
v 0.006415 0.203881 -0.028945
v 0.011112 0.203281 -0.026367
v 0.015995 0.202339 -0.028451
v 0.017386 0.201765 -0.033628
v 0.017862 0.224584 -0.039328
v 0.012743 0.225742 -0.039645
v 0.009465 0.227192 -0.035797
v 0.010497 0.227842 -0.030682
v 0.015062 0.227202 -0.028152
v 0.019722 0.225755 -0.030111
v 0.020968 0.224590 -0.035085
v 0.028168 0.258829 -0.048047
v 0.023270 0.259979 -0.048352
v 0.020170 0.261525 -0.044690
v 0.021203 0.262303 -0.039817
v 0.025592 0.261728 -0.037405
v 0.030031 0.260232 -0.039268
v 0.031177 0.258942 -0.044004
v 0.036875 0.294636 -0.055402
v 0.032088 0.295143 -0.055579
v 0.029032 0.296081 -0.051977
v 0.030008 0.296743 -0.047307
v 0.034281 0.296631 -0.045086
v 0.038633 0.295829 -0.046987
v 0.039787 0.294941 -0.051578
v 0.035742 0.313844 -0.058256
v 0.031049 0.313596 -0.058309
v 0.028055 0.313938 -0.054701
v 0.029016 0.314612 -0.050149
v 0.033207 0.315112 -0.048081
v 0.037473 0.315060 -0.050054
v 0.038602 0.314496 -0.054582
v 0.034718 0.332635 -0.060716
v 0.030139 0.332420 -0.060772
v 0.027221 0.332715 -0.057249
v 0.028161 0.333298 -0.052800
v 0.032251 0.333730 -0.050775
v 0.036412 0.333685 -0.052700
v 0.037510 0.333198 -0.057124
v 0.033803 0.351460 -0.062883
v 0.029339 0.351276 -0.062940
v 0.026496 0.351530 -0.059502
v 0.027415 0.352031 -0.055158
v 0.031404 0.352402 -0.053179
v 0.035459 0.352363 -0.055055
v 0.036527 0.351944 -0.059374
v 0.032991 0.370314 -0.064779
v 0.028640 0.370156 -0.064837
v 0.025871 0.370373 -0.061485
v 0.026769 0.370802 -0.057246
v 0.030657 0.371119 -0.055314
v 0.034608 0.371086 -0.057142
v 0.035646 0.370728 -0.061354
v 0.025702 0.386193 -0.064026
v 0.025630 0.386592 -0.059691
v 0.028986 0.386978 -0.056944
v 0.033243 0.387060 -0.057854
v 0.035195 0.386776 -0.061735
v 0.033373 0.386340 -0.065665
v 0.029148 0.386081 -0.066684
v 0.025702 0.386193 -0.064026
v 0.025630 0.386592 -0.059691
v 0.028986 0.386978 -0.056944
v 0.033243 0.387060 -0.057854
v 0.035195 0.386776 -0.061735
v 0.033373 0.386340 -0.065665
v 0.029148 0.386081 -0.066684
v 0.025528 0.396393 -0.064889
v 0.025460 0.396741 -0.060728
v 0.028680 0.397078 -0.058090
v 0.032764 0.397151 -0.058962
v 0.034636 0.396904 -0.062687
v 0.032887 0.396524 -0.066460
v 0.028833 0.396297 -0.067440
v 0.025303 0.406613 -0.065647
v 0.025239 0.406919 -0.061660
v 0.028324 0.407201 -0.059131
v 0.032235 0.407247 -0.059964
v 0.034027 0.407021 -0.063532
v 0.032350 0.406695 -0.067148
v 0.028468 0.406513 -0.068089
v 0.025304 0.417209 -0.066403
v 0.025236 0.417582 -0.062607
v 0.028163 0.417559 -0.060162
v 0.031882 0.417158 -0.060909
v 0.033592 0.416681 -0.064285
v 0.032006 0.416486 -0.067748
v 0.028317 0.416721 -0.068691
v 0.027359 0.425656 -0.067446
v 0.027257 0.426104 -0.063820
v 0.029993 0.425826 -0.061413
v 0.033505 0.425030 -0.062036
v 0.035149 0.424317 -0.065221
v 0.033687 0.424223 -0.068569
v 0.030220 0.424819 -0.069560
v 0.029186 0.433716 -0.068308
v 0.029083 0.434110 -0.064842
v 0.031698 0.433865 -0.062546
v 0.035064 0.433166 -0.063148
v 0.036645 0.432539 -0.066195
v 0.035251 0.432457 -0.069393
v 0.031931 0.432980 -0.070333
v 0.030884 0.441816 -0.069094
v 0.030780 0.442160 -0.065791
v 0.033274 0.441946 -0.063606
v 0.036488 0.441336 -0.064184
v 0.038002 0.440788 -0.067090
v 0.036676 0.440716 -0.070136
v 0.033508 0.441173 -0.071027
v 0.032456 0.449952 -0.069808
v 0.032352 0.450251 -0.066667
v 0.034724 0.450065 -0.064593
v 0.037785 0.449535 -0.065147
v 0.039231 0.449059 -0.067912
v 0.037973 0.448996 -0.070806
v 0.034958 0.449394 -0.071650
v 0.036481 0.466224 -0.066368
v 0.039611 0.465839 -0.066222
v 0.041611 0.465087 -0.068544
v 0.040977 0.464534 -0.071587
v 0.038185 0.464597 -0.073058
v 0.035338 0.465228 -0.071850
v 0.034580 0.465952 -0.068872
v 0.036481 0.466224 -0.066368
v 0.039611 0.465839 -0.066222
v 0.041611 0.465087 -0.068544
v 0.040977 0.464534 -0.071587
v 0.038185 0.464597 -0.073058
v 0.035338 0.465228 -0.071850
v 0.034580 0.465952 -0.068872
v 0.042938 0.506340 -0.070290
v 0.045775 0.505917 -0.070141
v 0.047575 0.505093 -0.072222
v 0.046982 0.504487 -0.074966
v 0.044443 0.504556 -0.076307
v 0.041870 0.505248 -0.075235
v 0.041200 0.506042 -0.072557
v 0.047507 0.539485 -0.083868
v 0.050123 0.539371 -0.083782
v 0.051795 0.538758 -0.085703
v 0.051264 0.538106 -0.088185
v 0.048930 0.537908 -0.089358
v 0.046550 0.538311 -0.088339
v 0.045917 0.539013 -0.085896
v 0.046742 0.571594 -0.089375
v 0.049058 0.571424 -0.089289
v 0.050550 0.571060 -0.091034
v 0.050094 0.570777 -0.093295
v 0.048034 0.570787 -0.094370
v 0.045921 0.571084 -0.093449
v 0.045346 0.571443 -0.091226
v 0.053279 0.601307 -0.094197
v 0.055212 0.601124 -0.094118
v 0.056450 0.600717 -0.095559
v 0.056061 0.600392 -0.097435
v 0.054338 0.600394 -0.098333
v 0.052578 0.600721 -0.097577
v 0.052107 0.601128 -0.095736
v 0.053814 0.628969 -0.102814
v 0.055311 0.628977 -0.102771
v 0.056278 0.628832 -0.103904
v 0.055988 0.628641 -0.105361
v 0.054659 0.628550 -0.106044
v 0.053291 0.628626 -0.105439
v 0.052916 0.628813 -0.104001
v 0.053627 0.656705 -0.103317
v 0.054663 0.656613 -0.103287
v 0.055328 0.656497 -0.104079
v 0.055121 0.656445 -0.105098
v 0.054198 0.656496 -0.105576
v 0.053254 0.656610 -0.105153
v 0.053000 0.656704 -0.104148
v 0.059374 0.682467 -0.108085
v 0.028626 0.416781 -0.067413
v 0.027959 0.414677 -0.065903
v 0.028237 0.414365 -0.063262
v 0.029252 0.416079 -0.061478
v 0.030238 0.418530 -0.061895
v 0.030454 0.419871 -0.064199
v 0.029736 0.419093 -0.066654
v 0.025258 0.418230 -0.066866
v 0.025191 0.415982 -0.065451
v 0.025557 0.415657 -0.062839
v 0.026082 0.417500 -0.060997
v 0.026368 0.420123 -0.061313
v 0.026202 0.421551 -0.063548
v 0.025708 0.420708 -0.066020
v 0.021606 0.418701 -0.066268
v 0.022151 0.416486 -0.064951
v 0.022601 0.416175 -0.062374
v 0.022618 0.418003 -0.060477
v 0.022188 0.420594 -0.060689
v 0.021636 0.421996 -0.062850
v 0.021377 0.421154 -0.065333
v 0.017935 0.418142 -0.065668
v 0.019017 0.416106 -0.064439
v 0.019536 0.415829 -0.061893
v 0.019101 0.417518 -0.059948
v 0.018040 0.419903 -0.060068
v 0.017151 0.421187 -0.062163
v 0.017105 0.420403 -0.064656
v 0.014492 0.416638 -0.065115
v 0.015996 0.414863 -0.063952
v 0.016567 0.414627 -0.061425
v 0.015775 0.416106 -0.059439
v 0.014216 0.418188 -0.059487
v 0.013064 0.419303 -0.061535
v 0.013187 0.418613 -0.064040
v 0.011439 0.414362 -0.064644
v 0.013257 0.412868 -0.063522
v 0.013867 0.412673 -0.060995
v 0.012809 0.413922 -0.058967
v 0.010881 0.415676 -0.058964
v 0.009534 0.416613 -0.060989
v 0.009782 0.416028 -0.063517
v 0.008857 0.411523 -0.064276
v 0.010909 0.410287 -0.063171
v 0.011551 0.410128 -0.060618
v 0.010300 0.411163 -0.058539
v 0.008098 0.412614 -0.058501
v 0.006603 0.413388 -0.060531
v 0.006941 0.412903 -0.063102
v 0.006780 0.408364 -0.064014
v 0.009013 0.407348 -0.062906
v 0.009684 0.407218 -0.060302
v 0.008289 0.408071 -0.058165
v 0.005877 0.409265 -0.058102
v 0.004266 0.409901 -0.060162
v 0.004668 0.409500 -0.062793
v 0.005136 0.405034 -0.063835
v 0.007514 0.404200 -0.062712
v 0.008213 0.404094 -0.060044
v 0.006705 0.404795 -0.057842
v 0.004127 0.405775 -0.057763
v 0.002420 0.406297 -0.059867
v 0.002869 0.405967 -0.062569
v 0.003842 0.401624 -0.063719
v 0.006341 0.400940 -0.062573
v 0.007065 0.400852 -0.059835
v 0.005468 0.401428 -0.057567
v 0.002753 0.402232 -0.057476
v 0.000965 0.402660 -0.059631
v 0.001449 0.402389 -0.062409
v 0.002826 0.398187 -0.063644
v 0.005427 0.397627 -0.062474
v 0.006173 0.397555 -0.059667
v 0.004503 0.398027 -0.057336
v 0.001675 0.398686 -0.057236
v -0.000182 0.399036 -0.059443
v 0.000330 0.398814 -0.062295
v 0.002029 0.394757 -0.063595
v 0.004711 0.394299 -0.062403
v 0.005477 0.394241 -0.059532
v 0.003750 0.394626 -0.057146
v 0.000830 0.395166 -0.057040
v -0.001084 0.395452 -0.059295
v -0.000550 0.395270 -0.062212
v 0.002206 0.396925 -0.065677
v 0.004395 0.396543 -0.067370
v 0.007278 0.395759 -0.064929
v 0.009115 0.395279 -0.062628
v 0.009529 0.395141 -0.058353
v 0.007894 0.395503 -0.056876
v 0.007813 0.395553 -0.054710
v 0.004229 0.396441 -0.053136
v 0.001413 0.397152 -0.053074
v -0.001424 0.397847 -0.053826
v -0.003004 0.398087 -0.056545
v -0.004490 0.398338 -0.059179
v -0.004867 0.398374 -0.062033
v -0.003021 0.397976 -0.063322
v 0.000114 0.397479 -0.067143
v 0.002206 0.396925 -0.065677
v 0.004395 0.396543 -0.067370
v 0.007278 0.395759 -0.064929
v 0.009115 0.395279 -0.062628
v 0.009529 0.395141 -0.058353
v 0.007894 0.395503 -0.056876
v 0.007813 0.395553 -0.054710
v 0.004229 0.396441 -0.053136
v 0.001413 0.397152 -0.053074
v -0.001424 0.397847 -0.053826
v -0.003004 0.398087 -0.056545
v -0.004490 0.398338 -0.059179
v -0.004867 0.398374 -0.062033
v -0.003021 0.397976 -0.063322
v 0.000114 0.397479 -0.067143
v 0.002381 0.398981 -0.068911
v 0.005711 0.398425 -0.071041
v 0.010507 0.396962 -0.067849
v 0.012597 0.396309 -0.063826
v 0.013461 0.396050 -0.057431
v 0.011771 0.396431 -0.054709
v 0.011293 0.396601 -0.051465
v 0.005357 0.398135 -0.049894
v 0.001269 0.399291 -0.049859
v -0.002882 0.400446 -0.050886
v -0.006016 0.400980 -0.054342
v -0.007866 0.401077 -0.058676
v -0.008674 0.401075 -0.063102
v -0.005988 0.400518 -0.065224
v -0.001008 0.400082 -0.071558
v 0.002156 0.399273 -0.073329
v 0.007387 0.398541 -0.077245
v 0.014269 0.395906 -0.071664
v 0.017584 0.394909 -0.065705
v 0.018397 0.394712 -0.056132
v 0.015579 0.395321 -0.052338
v 0.015779 0.395383 -0.046781
v 0.006825 0.397842 -0.043807
v 0.000420 0.399965 -0.044026
v -0.005822 0.401997 -0.045973
v -0.010894 0.402787 -0.051083
v -0.013384 0.402321 -0.057896
v -0.014999 0.402031 -0.064677
v -0.010765 0.401224 -0.067899
v -0.002776 0.401151 -0.076923
v 0.001398 0.396572 -0.077364
v 0.008147 0.395499 -0.082144
v 0.016989 0.392027 -0.074956
v 0.022732 0.390631 -0.067805
v 0.023148 0.390650 -0.054726
v 0.019386 0.391421 -0.049635
v 0.019456 0.391507 -0.042385
v 0.007641 0.394662 -0.038160
v -0.000990 0.397878 -0.037861
v -0.009378 0.400829 -0.040891
v -0.014945 0.400983 -0.048737
v -0.018150 0.400180 -0.057270
v -0.019809 0.399478 -0.065690
v -0.015562 0.398687 -0.070195
v -0.004733 0.398786 -0.080939
v 0.000287 0.391522 -0.080076
v 0.007697 0.390068 -0.084157
v 0.018850 0.386449 -0.077709
v 0.022842 0.385607 -0.068128
v 0.024648 0.385398 -0.054059
v 0.021127 0.386115 -0.047980
v 0.019857 0.386438 -0.041004
v 0.007020 0.389540 -0.036784
v -0.002296 0.392680 -0.035700
v -0.012111 0.396068 -0.038014
v -0.019171 0.396726 -0.046545
v -0.023007 0.395894 -0.056678
v -0.024281 0.394922 -0.066546
v -0.017715 0.393737 -0.070786
v -0.007273 0.394201 -0.085296
v -0.002011 0.379390 -0.080798
v 0.005898 0.377892 -0.085784
v 0.017841 0.375097 -0.078651
v 0.023110 0.374161 -0.068867
v 0.023622 0.374217 -0.053688
v 0.019102 0.375086 -0.047850
v 0.018630 0.375219 -0.040025
v 0.005365 0.377915 -0.034520
v -0.004694 0.380364 -0.034448
v -0.014846 0.382872 -0.037259
v -0.021258 0.383707 -0.046581
v -0.024606 0.383732 -0.056655
v -0.026510 0.383598 -0.066463
v -0.020882 0.382499 -0.071255
v -0.010018 0.381294 -0.086089
v -0.004260 0.366912 -0.079783
v 0.003609 0.365407 -0.085743
v 0.014397 0.363370 -0.077290
v 0.018867 0.362618 -0.067988
v 0.020383 0.362448 -0.053833
v 0.016027 0.363163 -0.048218
v 0.015644 0.363098 -0.040589
v 0.002387 0.365355 -0.036860
v -0.006889 0.367346 -0.034884
v -0.016480 0.369578 -0.038143
v -0.022197 0.370747 -0.047344
v -0.027590 0.371725 -0.056444
v -0.027260 0.371449 -0.065913
v -0.023055 0.370525 -0.071042
v -0.011845 0.368312 -0.084439
v -0.005979 0.356705 -0.076865
v 0.000628 0.355382 -0.081290
v 0.009453 0.353818 -0.074103
v 0.015635 0.352717 -0.067380
v 0.016834 0.352477 -0.054154
v 0.011024 0.353232 -0.049949
v 0.012100 0.352534 -0.042039
v 0.000092 0.354167 -0.037700
v -0.008393 0.356308 -0.037853
v -0.016474 0.358624 -0.041088
v -0.021900 0.360239 -0.048676
v -0.026291 0.361351 -0.056801
v -0.026989 0.361345 -0.065179
v -0.021294 0.360028 -0.068796
v -0.012549 0.357818 -0.080789
v -0.007182 0.349394 -0.073883
v -0.001849 0.348251 -0.076804
v 0.005484 0.346904 -0.071414
v 0.009555 0.346111 -0.065559
v 0.011100 0.345528 -0.055182
v 0.007217 0.345863 -0.051339
v 0.007030 0.345177 -0.045687
v -0.002533 0.346649 -0.042800
v -0.009061 0.348519 -0.043143
v -0.015803 0.350680 -0.044540
v -0.020865 0.352604 -0.050255
v -0.022163 0.353264 -0.057522
v -0.024068 0.353632 -0.063996
v -0.020117 0.352545 -0.067210
v -0.012358 0.350313 -0.076240
v -0.007800 0.344949 -0.069662
v -0.003629 0.343929 -0.073165
v 0.002283 0.342744 -0.069022
v 0.004729 0.342167 -0.064052
v 0.005448 0.341589 -0.056382
v 0.002670 0.341841 -0.053583
v 0.002458 0.341267 -0.049543
v -0.004299 0.342335 -0.046682
v -0.009361 0.343935 -0.047174
v -0.014454 0.345729 -0.048318
v -0.017591 0.347257 -0.053022
v -0.020324 0.348349 -0.057897
v -0.020283 0.348335 -0.062840
v -0.017666 0.347545 -0.065362
v -0.011797 0.345722 -0.072272
v -0.007996 0.342724 -0.065451
v -0.005640 0.342127 -0.067233
v -0.002273 0.341306 -0.064937
v -0.000946 0.340896 -0.062120
v -0.000328 0.340442 -0.057775
v -0.001789 0.340616 -0.056078
v -0.002330 0.340502 -0.054140
v -0.005967 0.341196 -0.052247
v -0.008932 0.342104 -0.052453
v -0.011659 0.343093 -0.053539
v -0.013778 0.343993 -0.055811
v -0.014617 0.344445 -0.058747
v -0.015562 0.344798 -0.061615
v -0.013577 0.344233 -0.062938
v -0.010302 0.343288 -0.067033
v -0.007663 0.342505 -0.059577
v -0.007707 0.342515 -0.059543
v -0.007761 0.342533 -0.059594
v -0.007789 0.342543 -0.059640
v -0.007807 0.342553 -0.059719
v -0.007771 0.342544 -0.059745
v -0.007777 0.342549 -0.059794
v -0.007699 0.342528 -0.059809
v -0.007647 0.342514 -0.059812
v -0.007595 0.342499 -0.059797
v -0.007555 0.342486 -0.059756
v -0.007533 0.342477 -0.059702
v -0.007526 0.342471 -0.059648
v -0.007561 0.342479 -0.059623
v -0.007621 0.342491 -0.059545
vn -0.9808 -0.1154 -0.1574
vn -0.9945 -0.1050 -0.0005
vn -0.7346 -0.1154 0.6686
vn -0.6192 -0.1053 -0.7781
vn -0.6195 -0.1070 0.7777
vn 0.0648 -0.1154 0.9912
vn 0.2223 -0.1132 0.9684
vn 0.8153 -0.1154 0.5674
vn 0.8948 -0.1159 0.4311
vn 0.9519 -0.1154 -0.2837
vn 0.8966 -0.1108 -0.4288
vn 0.3717 -0.1154 -0.9211
vn 0.2233 -0.1061 -0.9690
vn -0.4884 -0.1154 -0.8650
vn -0.9866 -0.1632 0.0069
vn -0.6076 -0.1889 -0.7714
vn -0.6200 -0.0751 0.7810
vn 0.2164 0.0124 0.9762
vn 0.8986 0.0352 0.4374
vn 0.9041 -0.0284 -0.4263
vn 0.2355 -0.1294 -0.9632
vn -0.9814 -0.1918 0.0029
vn -0.5858 -0.2765 -0.7618
vn -0.6305 -0.0026 0.7762
vn 0.2005 0.1558 0.9672
vn 0.8850 0.1633 0.4360
vn 0.9075 0.0103 -0.4200
vn 0.2509 -0.1881 -0.9496
vn -0.9859 -0.1671 -0.0043
vn -0.6056 -0.1500 -0.7815
vn -0.6226 -0.0867 0.7777
vn 0.2151 0.0379 0.9759
vn 0.8922 0.1098 0.4381
vn 0.9027 0.0697 -0.4247
vn 0.2378 -0.0478 -0.9701
vn -0.9967 -0.0815 -0.0033
vn -0.6192 -0.0581 -0.7831
vn -0.6206 -0.0525 0.7824
vn 0.2234 0.0018 0.9747
vn 0.8986 0.0460 0.4363
vn 0.9000 0.0487 -0.4331
vn 0.2219 0.0020 -0.9751
vn -0.9989 0.0460 -0.0005
vn -0.6251 -0.0097 -0.7805
vn -0.6230 0.0599 0.7799
vn 0.2245 0.0219 0.9742
vn 0.9008 -0.0364 0.4328
vn 0.8988 -0.0751 -0.4320
vn 0.2214 -0.0647 -0.9730
vn -0.9967 -0.0809 0.0045
vn -0.6185 -0.1059 -0.7786
vn -0.6216 -0.0071 0.7833
vn 0.2183 0.0671 0.9736
vn 0.8976 0.0903 0.4314
vn 0.8983 0.0337 -0.4381
vn 0.2243 -0.0576 -0.9728
vn -0.9820 -0.1889 -0.0042
vn -0.5926 -0.2094 -0.7778
vn -0.6313 -0.0320 0.7749
vn 0.1949 0.1530 0.9688
vn 0.8736 0.2199 0.4341
vn 0.8974 0.1111 -0.4270
vn 0.2434 -0.0804 -0.9666
vn -0.9820 -0.1887 -0.0078
vn -0.5885 -0.2107 -0.7805
vn -0.6336 -0.0379 0.7727
vn 0.1930 0.1322 0.9723
vn 0.8771 0.1914 0.4406
vn 0.9014 0.0973 -0.4219
vn 0.2487 -0.0821 -0.9651
vn -0.9831 -0.1829 -0.0085
vn -0.5898 -0.2041 -0.7814
vn -0.6333 -0.0404 0.7728
vn 0.1949 0.1208 0.9734
vn 0.8794 0.1769 0.4421
vn 0.9027 0.0879 -0.4211
vn 0.2485 -0.0820 -0.9652
vn -0.9830 -0.1836 0.0004
vn -0.5952 -0.1899 -0.7808
vn -0.6351 -0.0453 0.7711
vn 0.1911 0.1196 0.9743
vn 0.8870 0.1618 0.4324
vn 0.9043 0.0643 -0.4219
vn 0.2569 -0.0790 -0.9632
vn -0.9723 -0.1717 0.1587
vn -0.7260 -0.1998 -0.6580
vn -0.5193 -0.0090 0.8545
vn 0.3639 0.1372 0.9213
vn 0.9545 0.1274 0.2695
vn 0.8368 0.0360 -0.5464
vn 0.0992 -0.0897 -0.9910
vn -0.8327 -0.5383 -0.1295
vn -0.8264 -0.5625 0.0271
vn -0.6442 -0.3285 0.6908
vn -0.5316 -0.3673 -0.7632
vn -0.4993 -0.3380 0.7978
vn 0.0318 0.1249 0.9917
vn 0.2087 0.1378 0.9682
vn 0.6861 0.4813 0.5455
vn 0.7599 0.5057 0.4083
vn 0.8251 0.4718 -0.3108
vn 0.7415 0.4913 -0.4570
vn 0.3464 0.1027 -0.9324
vn 0.1667 0.1029 -0.9806
vn -0.3921 -0.3461 -0.8523
vn -0.8133 -0.5815 0.0205
vn -0.5472 -0.3342 -0.7674
vn -0.4691 -0.3949 0.7900
vn 0.2337 0.0848 0.9686
vn 0.7631 0.4969 0.4132
vn 0.7180 0.5309 -0.4501
vn 0.1370 0.1635 -0.9770
vn -0.9164 -0.3992 0.0301
vn -0.6038 -0.2240 -0.7650
vn -0.5320 -0.2750 0.8008
vn 0.2498 0.0484 0.9671
vn 0.8503 0.3321 0.4082
vn 0.8090 0.3616 -0.4634
vn 0.1607 0.1139 -0.9804
vn -0.9744 -0.2211 0.0409
vn -0.6516 -0.0934 -0.7528
vn -0.5621 -0.1881 0.8054
vn 0.2751 -0.0173 0.9613
vn 0.9044 0.1626 0.3946
vn 0.8557 0.2157 -0.4704
vn 0.1619 0.0998 -0.9817
vn -0.9680 -0.2472 0.0442
vn -0.6318 -0.1861 -0.7525
vn -0.5772 -0.1273 0.8066
vn 0.2515 0.0835 0.9642
vn 0.8911 0.2268 0.3930
vn 0.8603 0.1947 -0.4712
vn 0.1843 0.0104 -0.9828
vn -0.9724 -0.2300 0.0402
vn -0.6342 -0.1648 -0.7554
vn -0.5813 -0.1262 0.8038
vn 0.2510 0.0682 0.9656
vn 0.8947 0.2059 0.3964
vn 0.8646 0.1849 -0.4673
vn 0.1866 0.0209 -0.9822
vn -0.9777 -0.2082 0.0286
vn -0.6444 -0.0646 -0.7620
vn -0.5746 -0.1988 0.7939
vn 0.2608 -0.0445 0.9644
vn 0.9032 0.1385 0.4062
vn 0.8632 0.2128 -0.4578
vn 0.1765 0.1232 -0.9766
vn -0.9982 -0.0516 0.0310
vn -0.6471 -0.0327 -0.7617
vn -0.5936 -0.0351 0.8040
vn 0.2563 0.0023 0.9666
vn 0.9132 0.0337 0.4062
vn 0.8849 0.0361 -0.4644
vn 0.1865 0.0062 -0.9824
vn -0.9955 0.0874 0.0363
vn -0.6518 0.0300 -0.7578
vn -0.5910 0.0732 0.8033
vn 0.2598 -0.0012 0.9657
vn 0.9132 -0.0787 0.3998
vn 0.8797 -0.1009 -0.4647
vn 0.1837 -0.0519 -0.9816
vn -0.9968 0.0702 0.0379
vn -0.6523 0.0236 -0.7576
vn -0.5903 0.0579 0.8051
vn 0.2599 -0.0021 0.9656
vn 0.9144 -0.0672 0.3993
vn 0.8803 -0.0860 -0.4666
vn 0.1832 -0.0437 -0.9821
vn -0.9537 0.0356 0.2986
vn -0.8286 0.0074 -0.5597
vn -0.3628 0.0127 0.9318
vn 0.4988 -0.0436 0.8656
vn 0.9846 -0.0906 0.1493
vn 0.7276 -0.0937 -0.6796
vn -0.0798 -0.0504 -0.9955
vn -0.3275 0.0984 0.9397
vn -0.9372 0.1226 0.3266
vn 0.5255 0.0438 0.8496
vn 0.9918 0.0034 0.1277
vn 0.7190 0.0031 -0.6950
vn -0.0975 0.0461 -0.9942
vn -0.8376 0.0986 -0.5373
vn -0.1247 0.0186 0.9920
vn 0.0213 -0.0582 0.9981
vn 0.6959 -0.0328 0.7173
vn -0.7619 0.0595 0.6450
vn 0.7889 -0.1370 0.5990
vn 0.9931 -0.0658 -0.0971
vn 0.9605 -0.1190 -0.2514
vn 0.5409 -0.0552 -0.8393
vn 0.4096 -0.0167 -0.9121
vn -0.3183 -0.0085 -0.9480
vn -0.4511 0.0939 -0.8875
vn -0.9379 0.0384 -0.3447
vn -0.9728 0.1275 -0.1933
vn -0.8531 0.0503 0.5193
vn 0.0055 -0.1376 0.9905
vn -0.7686 0.0330 0.6389
vn 0.7735 -0.2139 0.5966
vn 0.9600 -0.1316 -0.2470
vn 0.4215 0.0409 -0.9059
vn -0.4345 0.1791 -0.8827
vn -0.9648 0.1759 -0.1954
vn 0.0058 -0.1211 0.9926
vn -0.7716 0.0230 0.6357
vn 0.7779 -0.1817 0.6016
vn 0.9636 -0.1114 -0.2430
vn 0.4228 0.0352 -0.9055
vn -0.4373 0.1500 -0.8867
vn -0.9689 0.1448 -0.2008
vn 0.0094 -0.0987 0.9951
vn -0.7715 0.0193 0.6359
vn 0.7819 -0.1484 0.6055
vn 0.9663 -0.0922 -0.2404
vn 0.4210 0.0244 -0.9067
vn -0.4412 0.1167 -0.8898
vn -0.9723 0.1153 -0.2034
vn 0.0231 0.0460 0.9987
vn -0.7663 0.0953 0.6353
vn 0.7938 -0.0451 0.6065
vn 0.9650 -0.1097 -0.2383
vn 0.4112 -0.0982 -0.9062
vn -0.4561 -0.0196 -0.8897
vn -0.9770 0.0663 -0.2028
vn 0.0322 0.1555 0.9873
vn -0.7568 0.1819 0.6278
vn 0.7965 0.0047 0.6046
vn 0.9600 -0.1556 -0.2329
vn 0.4005 -0.2047 -0.8932
vn -0.4606 -0.1055 -0.8813
vn -0.9769 0.0653 -0.2036
vn 0.2879 0.0848 0.9539
vn -0.5672 0.1388 0.8118
vn 0.9231 -0.0527 0.3809
vn 0.8637 -0.1692 -0.4747
vn 0.1537 -0.1774 -0.9721
vn -0.6746 -0.0712 -0.7347
vn -0.9958 0.0691 0.0595
vn 0.9393 0.0127 0.3427
vn 0.3209 0.1380 0.9370
vn 0.8582 -0.0868 -0.5059
vn 0.1432 -0.0942 -0.9852
vn -0.6816 0.0053 -0.7317
vn -0.9885 0.1315 0.0743
vn -0.5410 0.1902 0.8193
vn 0.9871 -0.0720 0.1430
vn 0.9872 -0.1598 0.0001
vn 0.7199 -0.1530 -0.6770
vn 0.6398 0.0484 0.7670
vn 0.5907 -0.2555 -0.7654
vn -0.0890 -0.1278 -0.9878
vn -0.2523 -0.1675 -0.9530
vn -0.8340 -0.0139 -0.5517
vn -0.9061 0.0384 -0.4214
vn -0.9484 0.1026 0.3001
vn -0.8793 0.2075 0.4286
vn -0.3533 0.1336 0.9259
vn -0.1914 0.2122 0.9583
vn 0.5089 0.0558 0.8590
vn 0.9934 -0.1148 -0.0026
vn 0.6395 0.0921 0.7632
vn 0.5951 -0.2446 -0.7655
vn -0.2496 -0.1999 -0.9475
vn -0.9086 -0.0138 -0.4174
vn -0.8846 0.1744 0.4324
vn -0.1934 0.2201 0.9561
vn 0.9977 -0.0646 -0.0185
vn 0.6421 0.0479 0.7651
vn 0.6040 -0.1419 -0.7842
vn -0.2460 -0.1248 -0.9612
vn -0.9117 -0.0258 -0.4100
vn -0.8901 0.0786 0.4490
vn -0.2010 0.1114 0.9732
vn 0.9926 -0.1208 -0.0081
vn 0.6348 -0.0043 0.7727
vn 0.6023 -0.1631 -0.7814
vn -0.2441 -0.0994 -0.9647
vn -0.9075 0.0223 -0.4194
vn -0.8900 0.1093 0.4427
vn -0.2035 0.0981 0.9741
vn 0.9990 -0.0440 -0.0060
vn 0.6322 0.0516 0.7731
vn 0.6106 -0.1259 -0.7819
vn -0.2367 -0.1319 -0.9626
vn -0.9055 -0.0583 -0.4204
vn -0.8950 0.0413 0.4442
vn -0.2068 0.0899 0.9742
vn 0.9910 0.0659 -0.1168
vn 0.7077 0.0820 0.7017
vn 0.5329 -0.0344 -0.8455
vn -0.3243 -0.1438 -0.9350
vn -0.9313 -0.1776 -0.3179
vn -0.8352 -0.1126 0.5382
vn -0.1066 0.0024 0.9943
vn 0.1091 -0.9925 0.0553
vn -0.0168 0.8119 -0.5836
vn -0.0339 0.8955 -0.4438
vn -0.2344 0.9405 0.2459
vn 0.1797 0.2273 -0.9571
vn -0.2249 0.8879 0.4013
vn -0.2774 0.3615 0.8902
vn -0.2490 0.2133 0.9447
vn -0.1147 -0.4911 0.8635
vn -0.0924 -0.6247 0.7754
vn 0.1306 -0.9740 0.1852
vn 0.1280 -0.9916 0.0199
vn 0.2754 -0.7241 -0.6323
vn 0.2498 -0.6126 -0.7498
vn 0.2107 0.0708 -0.9750
vn 0.0629 0.9079 -0.4145
vn 0.1984 0.2357 -0.9514
vn -0.1231 0.8944 0.4300
vn -0.2186 0.2113 0.9527
vn -0.1640 -0.6349 0.7550
vn 0.0052 -0.9999 -0.0152
vn 0.1684 -0.6129 -0.7720
vn 0.2337 0.9016 -0.3639
vn 0.2405 0.2464 -0.9389
vn 0.0490 0.8760 0.4798
vn -0.1734 0.1956 0.9652
vn -0.2865 -0.6327 0.7195
vn -0.1927 -0.9786 -0.0727
vn 0.0466 -0.5889 -0.8068
vn 0.4529 0.8391 -0.3013
vn 0.3050 0.2444 -0.9205
vn 0.2600 0.7996 0.5413
vn -0.1279 0.1615 0.9785
vn -0.4392 -0.5928 0.6750
vn -0.4246 -0.8945 -0.1400
vn -0.0883 -0.5250 -0.8465
vn 0.6614 0.7093 -0.2438
vn 0.3754 0.2167 -0.9012
vn 0.4516 0.6635 0.5965
vn -0.0960 0.1181 0.9884
vn -0.5813 -0.5098 0.6342
vn -0.6290 -0.7516 -0.1986
vn -0.1998 -0.4318 -0.8796
vn 0.8087 0.5519 -0.2036
vn 0.4299 0.1706 -0.8866
vn 0.5817 0.5106 0.6331
vn -0.0795 0.0804 0.9936
vn -0.6824 -0.4093 0.6057
vn -0.7687 -0.5937 -0.2379
vn -0.2723 -0.3383 -0.9008
vn 0.8930 0.4123 -0.1807
vn 0.4618 0.1254 -0.8781
vn 0.6551 0.3791 0.6536
vn -0.0720 0.0524 0.9960
vn -0.7428 -0.3185 0.5890
vn -0.8506 -0.4566 -0.2607
vn -0.3142 -0.2607 -0.9129
vn 0.9382 0.3023 -0.1683
vn 0.4788 0.0888 -0.8734
vn 0.6942 0.2769 0.6644
vn -0.0690 0.0327 0.9971
vn -0.7773 -0.2448 0.5796
vn -0.8969 -0.3476 -0.2733
vn -0.3379 -0.2001 -0.9196
vn 0.9620 0.2201 -0.1617
vn 0.4873 0.0615 -0.8710
vn 0.7146 0.2009 0.6701
vn -0.0681 0.0193 0.9975
vn -0.7968 -0.1876 0.5744
vn -0.9229 -0.2640 -0.2803
vn -0.3515 -0.1537 -0.9235
vn 0.9743 0.1601 -0.1582
vn 0.4915 0.0423 -0.8698
vn 0.7251 0.1459 0.6730
vn -0.0680 0.0109 0.9976
vn -0.8080 -0.1434 0.5715
vn -0.9377 -0.2004 -0.2840
vn -0.3593 -0.1168 -0.9259
vn 0.0018 -0.9993 0.0381
vn 0.0645 -0.9944 0.0836
vn 0.1033 -0.9890 0.1056
vn 0.0508 -0.9956 0.0782
vn 0.1252 -0.9898 0.0672
vn -0.0209 -0.9837 0.1785
vn 0.1617 -0.9867 0.0144
vn -0.5439 -0.8391 -0.0030
vn -0.4256 -0.7685 0.4779
vn -0.3930 -0.9031 0.1730
vn -0.2719 -0.9337 -0.2330
vn -0.3852 -0.9059 -0.1762
vn -0.4294 -0.9031 0.0044
vn -0.3365 -0.9204 -0.1993
vn -0.1150 -0.9391 -0.3239
vn 0.0132 -0.9412 -0.3375
vn 0.1504 -0.9242 -0.3510
vn 0.3068 -0.8750 -0.3744
vn 0.0049 -0.8465 -0.5323
vn 0.0374 -0.8854 -0.4633
vn 0.3139 -0.9283 -0.1995
vn 0.4544 -0.8894 -0.0506
vn 0.4938 -0.8610 0.1214
vn 0.5491 -0.8355 -0.0204
vn 0.5521 -0.7696 -0.3208
vn 0.4960 -0.8676 -0.0365
vn 0.3526 -0.8512 0.3887
vn 0.2850 -0.8199 0.4966
vn 0.2980 -0.8191 0.4902
vn 0.4878 -0.7466 0.4524
vn 0.4761 -0.7468 0.4644
vn 0.2441 -0.8264 0.5074
vn -0.0797 -0.9029 0.4223
vn -0.2048 -0.8664 0.4553
vn -0.2817 -0.8138 0.5083
vn -0.2036 -0.8223 0.5313
vn -0.2838 -0.8964 0.3404
vn 0.9427 -0.2549 0.2151
vn 0.9841 -0.1549 0.0865
vn 0.8438 0.4297 -0.3215
vn 0.4775 -0.7616 0.4382
vn 0.7500 0.5645 -0.3446
vn 0.1059 0.7760 -0.6218
vn -0.0504 0.8504 -0.5237
vn -0.7044 0.5441 -0.4558
vn -0.8091 0.5001 -0.3085
vn -0.9934 -0.1034 0.0494
vn -0.9636 -0.2335 0.1303
vn -0.5257 -0.6839 0.5059
vn -0.3879 -0.7999 0.4580
vn 0.3317 -0.7480 0.5749
vn 0.9842 -0.1719 0.0430
vn 0.4777 -0.8498 0.2227
vn 0.7501 0.6350 -0.1850
vn -0.0506 0.9576 -0.2837
vn -0.8093 0.5630 -0.1678
vn -0.9635 -0.2600 0.0633
vn -0.3877 -0.8924 0.2309
vn 0.9843 -0.1762 -0.0038
vn 0.4783 -0.8781 -0.0166
vn 0.7500 0.6615 -0.0021
vn -0.0509 0.9987 -0.0086
vn -0.8100 0.5863 -0.0064
vn -0.9633 -0.2682 -0.0101
vn -0.3874 -0.9217 -0.0212
vn 0.9846 -0.1685 -0.0472
vn 0.4789 -0.8428 -0.2456
vn 0.7496 0.6376 0.1775
vn -0.0515 0.9638 0.2617
vn -0.8112 0.5647 0.1519
vn -0.9629 -0.2579 -0.0797
vn -0.3868 -0.8841 -0.2621
vn 0.9848 -0.1530 -0.0826
vn 0.4796 -0.7605 -0.4377
vn 0.7491 0.5738 0.3311
vn -0.0522 0.8687 0.4925
vn -0.8123 0.5076 0.2871
vn -0.9624 -0.2342 -0.1375
vn -0.3862 -0.7973 -0.4639
vn 0.9850 -0.1341 -0.1090
vn 0.4802 -0.6554 -0.5829
vn 0.7486 0.4890 0.4478
vn -0.0528 0.7424 0.6679
vn -0.8132 0.4322 0.3897
vn -0.9620 -0.2042 -0.1812
vn -0.3856 -0.6866 -0.6163
vn 0.9851 -0.1150 -0.1278
vn 0.4808 -0.5481 -0.6845
vn 0.7481 0.4017 0.5282
vn -0.0534 0.6121 0.7889
vn -0.8138 0.3549 0.4602
vn -0.9617 -0.1732 -0.2123
vn -0.3851 -0.5737 -0.7229
vn 0.9852 -0.0973 -0.1410
vn 0.4812 -0.4505 -0.7520
vn 0.7476 0.3234 0.5800
vn -0.0538 0.4950 0.8672
vn -0.8141 0.2847 0.5061
vn -0.9616 -0.1446 -0.2335
vn -0.3848 -0.4711 -0.7937
vn 0.9853 -0.0814 -0.1501
vn 0.4815 -0.3667 -0.7960
vn 0.7473 0.2578 0.6124
vn -0.0541 0.3962 0.9166
vn -0.8143 0.2268 0.5342
vn -0.9614 -0.1195 -0.2477
vn -0.3845 -0.3832 -0.8398
vn 0.9854 -0.0674 -0.1564
vn 0.4818 -0.2967 -0.8245
vn 0.7471 0.2048 0.6324
vn -0.0545 0.3163 0.9471
vn -0.8145 0.1802 0.5515
vn -0.9614 -0.0979 -0.2571
vn -0.3844 -0.3099 -0.8696
vn -0.0711 -0.9451 0.3189
vn 0.0233 -0.9770 0.2120
vn 0.0049 -0.9600 0.2799
vn -0.0369 -0.9239 0.3809
vn -0.0534 -0.9242 0.3781
vn -0.0050 -0.9955 0.0944
vn -0.1722 -0.9516 0.2545
vn -0.5804 -0.7767 0.2445
vn -0.4820 -0.6611 0.5750
vn -0.4604 -0.8012 0.3824
vn -0.4060 -0.9025 0.1438
vn -0.3122 -0.9500 0.0078
vn -0.4971 -0.8464 0.1911
vn -0.1861 -0.9625 -0.1975
vn -0.3550 -0.9242 -0.1406
vn -0.4176 -0.9017 -0.1123
vn -0.1806 -0.9801 -0.0826
vn 0.1033 -0.9941 -0.0321
vn 0.2585 -0.9660 0.0068
vn 0.0825 -0.9838 -0.1592
vn 0.0628 -0.9899 -0.1273
vn 0.2283 -0.9713 0.0669
vn 0.3210 -0.9191 0.2287
vn 0.3329 -0.8906 0.3098
vn 0.2987 -0.8652 0.4028
vn 0.4945 -0.8412 0.2190
vn 0.5887 -0.8051 0.0724
vn 0.4495 -0.8572 0.2512
vn 0.2057 -0.8633 0.4609
vn 0.1191 -0.8357 0.5361
vn -0.2309 -0.7358 0.6366
vn -0.2881 -0.6883 0.6658
vn -0.0380 -0.6639 0.7468
vn -0.0509 -0.6863 0.7255
vn -0.1731 -0.7127 0.6798
vn -0.2432 -0.7672 0.5936
vn -0.3884 -0.8616 0.3267
vn -0.7952 -0.1026 0.5976
vn -0.7495 0.0456 0.6604
vn -0.3625 0.6588 0.6592
vn -0.6183 -0.7285 0.2949
vn -0.3012 0.7838 0.5431
vn 0.3443 0.9101 0.2307
vn 0.3760 0.9264 0.0220
vn 0.7912 0.4877 -0.3691
vn 0.7698 0.3768 -0.5151
vn 0.6526 -0.3142 -0.6895
vn 0.5975 -0.4649 -0.6533
vn 0.0289 -0.8828 -0.4689
vn -0.0183 -0.9583 -0.2852
vn -0.6095 -0.7865 0.0991
vn -0.7580 0.0575 0.6497
vn -0.4913 -0.7431 0.4542
vn -0.4401 0.8183 0.3696
vn 0.2121 0.9599 -0.1832
vn 0.7041 0.3831 -0.5979
vn 0.6796 -0.4850 -0.5504
vn 0.1496 -0.9859 -0.0752
vn -0.7703 0.0638 0.6345
vn -0.3726 -0.7054 0.6030
vn -0.5778 0.7917 0.1984
vn 0.0524 0.9223 -0.3828
vn 0.6421 0.3614 -0.6761
vn 0.7592 -0.4697 -0.4505
vn 0.3092 -0.9429 0.1241
vn -0.7836 0.0625 0.6182
vn -0.2750 -0.6311 0.7253
vn -0.6963 0.7159 0.0512
vn -0.0833 0.8295 -0.5523
vn 0.5907 0.3195 -0.7409
vn 0.8268 -0.4275 -0.3657
vn 0.4424 -0.8485 0.2904
vn -0.7954 0.0545 0.6037
vn -0.2027 -0.5417 0.8158
vn -0.7876 0.6130 -0.0620
vn -0.1867 0.7078 -0.6813
vn 0.5523 0.2679 -0.7895
vn 0.8782 -0.3718 -0.3010
vn 0.5428 -0.7298 0.4156
vn -0.8043 0.0428 0.5926
vn -0.1520 -0.4515 0.8792
vn -0.8519 0.5041 -0.1418
vn -0.2591 0.5811 -0.7715
vn 0.5258 0.2155 -0.8229
vn 0.9145 -0.3138 -0.2553
vn 0.6132 -0.6088 0.5033
vn -0.8101 0.0307 0.5855
vn -0.1183 -0.3703 0.9213
vn -0.8939 0.4042 -0.1940
vn -0.3062 0.4659 -0.8302
vn 0.5089 0.1691 -0.8440
vn 0.9392 -0.2600 -0.2244
vn 0.6601 -0.4988 0.5617
vn -0.8134 0.0207 0.5814
vn -0.0965 -0.3015 0.9486
vn -0.9199 0.3201 -0.2265
vn -0.3355 0.3693 -0.8666
vn 0.4988 0.1311 -0.8568
vn 0.9554 -0.2134 -0.2042
vn 0.6904 -0.4051 0.5994
vn -0.8153 0.0124 0.5790
vn -0.0825 -0.2444 0.9661
vn -0.9358 0.2523 -0.2463
vn -0.3534 0.2915 -0.8889
vn 0.4924 0.1001 -0.8646
vn 0.9660 -0.1743 -0.1911
vn 0.7099 -0.3275 0.6236
vn -0.8159 0.0077 0.5782
vn -0.0734 -0.1977 0.9775
vn -0.9453 0.1990 -0.2584
vn -0.3642 0.2303 -0.9024
vn 0.4892 0.0777 -0.8687
vn 0.9730 -0.1416 -0.1824
vn 0.7224 -0.2640 0.6391
vn -0.0450 -0.9585 -0.2816
vn -0.1216 -0.9812 -0.1497
vn -0.0840 -0.9781 -0.1907
vn -0.0941 -0.9594 -0.2659
vn -0.1663 -0.9381 -0.3040
vn -0.0968 -0.9948 0.0318
vn 0.0247 -0.9645 -0.2628
vn 0.4099 -0.7408 -0.5321
vn 0.2115 -0.6950 -0.6872
vn 0.3126 -0.8276 -0.4663
vn 0.3157 -0.9186 -0.2375
vn 0.3117 -0.9488 -0.0511
vn 0.4029 -0.8448 -0.3520
vn 0.2939 -0.9404 0.1713
vn 0.5122 -0.8588 0.0086
vn 0.4897 -0.8710 -0.0392
vn 0.1557 -0.9815 0.1116
vn -0.0712 -0.9807 0.1822
vn -0.1852 -0.9604 0.2080
vn 0.1063 -0.9475 0.3017
vn 0.0245 -0.9740 0.2253
vn -0.2741 -0.9571 0.0939
vn -0.4481 -0.8920 -0.0600
vn -0.4952 -0.8649 -0.0825
vn -0.4729 -0.8704 -0.1374
vn -0.5965 -0.7832 0.1754
vn -0.6004 -0.7559 0.2610
vn -0.5900 -0.8068 0.0312
vn -0.4648 -0.8677 -0.1764
vn -0.3670 -0.8508 -0.3761
vn -0.1044 -0.7788 -0.6185
vn -0.0144 -0.7238 -0.6899
vn -0.2748 -0.6783 -0.6814
vn -0.2988 -0.6782 -0.6714
vn -0.1542 -0.7176 -0.6792
vn -0.0450 -0.7737 -0.6320
vn 0.2191 -0.8896 -0.4008
vn -0.5377 0.3982 0.7432
vn -0.4035 0.3874 0.8289
vn 0.3104 0.3046 0.9005
vn -0.9561 0.2339 0.1764
vn 0.4515 0.2445 0.8581
vn 0.9242 -0.0224 0.3813
vn 0.9660 -0.0864 0.2436
vn 0.8411 -0.3366 -0.4234
vn 0.7523 -0.3575 -0.5534
vn 0.1239 -0.4014 -0.9075
vn -0.0290 -0.3644 -0.9308
vn -0.6872 -0.1679 -0.7068
vn -0.7886 -0.1005 -0.6067
vn -0.9818 0.1880 0.0278
vn -0.4301 0.2770 0.8593
vn -0.9570 0.2322 0.1736
vn 0.4240 0.1089 0.8991
vn 0.9542 -0.1461 0.2609
vn 0.7675 -0.2953 -0.5690
vn 0.0015 -0.2264 -0.9740
vn -0.7679 0.0099 -0.6405
vn -0.4584 0.1511 0.8758
vn -0.9658 0.1933 0.1731
vn 0.3917 -0.0105 0.9200
vn 0.9476 -0.1676 0.2719
vn 0.7883 -0.2020 -0.5812
vn 0.0362 -0.0858 -0.9957
vn -0.7446 0.0863 -0.6619
vn -0.4630 0.1324 0.8764
vn -0.9696 0.1737 0.1721
vn 0.3899 -0.0123 0.9208
vn 0.9497 -0.1531 0.2730
vn 0.7930 -0.1856 -0.5802
vn 0.0391 -0.0812 -0.9959
vn -0.7456 0.0766 -0.6620
vn -0.4446 0.2370 0.8638
vn -0.9597 0.2287 0.1630
vn 0.4048 0.0617 0.9123
vn 0.9467 -0.1651 0.2767
vn 0.7766 -0.2734 -0.5676
vn 0.0183 -0.1797 -0.9836
vn -0.7525 0.0438 -0.6571
vn -0.4273 0.3091 0.8496
vn -0.9439 0.2919 0.1541
vn 0.4103 0.0879 0.9077
vn 0.9375 -0.2043 0.2818
vn 0.7567 -0.3478 -0.5536
vn 0.0066 -0.2344 -0.9721
vn -0.7518 0.0502 -0.6575
vn -0.4472 0.1756 0.8770
vn -0.9752 0.1178 0.1872
vn 0.4120 0.0968 0.9060
vn 0.9647 -0.0586 0.2567
vn 0.7881 -0.1754 -0.5900
vn 0.0176 -0.1639 -0.9863
vn -0.7645 -0.0351 -0.6436
vn -0.4501 0.0992 0.8875
vn -0.9777 -0.0257 0.2084
vn 0.4174 0.1471 0.8967
vn 0.9696 0.0793 0.2317
vn 0.7929 -0.0524 -0.6071
vn 0.0178 -0.1522 -0.9882
vn -0.7690 -0.1379 -0.6242
vn -0.4500 0.0863 0.8889
vn -0.9775 -0.0244 0.2093
vn 0.4176 0.1318 0.8990
vn 0.9701 0.0684 0.2330
vn 0.7917 -0.0496 -0.6089
vn 0.0179 -0.1367 -0.9904
vn -0.7693 -0.1250 -0.6266
vn -0.4495 0.0755 0.8901
vn -0.9777 -0.0222 0.2090
vn 0.4182 0.1158 0.9009
vn 0.9704 0.0597 0.2341
vn 0.7915 -0.0447 -0.6095
vn 0.0173 -0.1217 -0.9924
vn -0.7699 -0.1112 -0.6284
vn -0.1997 0.0582 0.9781
vn -0.8890 -0.0205 0.4575
vn 0.6410 0.0691 0.7644
vn 0.9997 0.0038 -0.0228
vn 0.6063 -0.0884 -0.7903
vn -0.2426 -0.1381 -0.9602
vn -0.9079 -0.1079 -0.4050
vn 0.6572 0.1530 0.7381
vn -0.1765 0.1458 0.9734
vn 0.9942 0.0904 -0.0577
vn 0.5806 0.0051 -0.8142
vn -0.2719 -0.0386 -0.9616
vn -0.9211 -0.0078 -0.3893
vn -0.8787 0.0742 0.4716
vn 0.8112 0.0642 0.5812
vn 0.8938 0.0524 0.4454
vn 0.9629 -0.0104 -0.2698
vn 0.2071 0.0730 0.9756
vn 0.9078 -0.0243 -0.4186
vn 0.3900 -0.0915 -0.9163
vn 0.2387 -0.0967 -0.9663
vn -0.4760 -0.1178 -0.8715
vn -0.6091 -0.1106 -0.7854
vn -0.9831 -0.0696 -0.1692
vn -0.9983 -0.0574 -0.0115
vn -0.7494 0.0168 0.6619
vn -0.6353 0.0239 0.7719
vn 0.0492 0.0764 0.9959
vn 0.8935 0.0422 0.4471
vn 0.2061 0.0660 0.9763
vn 0.9079 -0.0297 -0.4182
vn 0.2392 -0.0931 -0.9665
vn -0.6097 -0.1045 -0.7857
vn -0.9985 -0.0529 -0.0117
vn -0.6361 0.0251 0.7712
vn 0.8864 -0.0501 0.4602
vn 0.2028 0.0786 0.9761
vn 0.9016 -0.1564 -0.4034
vn 0.2346 -0.1615 -0.9586
vn -0.6074 -0.0621 -0.7920
vn -0.9972 0.0699 -0.0275
vn -0.6343 0.1332 0.7616
vn 0.8660 -0.1488 0.4774
vn 0.1903 0.0570 0.9801
vn 0.8876 -0.2582 -0.3815
vn 0.2381 -0.1873 -0.9530
vn -0.5946 0.0084 -0.8040
vn -0.9816 0.1848 -0.0485
vn -0.6332 0.2041 0.7466
vn 0.8664 -0.1424 0.4786
vn 0.1859 0.0497 0.9813
vn 0.8913 -0.2432 -0.3825
vn 0.2427 -0.1768 -0.9539
vn -0.5929 0.0042 -0.8053
vn -0.9851 0.1650 -0.0491
vn -0.6383 0.1848 0.7473
vn 0.8686 -0.1328 0.4774
vn 0.1851 0.0437 0.9817
vn 0.8951 -0.2255 -0.3846
vn 0.2454 -0.1644 -0.9554
vn -0.5929 0.0020 -0.8053
vn -0.9876 0.1498 -0.0475
vn -0.6412 0.1680 0.7487
vn 0.9582 -0.1683 0.2314
vn 0.4294 -0.0180 0.9030
vn 0.7616 -0.2167 -0.6107
vn -0.0102 -0.1267 -0.9919
vn -0.7793 0.0349 -0.6257
vn -0.9657 0.1456 0.2150
vn -0.4275 0.1216 0.8958
vn 0.7551 -0.1315 -0.6423
vn 0.9768 -0.0896 0.1945
vn -0.0223 -0.0446 -0.9988
vn -0.7790 0.1080 -0.6176
vn -0.9504 0.2126 0.2271
vn -0.3961 0.1868 0.8990
vn 0.4640 0.0514 0.8843
vn 0.5908 -0.1721 -0.7883
vn 0.4481 -0.2658 -0.8536
vn -0.2474 -0.0566 -0.9672
vn 0.9711 -0.1670 -0.1707
vn -0.4160 -0.1697 -0.8934
vn -0.9018 0.0956 -0.4215
vn -0.9652 0.0489 -0.2567
vn -0.8779 0.1699 0.4476
vn -0.7897 0.2227 0.5716
vn -0.1915 0.1093 0.9754
vn -0.0209 0.2251 0.9741
vn 0.6332 -0.0381 0.7730
vn 0.7650 0.0511 0.6420
vn 0.9864 -0.1640 -0.0109
vn 0.4488 -0.2653 -0.8534
vn 0.9766 -0.1235 -0.1762
vn -0.4179 -0.2136 -0.8830
vn -0.9686 -0.0087 -0.2484
vn -0.7931 0.1972 0.5763
vn -0.0175 0.2479 0.9686
vn 0.7678 0.1047 0.6321
vn 0.4512 -0.2063 -0.8682
vn 0.9743 -0.1345 -0.1808
vn -0.4108 -0.1327 -0.9020
vn -0.9665 0.0326 -0.2545
vn -0.7931 0.1644 0.5865
vn -0.0250 0.1627 0.9864
vn 0.7623 0.0297 0.6465
vn 0.4497 -0.2377 -0.8610
vn 0.9729 -0.1502 -0.1757
vn -0.4118 -0.1579 -0.8975
vn -0.9665 0.0294 -0.2550
vn -0.7924 0.1823 0.5821
vn -0.0245 0.1860 0.9823
vn 0.7619 0.0386 0.6465
vn 0.4589 -0.1526 -0.8753
vn 0.9800 -0.0656 -0.1877
vn -0.4112 -0.1377 -0.9011
vn -0.9687 -0.0334 -0.2459
vn -0.7998 0.0824 0.5946
vn -0.0270 0.1233 0.9920
vn 0.7655 0.0572 0.6409
vn 0.3631 -0.1120 -0.9250
vn 0.9523 -0.1081 -0.2853
vn -0.4983 -0.0538 -0.8653
vn -0.9877 0.0230 -0.1545
vn -0.7344 0.0612 0.6760
vn 0.0698 0.0308 0.9971
vn 0.8193 -0.0457 0.5716
vn -0.1424 -0.9842 0.1048
vn 0.1360 -0.0624 0.9887
vn 0.2105 0.0877 0.9736
vn 0.4120 0.6793 0.6073
vn -0.0442 -0.6985 0.7143
vn 0.3412 0.8016 0.4909
vn 0.3906 0.8919 -0.2280
vn 0.2233 0.9061 -0.3593
vn 0.0721 0.4484 -0.8909
vn -0.0624 0.3350 -0.9402
vn -0.2811 -0.3524 -0.8927
vn -0.2706 -0.5024 -0.8212
vn -0.3911 -0.8939 -0.2189
vn -0.2512 -0.9643 -0.0836
vn -0.2074 -0.7636 0.6115
vn 0.1854 0.1041 0.9771
vn 0.1493 -0.7113 0.6869
vn 0.1150 0.8442 0.5236
vn -0.0332 0.9459 -0.3229
vn -0.1561 0.3409 -0.9271
vn -0.1296 -0.5249 -0.8412
vn 0.0166 -0.9924 -0.1218
vn 0.1525 0.1112 0.9820
vn 0.3286 -0.6742 0.6614
vn -0.1135 0.8225 0.5573
vn -0.2875 0.9140 -0.2864
vn -0.2455 0.3211 -0.9147
vn 0.0069 -0.5094 -0.8605
vn 0.2703 -0.9497 -0.1582
vn 0.1183 0.1063 0.9873
vn 0.4742 -0.6039 0.6406
vn -0.3131 0.7464 0.5872
vn -0.5061 0.8239 -0.2549
vn -0.3200 0.2822 -0.9044
vn 0.1226 -0.4650 -0.8768
vn 0.4816 -0.8559 -0.1886
vn 0.0884 0.0911 0.9919
vn 0.5830 -0.5192 0.6250
vn -0.4682 0.6388 0.6105
vn -0.6738 0.7020 -0.2306
vn -0.3762 0.2336 -0.8966
vn 0.2105 -0.4066 -0.8890
vn 0.6404 -0.7384 -0.2115
vn 0.0661 0.0706 0.9953
vn 0.6582 -0.4354 0.6142
vn -0.5777 0.5228 0.6268
vn -0.7911 0.5732 -0.2135
vn -0.4148 0.1838 -0.8912
vn 0.2728 -0.3459 -0.8977
vn 0.7516 -0.6191 -0.2276
vn 0.0518 0.0502 0.9974
vn 0.7083 -0.3603 0.6070
vn -0.6488 0.4159 0.6373
vn -0.8667 0.4559 -0.2024
vn -0.4386 0.1399 -0.8878
vn 0.3153 -0.2895 -0.9037
vn 0.8262 -0.5105 -0.2385
vn 0.0439 0.0335 0.9985
vn 0.7413 -0.2962 0.6022
vn -0.6923 0.3264 0.6436
vn -0.9130 0.3581 -0.1956
vn -0.4526 0.1037 -0.8857
vn 0.3436 -0.2401 -0.9079
vn 0.8748 -0.4175 -0.2457
vn 0.0396 0.0204 0.9990
vn 0.7630 -0.2426 0.5992
vn -0.7184 0.2549 0.6473
vn -0.9407 0.2800 -0.1914
vn -0.4598 0.0771 -0.8847
vn 0.3625 -0.1981 -0.9107
vn 0.9066 -0.3399 -0.2503
vn 0.0381 0.0125 0.9992
vn 0.7774 -0.1978 0.5971
vn -0.7338 0.1994 0.6494
vn -0.9571 0.2194 -0.1890
vn -0.4636 0.0578 -0.8842
vn 0.3751 -0.1623 -0.9127
vn 0.9272 -0.2757 -0.2535
vn -0.2235 -0.9738 0.0413
vn -0.0606 -0.9849 0.1624
vn -0.4361 -0.8897 0.1353
vn -0.4489 -0.8866 -0.1118
vn -0.3038 -0.9129 -0.2725
vn -0.0399 -0.9791 -0.1993
vn 0.0690 -0.9924 0.1017
vn -0.1530 -0.6779 -0.7190
vn -0.2682 -0.7949 -0.5442
vn 0.1060 -0.9117 -0.3968
vn -0.2497 -0.8012 -0.5438
vn 0.2032 -0.9587 -0.1990
vn 0.1907 -0.9790 0.0717
vn 0.2756 -0.9410 0.1964
vn 0.1644 -0.9586 0.2323
vn -0.1281 -0.8977 0.4216
vn -0.2282 -0.8634 0.4499
vn -0.4500 -0.8152 0.3645
vn -0.5730 -0.7633 0.2983
vn -0.6327 -0.7539 0.1771
vn -0.6016 -0.7795 -0.1743
vn -0.5536 -0.6942 -0.4599
vn 0.0302 0.3171 -0.9479
vn 0.5560 0.2291 -0.7990
vn 0.6601 -0.3019 0.6878
vn 0.3805 -0.3995 0.8341
vn 0.3025 -0.2662 0.9152
vn 0.1665 -0.1882 0.9679
vn 0.1883 0.0399 0.9813
vn 0.1611 -0.0007 0.9869
vn 0.2203 -0.1173 0.9683
vn 0.1362 -0.1208 0.9833
vn 0.3230 -0.2271 0.9187
vn 0.0114 -0.3410 0.9400
vn 0.0279 -0.1655 0.9858
vn 0.0831 0.0150 0.9964
vn 0.0402 -0.0963 0.9945
vn 0.2271 -0.3775 0.8977
vn 0.0906 -0.4566 0.8851
vn 0.0193 -0.1826 0.9830
vn 0.0961 -0.0057 0.9954
vn 0.0127 -0.0958 0.9953
vn 0.2616 -0.4788 0.8380
vn -0.1296 -0.3431 0.9303
vn -0.0788 -0.1305 0.9883
vn 0.0483 0.0043 0.9988
vn -0.0847 -0.0338 0.9958
vn -0.1329 -0.2538 0.9581
vn -0.3054 -0.2308 0.9238
vn -0.1845 -0.0618 0.9809
vn -0.0299 0.0507 0.9983
vn -0.1705 0.0539 0.9839
vn -0.2564 -0.1883 0.9481
vn -0.4280 -0.0865 0.8996
vn -0.2824 0.0432 0.9583
vn -0.1175 0.1372 0.9836
vn -0.2588 0.1646 0.9518
vn -0.3557 -0.1343 0.9249
vn -0.4896 -0.1575 0.8576
vn -0.3431 -0.0283 0.9389
vn -0.1794 0.0817 0.9804
vn -0.3215 0.0983 0.9418
vn -0.3840 -0.4224 0.8211
vn -0.5584 -0.3249 0.7633
vn -0.4378 -0.1516 0.8862
vn -0.2833 -0.0048 0.9590
vn -0.4398 0.0969 0.8929
vn -0.5762 -0.1751 0.7983
vn -0.7177 -0.0478 0.6947
vn -0.5076 0.0075 0.8615
vn -0.4195 0.1309 0.8983
vn -0.5175 0.2491 0.8186
vn -0.5688 0.2413 0.7863
vn -0.6750 -0.0515 0.7360
vn -0.4179 0.0418 0.9075
vn -0.7664 -0.2938 0.5713
vn -0.7016 -0.4438 0.5575
vn -0.8439 -0.3603 0.3974
vn -0.9036 -0.3264 0.2776
vn -0.9704 -0.1049 0.2177
vn -0.9656 -0.1588 0.2059
vn -0.9291 -0.2507 0.2719
vn -0.9388 -0.2845 0.1944
vn -0.4522 -0.3105 0.8362
vn -0.7688 -0.5509 0.3246
vn -0.9067 -0.3784 0.1864
vn -0.9667 -0.1926 0.1685
vn -0.9414 -0.3110 0.1302
vn -0.7813 -0.5049 0.3671
vn -0.8002 -0.5859 0.1281
vn -0.9223 -0.3811 0.0647
vn -0.9791 -0.1854 0.0836
vn -0.9616 -0.2731 -0.0256
vn -0.8300 -0.5427 0.1285
vn -0.8055 -0.5901 -0.0546
vn -0.9178 -0.3936 -0.0514
vn -0.9770 -0.2130 0.0088
vn -0.9474 -0.3106 -0.0770
vn -0.9018 -0.4089 -0.1395
vn -0.8667 -0.4076 -0.2876
vn -0.9392 -0.3003 -0.1662
vn -0.9792 -0.2021 -0.0194
vn -0.9560 -0.2702 -0.1144
vn -0.9246 -0.2834 -0.2545
vn -0.8621 -0.3975 -0.3144
vn -0.9469 -0.2572 -0.1932
vn -0.9860 -0.1629 -0.0356
vn -0.9715 -0.1744 -0.1603
vn -0.7872 -0.6004 -0.1410
vn -0.7619 -0.5464 -0.3478
vn -0.8998 -0.3557 -0.2527
vn -0.9784 -0.1554 -0.1366
vn -0.9431 -0.0721 -0.3247
vn -0.7736 -0.5020 -0.3867
vn -0.7434 -0.3899 -0.5435
vn -0.8550 -0.3137 -0.4129
vn -0.9394 -0.2157 -0.2664
vn -0.8787 -0.2852 -0.3829
vn -0.8621 -0.0833 -0.4998
vn -0.7848 -0.1923 -0.5892
vn -0.9057 -0.2518 -0.3410
vn -0.9385 -0.2425 -0.2459
vn -0.9238 -0.1981 -0.3276
vn -0.9091 -0.0097 -0.4166
vn -0.0808 -0.0515 -0.9954
vn -0.0808 -0.0468 -0.9956
vn -0.1600 -0.0546 -0.9856
vn -0.1996 -0.0566 -0.9782
vn -0.1213 -0.0540 -0.9911
vn -0.0184 -0.0527 -0.9984
vn 0.2037 -0.0410 -0.9782
vn 0.1632 -0.0318 -0.9861
vn 0.0472 -0.0470 -0.9978
vn 0.0462 -0.0473 -0.9978
vn -0.0865 -0.0250 -0.9959
vn -0.2073 -0.0448 -0.9773
vn -0.0259 -0.0358 -0.9990
vn 0.1570 -0.0254 -0.9873
vn 0.0390 -0.0565 -0.9976
vn -0.1009 -0.0192 -0.9947
vn -0.2163 -0.0434 -0.9754
vn -0.0375 -0.0199 -0.9991
vn 0.1451 -0.0031 -0.9894
vn 0.0260 0.0102 -0.9996
vn -0.0851 -0.1074 -0.9906
vn -0.1846 -0.0808 -0.9795
vn -0.0119 0.0193 -0.9997
vn 0.1618 0.1148 -0.9801
vn 0.0562 0.2050 -0.9772
vn -0.0020 -0.0964 -0.9953
vn -0.1009 0.0155 -0.9948
vn 0.0694 0.1391 -0.9878
vn 0.2388 0.2514 -0.9380
vn 0.1466 0.3511 -0.9248
vn 0.0708 0.1564 -0.9851
vn -0.0436 0.2369 -0.9706
vn 0.1356 0.2737 -0.9522
vn 0.3093 0.3078 -0.8998
vn 0.2061 0.3350 -0.9194
vn 0.0789 0.4362 -0.8964
vn -0.0498 0.4624 -0.8853
vn 0.1308 0.4228 -0.8967
vn 0.3063 0.3554 -0.8831
vn 0.1766 0.3609 -0.9157
vn 0.0632 0.7347 -0.6755
vn -0.1000 0.7420 -0.6629
vn 0.0732 0.6313 -0.7720
vn 0.2389 0.4965 -0.8345
vn 0.0754 0.4267 -0.9012
vn -0.0831 0.8711 -0.4840
vn -0.2525 0.8028 -0.5402
vn -0.0030 0.7730 -0.6344
vn 0.0885 0.6519 -0.7531
vn -0.0518 0.5984 -0.7995
vn -0.0979 0.8475 -0.5217
vn -0.9071 0.1037 -0.4080
vn -0.9120 0.0793 -0.4024
vn -0.9336 0.1250 -0.3360
vn -0.9478 0.1132 -0.2980
vn -0.9217 0.1136 -0.3710
vn -0.8813 0.0810 -0.4656
vn -0.7671 0.0203 -0.6412
vn -0.7856 0.0407 -0.6174
vn -0.8529 0.0672 -0.5178
vn -0.8379 0.1071 -0.5352
vn -0.8904 0.1369 -0.4341
vn -0.9275 0.1868 -0.3239
vn -0.8709 0.1043 -0.4803
vn -0.7762 0.0512 -0.6284
vn -0.8484 0.0537 -0.5266
vn -0.8901 0.1765 -0.4203
vn -0.9454 0.1402 -0.2941
vn -0.8830 0.0995 -0.4587
vn -0.7897 0.0619 -0.6104
vn -0.8463 0.1246 -0.5179
vn -0.8970 0.1463 -0.4171
vn -0.9255 0.2161 -0.3110
vn -0.8587 0.1850 -0.4780
vn -0.7634 0.1454 -0.6294
vn -0.8356 0.1426 -0.5304
vn -0.8428 0.3434 -0.4144
vn -0.8928 0.3478 -0.2861
vn -0.8533 0.2602 -0.4519
vn -0.7857 0.1490 -0.6004
vn -0.8672 0.1362 -0.4789
vn -0.8621 0.3583 -0.3583
vn -0.8967 0.3637 -0.2522
vn -0.8366 0.3466 -0.4243
vn -0.7519 0.3043 -0.5848
vn -0.7576 0.4262 -0.4944
vn -0.8240 0.3921 -0.4089
vn -0.7949 0.5157 -0.3196
vn -0.7017 0.5220 -0.4849
vn -0.5809 0.5112 -0.6334
vn -0.5936 0.5859 -0.5517
vn -0.5063 0.7456 -0.4333
vn -0.5163 0.8081 -0.2834
vn -0.5389 0.7013 -0.4666
vn -0.5289 0.5771 -0.6223
vn -0.6625 0.5513 -0.5072
vn -0.3038 0.9196 -0.2489
vn -0.4231 0.8994 -0.1102
vn -0.4231 0.8261 -0.3721
vn -0.5268 0.6963 -0.4875
vn -0.6327 0.6792 -0.3719
vn -0.3432 0.9052 -0.2507
vn 0.6076 -0.7722 -0.1857
vn 0.6012 -0.7776 -0.1841
vn 0.5751 -0.7761 -0.2587
vn 0.5417 -0.7878 -0.2931
vn 0.5894 -0.7766 -0.2225
vn 0.6015 -0.7896 -0.1213
vn 0.6817 -0.7269 0.0830
vn 0.6382 -0.7678 0.0569
vn 0.6430 -0.7631 -0.0647
vn 0.5821 -0.8117 -0.0481
vn 0.5643 -0.8037 -0.1886
vn 0.4885 -0.8201 -0.2979
vn 0.5330 -0.8377 -0.1193
vn 0.5576 -0.8276 0.0639
vn 0.4886 -0.8714 -0.0442
vn 0.5359 -0.8161 -0.2162
vn 0.4529 -0.8286 -0.3291
vn 0.4853 -0.8620 -0.1465
vn 0.5073 -0.8609 0.0386
vn 0.4292 -0.9004 -0.0712
vn 0.3800 -0.9013 -0.2081
vn 0.2609 -0.9247 -0.2773
vn 0.3625 -0.9238 -0.1234
vn 0.4453 -0.8948 0.0335
vn 0.4275 -0.9005 -0.0795
vn 0.1141 -0.9932 -0.0240
vn 0.0809 -0.9887 -0.1265
vn 0.1864 -0.9822 0.0236
vn 0.2890 -0.9410 0.1759
vn 0.1763 -0.9776 0.1153
vn -0.0893 -0.9923 0.0859
vn -0.2006 -0.9796 0.0062
vn -0.1177 -0.9785 0.1691
vn -0.0283 -0.9461 0.3226
vn -0.1057 -0.9670 0.2317
vn -0.2779 -0.9416 0.1900
vn -0.3492 -0.9340 0.0756
vn -0.3028 -0.9182 0.2555
vn -0.2553 -0.8635 0.4350
vn -0.4388 -0.8167 0.3748
vn -0.4770 -0.8577 0.1918
vn -0.5802 -0.8062 0.1158
vn -0.4945 -0.8229 0.2797
vn -0.4112 -0.7979 0.4407
vn -0.3875 -0.8703 0.3040
vn -0.6483 -0.6798 0.3431
vn -0.6088 -0.7690 0.1948
vn -0.3991 -0.8290 0.3917
vn -0.3090 -0.8339 0.4573
vn -0.3605 -0.8341 0.4175
vn -0.5500 -0.7162 0.4296
vn -0.2337 -0.6924 0.6826
vn -0.2220 -0.7392 0.6358
vn -0.1563 -0.6950 0.7018
vn -0.0941 -0.7675 0.6341
vn -0.1936 -0.6961 0.6913
vn -0.2679 -0.7704 0.5786
vn -0.4916 -0.6553 0.5735
vn -0.4343 -0.7456 0.5055
vn -0.3515 -0.6856 0.6376
vn -0.3135 -0.8016 0.5091
vn -0.1672 -0.8619 0.4787
vn -0.0436 -0.8768 0.4789
vn -0.2194 -0.8739 0.4338
vn -0.3884 -0.8410 0.3766
vn -0.2767 -0.8709 0.4061
vn -0.1404 -0.9282 0.3447
vn -0.0117 -0.9383 0.3456
vn -0.1852 -0.9396 0.2878
vn -0.3500 -0.9142 0.2045
vn -0.2107 -0.9649 0.1566
vn -0.0630 -0.9825 0.1755
vn 0.0676 -0.9837 0.1668
vn -0.1037 -0.9897 0.0984
vn -0.2614 -0.9652 0.0046
vn -0.1533 -0.9866 0.0560
vn 0.0320 -0.9962 -0.0813
vn 0.1168 -0.9923 -0.0416
vn -0.0829 -0.9956 -0.0433
vn -0.2722 -0.9612 -0.0459
vn -0.2079 -0.9775 0.0349
vn 0.0657 -0.9174 -0.3925
vn 0.1103 -0.9409 -0.3203
vn -0.1083 -0.9545 -0.2777
vn -0.3137 -0.9206 -0.2324
vn -0.2636 -0.9503 -0.1658
vn -0.0549 -0.8728 -0.4850
vn 0.0025 -0.9309 -0.3652
vn -0.1698 -0.8980 -0.4058
vn -0.3447 -0.8397 -0.4197
vn -0.2421 -0.8700 -0.4296
vn -0.0937 -0.9028 -0.4197
vn 0.0617 -0.8872 -0.4572
vn -0.0958 -0.8372 -0.5384
vn -0.2516 -0.7578 -0.6020
vn -0.1191 -0.7819 -0.6119
vn 0.0749 -0.6737 -0.7352
vn 0.2071 -0.7020 -0.6814
vn -0.0577 -0.6726 -0.7378
vn -0.1356 -0.6139 -0.7777
vn -0.0156 -0.5767 -0.8168
vn 0.1040 -0.4462 -0.8889
vn -0.3093 -0.9110 -0.2726
vn -0.2893 -0.9313 -0.2212
vn -0.3792 -0.8936 -0.2401
vn -0.3862 -0.9107 -0.1466
vn -0.3462 -0.9015 -0.2598
vn -0.2242 -0.9494 -0.2200
vn -0.0488 -0.9221 -0.3839
vn -0.0473 -0.9628 -0.2660
vn -0.1957 -0.9227 -0.3320
vn -0.1465 -0.9708 -0.1899
vn -0.2447 -0.9663 -0.0794
vn -0.3532 -0.9355 -0.0110
vn -0.1795 -0.9827 -0.0449
vn -0.0014 -0.9967 -0.0818
vn -0.1083 -0.9941 0.0007
vn -0.2334 -0.9705 0.0598
vn -0.3391 -0.9289 0.1490
vn -0.1637 -0.9784 0.1264
vn 0.0269 -0.9910 0.1310
vn -0.0785 -0.9646 0.2516
vn -0.2165 -0.9291 0.2998
vn -0.3251 -0.8611 0.3908
vn -0.1434 -0.9041 0.4026
vn 0.0466 -0.9079 0.4166
vn -0.0682 -0.8551 0.5139
vn -0.1805 -0.7642 0.6192
vn -0.2818 -0.6773 0.6796
vn -0.1065 -0.7283 0.6769
vn 0.0712 -0.7593 0.6468
vn -0.0359 -0.7058 0.7075
vn -0.1245 -0.5740 0.8094
vn -0.2355 -0.5030 0.8316
vn -0.0593 -0.5443 0.8368
vn 0.1225 -0.5691 0.8131
vn 0.0215 -0.4766 0.8789
vn -0.1166 -0.4210 0.8995
vn -0.2211 -0.3327 0.9167
vn -0.0429 -0.3751 0.9260
vn 0.1445 -0.3765 0.9151
vn 0.0270 -0.3649 0.9306
vn -0.0891 -0.4161 0.9050
vn -0.2295 -0.4482 0.8640
vn -0.0470 -0.4249 0.9040
vn 0.1295 -0.3515 0.9272
vn -0.0180 -0.2333 0.9722
vn -0.1979 -0.5069 0.8390
vn -0.3489 -0.4683 0.8118
vn -0.0930 -0.4213 0.9021
vn -0.0054 -0.2426 0.9701
vn -0.1469 -0.1177 0.9821
vn -0.1933 -0.3455 0.9183
vn 0.2785 -0.9384 0.2045
vn 0.2325 -0.9512 0.2032
vn 0.2730 -0.9540 0.1243
vn 0.1985 -0.9765 0.0840
vn 0.2671 -0.9497 0.1634
vn 0.1906 -0.9456 0.2637
vn 0.2461 -0.8483 0.4688
vn 0.1908 -0.8807 0.4336
vn 0.2530 -0.9115 0.3242
vn 0.1588 -0.9324 0.3247
vn 0.0623 -0.9761 0.2080
vn 0.0118 -0.9954 0.0949
vn 0.0327 -0.9614 0.2732
vn 0.0606 -0.8960 0.4398
vn 0.0235 -0.9419 0.3350
vn -0.0721 -0.9709 0.2284
vn -0.1063 -0.9886 0.1068
vn -0.1006 -0.9524 0.2879
vn -0.0962 -0.8827 0.4600
vn -0.1890 -0.9155 0.3551
vn -0.1369 -0.9703 0.1992
vn -0.2310 -0.9709 0.0635
vn -0.2845 -0.9250 0.2520
vn -0.3400 -0.8356 0.4316
vn -0.4721 -0.8297 0.2978
vn -0.2687 -0.9556 0.1212
vn -0.3738 -0.9270 -0.0318
vn -0.4712 -0.8683 0.1551
vn -0.5350 -0.7758 0.3344
vn -0.6413 -0.7450 0.1836
vn -0.5507 -0.8346 0.0158
vn -0.6662 -0.7376 -0.1101
vn -0.6784 -0.7310 0.0744
vn -0.6614 -0.7066 0.2517
vn -0.6976 -0.7054 0.1259
vn -0.8304 -0.5559 0.0380
vn -0.7996 -0.5979 -0.0561
vn -0.7269 -0.6775 0.1123
vn -0.6291 -0.7261 0.2773
vn -0.5832 -0.7927 0.1775
vn -0.8560 -0.4961 0.1453
vn -0.8334 -0.5488 0.0658
vn -0.7193 -0.6565 0.2271
vn -0.5745 -0.7258 0.3783
vn -0.5596 -0.7739 0.2964
vn -0.9018 -0.3094 0.3017
vn -0.8973 -0.4045 0.1766
vn -0.7573 -0.5024 0.4173
vn -0.6903 -0.5229 0.5001
vn -0.7538 -0.4780 0.4508
vn -0.8875 -0.2081 0.4112
vn -0.3024 -0.8718 0.3855
vn -0.2854 -0.8835 0.3713
vn -0.2502 -0.8607 0.4434
vn -0.1987 -0.8699 0.4514
vn -0.2776 -0.8658 0.4162
vn -0.3211 -0.8915 0.3195
vn -0.4769 -0.8637 0.1628
vn -0.4290 -0.8865 0.1735
vn -0.3864 -0.8757 0.2895
vn -0.3525 -0.8986 0.2613
vn -0.2191 -0.9222 0.3187
vn -0.1200 -0.9099 0.3972
vn -0.2266 -0.9405 0.2533
vn -0.3113 -0.9461 0.0898
vn -0.1947 -0.9679 0.1591
vn -0.1273 -0.9529 0.2752
vn -0.0191 -0.9321 0.3617
vn -0.0858 -0.9773 0.1938
vn -0.1511 -0.9883 0.0207
vn -0.0304 -0.9944 0.1014
vn 0.0224 -0.9708 0.2388
vn 0.1401 -0.9433 0.3009
vn 0.0342 -0.9867 0.1592
vn -0.0641 -0.9979 0.0085
vn -0.0081 -0.9937 0.1122
vn 0.2675 -0.9619 0.0568
vn 0.3495 -0.9289 0.1229
vn 0.2117 -0.9773 0.0008
vn 0.0625 -0.9912 -0.1167
vn 0.1592 -0.9855 -0.0579
vn 0.4172 -0.9023 -0.1089
vn 0.5176 -0.8554 -0.0189
vn 0.4533 -0.8699 -0.1941
vn 0.3630 -0.8582 -0.3629
vn 0.5500 -0.7603 -0.3457
vn 0.6777 -0.7018 -0.2197
vn 0.7963 -0.5734 -0.1926
vn 0.6859 -0.6513 -0.3247
vn 0.5597 -0.7008 -0.4424
vn 0.5926 -0.7439 -0.3090
vn 0.7852 -0.3719 -0.4951
vn 0.8155 -0.4247 -0.3932
vn 0.6826 -0.5444 -0.4876
vn 0.5157 -0.6346 -0.5757
vn 0.6093 -0.5651 -0.5563
vn 0.7645 -0.2904 -0.5756
vn 0.8454 -0.2799 -0.4549
vn 0.6747 -0.3609 -0.6438
vn 0.6073 -0.3262 -0.7244
vn 0.6873 -0.2528 -0.6810
vn 0.7323 -0.2452 -0.6353
vn -0.6493 -0.5955 0.4730
vn -0.6185 -0.6465 0.4467
vn -0.5973 -0.5986 0.5337
vn -0.5318 -0.6651 0.5243
vn -0.6222 -0.5998 0.5031
vn -0.6552 -0.6467 0.3905
vn -0.7935 -0.5631 0.2307
vn -0.7624 -0.5965 0.2508
vn -0.7192 -0.5897 0.3675
vn -0.6975 -0.6297 0.3420
vn -0.5735 -0.7245 0.3824
vn -0.5024 -0.7262 0.4693
vn -0.6361 -0.6878 0.3497
vn -0.7485 -0.6254 0.2205
vn -0.6862 -0.6588 0.3083
vn -0.6144 -0.6720 0.4135
vn -0.5104 -0.7088 0.4869
vn -0.6243 -0.7066 0.3331
vn -0.7339 -0.6498 0.1978
vn -0.6405 -0.7251 0.2530
vn -0.5700 -0.7073 0.4181
vn -0.3974 -0.8360 0.3782
vn -0.5201 -0.8262 0.2167
vn -0.6422 -0.7601 0.0989
vn -0.5141 -0.8516 0.1020
vn -0.3764 -0.9225 0.0854
vn -0.2417 -0.9687 0.0564
vn -0.4116 -0.9109 0.0287
vn -0.5662 -0.8242 0.0097
vn -0.4727 -0.8793 0.0575
vn -0.3417 -0.9318 -0.1225
vn -0.2496 -0.9671 -0.0492
vn -0.4203 -0.9036 -0.0831
vn -0.5747 -0.8079 -0.1306
vn -0.4572 -0.8637 -0.2120
vn -0.2970 -0.9167 -0.2675
vn -0.1880 -0.9380 -0.2913
vn -0.3680 -0.8893 -0.2714
vn -0.5283 -0.8085 -0.2595
vn -0.4435 -0.8796 -0.1721
vn -0.3422 -0.8495 -0.4015
vn -0.2492 -0.9078 -0.3374
vn -0.4220 -0.8341 -0.3553
vn -0.5892 -0.7432 -0.3169
vn -0.4784 -0.7569 -0.4453
vn -0.3154 -0.7769 -0.5450
vn -0.1270 -0.7407 -0.6597
vn -0.3833 -0.6504 -0.6558
vn -0.4564 -0.5575 -0.6935
vn -0.3345 -0.5137 -0.7900
vn -0.2637 -0.4569 -0.8495
vn 0.0423 -0.8053 -0.5913
vn 0.0410 -0.8111 -0.5834
vn -0.0361 -0.7989 -0.6004
vn -0.0825 -0.8055 -0.5868
vn 0.0023 -0.8024 -0.5968
vn 0.0951 -0.8258 -0.5559
vn 0.3176 -0.7870 -0.5290
vn 0.2691 -0.8233 -0.4998
vn 0.1674 -0.8050 -0.5691
vn 0.1460 -0.8519 -0.5030
vn 0.0170 -0.8368 -0.5472
vn -0.1151 -0.8338 -0.5399
vn 0.0573 -0.8699 -0.4898
vn 0.2271 -0.8799 -0.4174
vn 0.0945 -0.9057 -0.4133
vn -0.0191 -0.8477 -0.5302
vn -0.1565 -0.8375 -0.5236
vn 0.0097 -0.8886 -0.4586
vn 0.1763 -0.9081 -0.3799
vn 0.0377 -0.9277 -0.3715
vn -0.1060 -0.9133 -0.3932
vn -0.2292 -0.9137 -0.3357
vn -0.0449 -0.9398 -0.3387
vn 0.1350 -0.9369 -0.3225
vn 0.0361 -0.9261 -0.3756
vn -0.1144 -0.9911 -0.0674
vn -0.2148 -0.9715 -0.0999
vn -0.0317 -0.9938 -0.1062
vn 0.1573 -0.9817 -0.1073
vn 0.0398 -0.9978 -0.0532
vn -0.1445 -0.9761 0.1624
vn -0.2691 -0.9426 0.1978
vn -0.0900 -0.9703 0.2245
vn 0.0901 -0.9657 0.2434
vn -0.0284 -0.9687 0.2467
vn -0.1626 -0.9152 0.3687
vn -0.2926 -0.8901 0.3496
vn -0.1229 -0.8997 0.4189
vn 0.0523 -0.8694 0.4914
vn -0.1031 -0.7964 0.5960
vn -0.2693 -0.8153 0.5125
vn -0.3862 -0.7495 0.5377
vn -0.2079 -0.7903 0.5763
vn -0.0281 -0.7869 0.6164
vn -0.1227 -0.8525 0.5082
vn -0.2408 -0.6431 0.7270
vn -0.3376 -0.7224 0.6035
vn -0.0598 -0.8172 0.5732
vn 0.0483 -0.8374 0.5445
vn -0.0135 -0.8322 0.5543
vn -0.1166 -0.6952 0.7093
vn 0.3730 -0.7335 0.5682
vn 0.3284 -0.7769 0.5372
vn 0.4232 -0.7511 0.5068
vn 0.3763 -0.8245 0.4226
vn 0.3945 -0.7482 0.5334
vn 0.2456 -0.7991 0.5487
vn 0.1618 -0.6555 0.7376
vn 0.1114 -0.7423 0.6607
vn 0.2747 -0.7138 0.6442
vn 0.1563 -0.8160 0.5565
vn 0.1894 -0.8865 0.4222
vn 0.2364 -0.9211 0.3094
vn 0.1185 -0.8883 0.4437
vn 0.0026 -0.8235 0.5673
vn 0.0677 -0.8751 0.4792
vn 0.0707 -0.9366 0.3431
vn 0.1179 -0.9673 0.2245
vn -0.0096 -0.9350 0.3545
vn -0.1459 -0.8719 0.4674
vn -0.1462 -0.9344 0.3247
vn -0.0597 -0.9764 0.2074
vn -0.0232 -0.9965 0.0802
vn -0.1543 -0.9660 0.2076
vn -0.2927 -0.9030 0.3146
vn -0.2136 -0.9494 0.2303
vn -0.2675 -0.9633 0.0228
vn -0.2013 -0.9786 -0.0421
vn -0.2701 -0.9526 0.1401
vn -0.3296 -0.8919 0.3098
vn -0.2392 -0.9323 0.2713
vn -0.5324 -0.8388 -0.1138
vn -0.4519 -0.8832 -0.1255
vn -0.4775 -0.8737 0.0933
vn -0.4894 -0.8202 0.2964
vn -0.4186 -0.8682 0.2665
vn -0.6294 -0.7769 -0.0148
vn -0.5061 -0.8620 -0.0283
vn -0.5885 -0.7996 0.1199
vn -0.6381 -0.7177 0.2788
vn -0.6243 -0.7600 0.1807
vn -0.5654 -0.8227 0.0590
vn -0.5646 -0.8188 -0.1038
vn -0.6737 -0.7387 0.0220
vn -0.7574 -0.6349 0.1522
vn -0.7386 -0.6737 0.0252
vn -0.7928 -0.5793 -0.1894
vn -0.7167 -0.6278 -0.3037
vn -0.8233 -0.5641 -0.0624
vn -0.8699 -0.4932 0.0007
vn -0.8766 -0.4644 -0.1258
vn -0.9011 -0.3459 -0.2613
vn -0.5515 -0.8101 0.1992
vn -0.5053 -0.8372 0.2090
vn -0.5559 -0.7850 0.2734
vn -0.4892 -0.8084 0.3275
vn -0.5589 -0.7950 0.2358
vn -0.4804 -0.8634 0.1543
vn -0.5233 -0.8483 -0.0810
vn -0.4350 -0.9002 -0.0192
vn -0.5539 -0.8296 0.0704
vn -0.4260 -0.8987 0.1038
vn -0.3780 -0.8927 0.2455
vn -0.3738 -0.8511 0.3688
vn -0.3262 -0.9222 0.2078
vn -0.2692 -0.9623 0.0393
vn -0.2579 -0.9507 0.1720
vn -0.2618 -0.9145 0.3084
vn -0.2405 -0.8654 0.4395
vn -0.1803 -0.9414 0.2850
vn -0.0785 -0.9882 0.1314
vn -0.0318 -0.9582 0.2843
vn -0.0515 -0.9042 0.4240
vn -0.0279 -0.8296 0.5577
vn 0.0682 -0.9057 0.4184
vn 0.1840 -0.9444 0.2725
vn 0.2079 -0.8844 0.4179
vn 0.2565 -0.7822 0.5677
vn 0.2602 -0.6879 0.6776
vn 0.3454 -0.7689 0.5380
vn 0.4177 -0.8255 0.3796
vn 0.4131 -0.7630 0.4972
vn 0.4786 -0.6186 0.6231
vn 0.4417 -0.5355 0.7198
vn 0.5392 -0.6053 0.5856
vn 0.6233 -0.6542 0.4284
vn 0.6312 -0.5533 0.5436
vn 0.5834 -0.4703 0.6621
vn 0.5461 -0.3723 0.7505
vn 0.6528 -0.4392 0.6173
vn 0.7567 -0.4622 0.4625
vn 0.7004 -0.4382 0.5634
vn 0.6126 -0.4624 0.6410
vn 0.4932 -0.4763 0.7279
vn 0.6351 -0.4775 0.6072
vn 0.7676 -0.4247 0.4800
vn 0.7275 -0.2888 0.6223
vn 0.4891 -0.5314 0.6917
vn 0.3788 -0.4796 0.7915
vn 0.6101 -0.4619 0.6438
vn 0.7352 -0.2916 0.6119
vn 0.6697 -0.1493 0.7275
vn 0.5697 -0.3752 0.7312
vn 0.1157 -0.9920 -0.0509
vn 0.0901 -0.9959 -0.0105
vn 0.0453 -0.9950 -0.0895
vn -0.0295 -0.9985 -0.0453
vn 0.0780 -0.9947 -0.0674
vn 0.1248 -0.9909 0.0506
vn 0.3458 -0.9329 0.1009
vn 0.2803 -0.9503 0.1355
vn 0.2163 -0.9761 0.0227
vn 0.1633 -0.9807 0.1073
vn 0.0011 -0.9902 0.1394
vn -0.1201 -0.9858 0.1178
vn 0.0468 -0.9802 0.1922
vn 0.2127 -0.9431 0.2555
vn 0.0996 -0.9682 0.2296
vn -0.0494 -0.9636 0.2628
vn -0.1677 -0.9611 0.2192
vn -0.0089 -0.9507 0.3098
vn 0.1467 -0.9053 0.3986
vn 0.0042 -0.9097 0.4152
vn -0.1034 -0.9495 0.2962
vn -0.2620 -0.9216 0.2864
vn -0.1322 -0.8919 0.4324
vn -0.0055 -0.8162 0.5777
vn -0.1888 -0.7745 0.6038
vn -0.2294 -0.9093 0.3471
vn -0.4029 -0.8534 0.3306
vn -0.3017 -0.8035 0.5132
vn -0.1838 -0.7209 0.6682
vn -0.3616 -0.6601 0.6585
vn -0.4504 -0.7501 0.4843
vn -0.6008 -0.6328 0.4885
vn -0.4626 -0.6430 0.6104
vn -0.3099 -0.6362 0.7065
vn -0.4282 -0.6227 0.6548
vn -0.5563 -0.4607 0.6915
vn -0.6152 -0.4998 0.6096
vn -0.4491 -0.6005 0.6616
vn -0.2653 -0.6732 0.6902
vn -0.3184 -0.7416 0.5905
vn -0.4813 -0.4217 0.7684
vn -0.5344 -0.4706 0.7021
vn -0.3495 -0.5995 0.7200
vn -0.1479 -0.6935 0.7051
vn -0.2034 -0.7413 0.6396
vn -0.3727 -0.2509 0.8934
vn -0.4750 -0.3375 0.8127
vn -0.2107 -0.4609 0.8621
vn -0.1062 -0.4932 0.8634
vn -0.1797 -0.4431 0.8783
vn -0.2717 -0.1608 0.9488
vn -0.0227 -0.8553 0.5177
vn -0.0281 -0.8683 0.4952
vn 0.0529 -0.8689 0.4921
vn 0.0810 -0.8905 0.4478
vn 0.0143 -0.8663 0.4993
vn -0.0926 -0.8646 0.4938
vn -0.2909 -0.7781 0.5567
vn -0.2634 -0.8097 0.5243
vn -0.1464 -0.8351 0.5303
vn -0.1584 -0.8569 0.4906
vn -0.0538 -0.9061 0.4197
vn 0.0553 -0.9334 0.3547
vn -0.1242 -0.9134 0.3877
vn -0.3034 -0.8657 0.3982
vn -0.2069 -0.9253 0.3178
vn -0.0592 -0.9421 0.3301
vn 0.0588 -0.9670 0.2480
vn -0.1335 -0.9614 0.2405
vn -0.3156 -0.9182 0.2396
vn -0.2074 -0.9661 0.1538
vn -0.0486 -0.9834 0.1746
vn 0.0463 -0.9968 0.0646
vn -0.1276 -0.9850 0.1158
vn -0.2956 -0.9413 0.1629
vn -0.1832 -0.9746 0.1287
vn -0.1610 -0.9790 -0.1249
vn -0.0736 -0.9780 -0.1952
vn -0.2325 -0.9678 -0.0967
vn -0.3775 -0.9259 0.0137
vn -0.3014 -0.9505 -0.0754
vn -0.2659 -0.9131 -0.3092
vn -0.1541 -0.9022 -0.4029
vn -0.3441 -0.8575 -0.3826
vn -0.5178 -0.7904 -0.3272
vn -0.4513 -0.7302 -0.5130
vn -0.2977 -0.7294 -0.6159
vn -0.2298 -0.6199 -0.7503
vn -0.3856 -0.6506 -0.6542
vn -0.5217 -0.6596 -0.5410
vn -0.3967 -0.7294 -0.5573
vn -0.4861 -0.3522 -0.7998
vn -0.3937 -0.4354 -0.8096
vn -0.5225 -0.5160 -0.6787
vn -0.6416 -0.5661 -0.5176
vn -0.6007 -0.5108 -0.6151
vn -0.5543 -0.2679 -0.7880
vn -0.4270 -0.2842 -0.8584
vn -0.6398 -0.3147 -0.7012
vn -0.7189 -0.2615 -0.6441
vn -0.6580 -0.2046 -0.7247
vn -0.6079 -0.2124 -0.7651
vn 0.8654 -0.3797 -0.3270
vn 0.8598 -0.3930 -0.3260
vn 0.8362 -0.3742 -0.4009
vn 0.8122 -0.3886 -0.4351
vn 0.8507 -0.3780 -0.3652
vn 0.8782 -0.3977 -0.2658
vn 0.9231 -0.3814 -0.0484
vn 0.9164 -0.3907 -0.0866
vn 0.9005 -0.3839 -0.2042
vn 0.8956 -0.3963 -0.2022
vn 0.8132 -0.4915 -0.3116
vn 0.7648 -0.4959 -0.4113
vn 0.8465 -0.4723 -0.2457
vn 0.8976 -0.4349 -0.0714
vn 0.8894 -0.4194 -0.1819
vn 0.7858 -0.5580 -0.2666
vn 0.7615 -0.5227 -0.3832
vn 0.8218 -0.5285 -0.2131
vn 0.8539 -0.5195 -0.0325
vn 0.8046 -0.5766 -0.1417
vn 0.8146 -0.5011 -0.2921
vn 0.7322 -0.5397 -0.4155
vn 0.7521 -0.6156 -0.2356
vn 0.7407 -0.6704 -0.0449
vn 0.6566 -0.7350 -0.1692
vn 0.6890 -0.6424 -0.3355
vn 0.5822 -0.6854 -0.4374
vn 0.6333 -0.7272 -0.2649
vn 0.6561 -0.7502 -0.0828
vn 0.6294 -0.7499 -0.2035
vn 0.5767 -0.7571 -0.3069
vn 0.5328 -0.7264 -0.4342
vn 0.5546 -0.7897 -0.2621
vn 0.5416 -0.8372 -0.0756
vn 0.3790 -0.9055 -0.1908
vn 0.4731 -0.7915 -0.3869
vn 0.3385 -0.8020 -0.4921
vn 0.3567 -0.8776 -0.3202
vn 0.3387 -0.9314 -0.1333
vn 0.3280 -0.9063 -0.2666
vn 0.2692 -0.8926 -0.3615
vn 0.2424 -0.8422 -0.4815
vn 0.2649 -0.9108 -0.3167
vn 0.2660 -0.9545 -0.1351
vn 0.1008 -0.9640 -0.2462
vn 0.1137 -0.9010 -0.4187
vn 0.0336 -0.8332 -0.5520
vn 0.0484 -0.9504 -0.3074
vn -0.0697 -0.9790 -0.1917
vn -0.2003 -0.9360 -0.2894
vn -0.1058 -0.9230 -0.3699
vn -0.2846 -0.3341 0.8986
vn -0.2854 -0.3307 0.8996
vn -0.2091 -0.3257 0.9221
vn -0.1717 -0.3163 0.9330
vn -0.2459 -0.3307 0.9111
vn -0.3441 -0.3332 0.8778
vn -0.5372 -0.3479 0.7683
vn -0.5074 -0.3340 0.7944
vn -0.4021 -0.3431 0.8489
vn -0.4052 -0.3297 0.8527
vn -0.2974 -0.2602 0.9186
vn -0.1786 -0.2305 0.9565
vn -0.3477 -0.2712 0.8975
vn -0.5000 -0.3279 0.8016
vn -0.3702 -0.3853 0.8453
vn -0.2583 -0.2559 0.9315
vn -0.1331 -0.2835 0.9497
vn -0.3044 -0.3214 0.8967
vn -0.4606 -0.3656 0.8088
vn -0.3513 -0.3561 0.8659
vn -0.2181 -0.4485 0.8668
vn -0.1280 -0.4070 0.9044
vn -0.3134 -0.3866 0.8673
vn -0.4854 -0.3646 0.7946
vn -0.4149 -0.3077 0.8562
vn -0.2135 -0.5690 0.7942
vn -0.1454 -0.5176 0.8432
vn -0.3488 -0.4694 0.8112
vn -0.5375 -0.3930 0.7461
vn -0.4924 -0.3037 0.8157
vn -0.2852 -0.6179 0.7327
vn -0.2437 -0.5215 0.8177
vn -0.4304 -0.4824 0.7629
vn -0.5984 -0.4349 0.6729
vn -0.5365 -0.4071 0.7392
vn -0.4153 -0.4758 0.7754
vn -0.3002 -0.4507 0.8407
vn -0.4341 -0.5242 0.7327
vn -0.5641 -0.5592 0.6076
vn -0.4351 -0.6103 0.6620
vn -0.3906 -0.3929 0.8325
vn -0.1956 -0.4564 0.8680
vn -0.3017 -0.6022 0.7391
vn -0.3895 -0.7249 0.5682
vn -0.1681 -0.8123 0.5585
vn -0.1301 -0.5724 0.8096
vn 0.0544 -0.5683 0.8210
vn -0.1500 -0.7052 0.6930
vn -0.1513 -0.8272 0.5412
vn 0.0258 -0.8541 0.5195
vn -0.0018 -0.7505 0.6609
vn -0.5090 -0.5614 -0.6525
vn -0.5146 -0.5407 -0.6655
vn -0.5727 -0.5530 -0.6051
vn -0.6122 -0.5158 -0.5993
vn -0.5414 -0.5547 -0.6318
vn -0.4647 -0.5317 -0.7081
vn -0.2572 -0.5513 -0.7937
vn -0.2979 -0.5496 -0.7805
vn -0.4008 -0.5592 -0.7258
vn -0.4080 -0.5418 -0.7348
vn -0.5310 -0.4586 -0.7126
vn -0.6324 -0.4321 -0.6429
vn -0.4791 -0.4934 -0.7259
vn -0.3107 -0.5290 -0.7897
vn -0.4206 -0.5401 -0.7290
vn -0.5606 -0.3565 -0.7474
vn -0.6623 -0.3822 -0.6444
vn -0.5092 -0.4690 -0.7216
vn -0.3416 -0.5109 -0.7889
vn -0.4513 -0.5327 -0.7160
vn -0.5957 -0.3786 -0.7084
vn -0.6810 -0.4479 -0.5794
vn -0.5300 -0.5139 -0.6745
vn -0.3656 -0.5442 -0.7551
vn -0.4610 -0.5917 -0.6613
vn -0.6082 -0.4940 -0.6214
vn -0.6824 -0.5471 -0.4848
vn -0.5265 -0.6218 -0.5798
vn -0.3570 -0.6595 -0.6615
vn -0.4287 -0.7297 -0.5326
vn -0.6284 -0.5794 -0.5190
vn -0.6791 -0.6483 -0.3443
vn -0.5107 -0.7458 -0.4278
vn -0.3242 -0.8044 -0.4979
vn -0.3637 -0.8744 -0.3211
vn -0.5607 -0.7809 -0.2753
vn -0.5681 -0.8144 -0.1180
vn -0.4567 -0.8499 -0.2627
vn -0.3254 -0.8615 -0.3898
vn -0.4619 -0.8050 -0.3722
vn -0.2676 -0.9631 -0.0304
vn -0.3487 -0.9370 -0.0194
vn -0.3199 -0.9101 -0.2633
vn -0.2784 -0.8256 -0.4909
vn -0.3817 -0.7632 -0.5214
vn -0.0199 -0.9997 -0.0150
vn -0.2017 -0.9782 -0.0498
vn -0.0921 -0.9398 -0.3292
vn -0.0531 -0.8983 -0.4362
vn -0.0789 -0.9181 -0.3885
vn 0.0368 -0.9883 -0.1483
vn 0.7675 -0.6117 0.1918
vn 0.7475 -0.6379 0.1856
vn 0.7858 -0.6077 0.1145
vn 0.7615 -0.6450 0.0645
vn 0.7769 -0.6110 0.1519
vn 0.7155 -0.6560 0.2401
vn 0.6616 -0.5959 0.4551
vn 0.6469 -0.6433 0.4096
vn 0.7276 -0.6103 0.3131
vn 0.6785 -0.6723 0.2960
vn 0.7163 -0.6762 0.1724
vn 0.7428 -0.6674 0.0528
vn 0.6903 -0.6873 0.2259
vn 0.6093 -0.6898 0.3912
vn 0.6450 -0.7128 0.2754
vn 0.6855 -0.7133 0.1457
vn 0.6969 -0.7166 0.0300
vn 0.6652 -0.7163 0.2106
vn 0.6091 -0.6942 0.3835
vn 0.6676 -0.6887 0.2828
vn 0.5246 -0.8423 0.1234
vn 0.5644 -0.8248 0.0358
vn 0.5765 -0.7840 0.2301
vn 0.5604 -0.7185 0.4121
vn 0.6260 -0.7052 0.3328
vn 0.4146 -0.8934 0.1730
vn 0.4884 -0.8685 0.0844
vn 0.4658 -0.8441 0.2657
vn 0.4311 -0.7864 0.4424
vn 0.4591 -0.8185 0.3453
vn 0.3504 -0.9196 0.1773
vn 0.3593 -0.9310 0.0641
vn 0.3315 -0.9108 0.2460
vn 0.2934 -0.8600 0.4175
vn 0.3397 -0.8849 0.3187
vn 0.2235 -0.9585 0.1773
vn 0.2817 -0.9566 0.0752
vn 0.2418 -0.9370 0.2522
vn 0.1977 -0.8847 0.4221
vn 0.1910 -0.9314 0.3098
vn 0.0877 -0.9848 0.1496
vn 0.0590 -0.9974 0.0403
vn 0.0778 -0.9700 0.2303
vn 0.0826 -0.9107 0.4046
vn 0.1676 -0.9316 0.3224
vn -0.2431 -0.9549 0.1703
vn -0.1028 -0.9915 0.0795
vn -0.0330 -0.9332 0.3578
vn -0.0120 -0.8905 0.4549
vn -0.0422 -0.9195 0.3909
vn -0.2445 -0.9269 0.2847
vn -0.5818 -0.5249 0.6213
vn -0.5737 -0.5373 0.6182
vn -0.5312 -0.5062 0.6795
vn -0.4864 -0.5207 0.7016
vn -0.5558 -0.5162 0.6517
vn -0.5994 -0.5657 0.5663
vn -0.7318 -0.5638 0.3830
vn -0.7004 -0.5813 0.4141
vn -0.6573 -0.5455 0.5200
vn -0.6288 -0.5860 0.5111
vn -0.5497 -0.5667 0.6137
vn -0.4650 -0.5451 0.6976
vn -0.5849 -0.5816 0.5654
vn -0.6796 -0.6077 0.4109
vn -0.6171 -0.5976 0.5119
vn -0.5453 -0.5691 0.6154
vn -0.4567 -0.5465 0.7019
vn -0.5602 -0.6062 0.5646
vn -0.6341 -0.6602 0.4027
vn -0.5326 -0.6855 0.4964
vn -0.5081 -0.5944 0.6233
vn -0.4230 -0.5629 0.7101
vn -0.5128 -0.6414 0.5706
vn -0.5650 -0.7185 0.4057
vn -0.5042 -0.6941 0.5138
vn -0.3994 -0.6760 0.6192
vn -0.3229 -0.6436 0.6939
vn -0.4445 -0.6999 0.5592
vn -0.5446 -0.7343 0.4052
vn -0.5366 -0.6807 0.4988
vn -0.3496 -0.7516 0.5594
vn -0.3327 -0.6743 0.6593
vn -0.4068 -0.7532 0.5169
vn -0.4766 -0.8040 0.3556
vn -0.3744 -0.8092 0.4528
vn -0.4637 -0.6524 0.5995
vn -0.3435 -0.6078 0.7160
vn -0.3229 -0.7540 0.5721
vn -0.2345 -0.8892 0.3929
vn 0.0304 -0.8682 0.4952
vn -0.2595 -0.6482 0.7159
vn -0.1178 -0.5997 0.7915
vn -0.1434 -0.7354 0.6623
vn -0.1040 -0.8613 0.4973
vn -0.1097 -0.7823 0.6132
vn 0.0784 -0.7444 0.6631
vn 0.0184 -0.6442 0.7646
vn -0.1402 -0.8018 0.5809
vn -0.1815 -0.8477 0.4985
vn -0.1350 -0.8200 0.5562
vn 0.0815 -0.8062 0.5860
vn -0.8008 -0.2241 0.5555
vn -0.7928 -0.2445 0.5583
vn -0.7594 -0.1995 0.6193
vn -0.7280 -0.2109 0.6523
vn -0.7808 -0.2117 0.5879
vn -0.8210 -0.2667 0.5048
vn -0.9048 -0.3020 0.3002
vn -0.8802 -0.3281 0.3429
vn -0.8568 -0.2601 0.4453
vn -0.8457 -0.2911 0.4472
vn -0.7540 -0.3249 0.5709
vn -0.6973 -0.2798 0.6599
vn -0.7881 -0.3423 0.5116
vn -0.8451 -0.4056 0.3483
vn -0.8499 -0.3153 0.4223
vn -0.7130 -0.4064 0.5714
vn -0.6908 -0.3241 0.6463
vn -0.7718 -0.3995 0.4947
vn -0.8307 -0.4544 0.3218
vn -0.8606 -0.3465 0.3733
vn -0.7128 -0.4284 0.5554
vn -0.7010 -0.3410 0.6263
vn -0.7574 -0.4423 0.4803
vn -0.7834 -0.5331 0.3194
vn -0.8155 -0.4433 0.3721
vn -0.7194 -0.4455 0.5328
vn -0.7282 -0.3400 0.5951
vn -0.7340 -0.4791 0.4813
vn -0.6948 -0.6158 0.3715
vn -0.6690 -0.5438 0.5067
vn -0.7039 -0.4287 0.5663
vn -0.6890 -0.3249 0.6478
vn -0.6527 -0.4902 0.5777
vn -0.5522 -0.6481 0.5244
vn -0.5584 -0.5527 0.6186
vn -0.6734 -0.4484 0.5878
vn -0.6990 -0.3096 0.6446
vn -0.5979 -0.4714 0.6483
vn -0.4803 -0.6187 0.6217
vn -0.4333 -0.4802 0.7627
vn -0.7519 -0.3456 0.5614
vn -0.7122 -0.1832 0.6776
vn -0.5985 -0.3448 0.7231
vn -0.4273 -0.4890 0.7605
vn -0.3969 -0.3102 0.8638
vn -0.6634 -0.2084 0.7186
vn -0.6887 -0.0576 0.7228
vn -0.6091 -0.3143 0.7282
vn -0.4720 -0.3704 0.8000
vn -0.4289 -0.2274 0.8743
vn -0.5764 -0.2158 0.7882
vn 0.0818 -0.4037 -0.9112
vn 0.0792 -0.4170 -0.9055
vn 0.0034 -0.3929 -0.9196
vn -0.0389 -0.4048 -0.9136
vn 0.0415 -0.3989 -0.9160
vn 0.1409 -0.4253 -0.8940
vn 0.3552 -0.4214 -0.8344
vn 0.3175 -0.4295 -0.8454
vn 0.2067 -0.4149 -0.8861
vn 0.2052 -0.4282 -0.8801
vn 0.0633 -0.5143 -0.8552
vn -0.0476 -0.5113 -0.8581
vn 0.1383 -0.5009 -0.8544
vn 0.3189 -0.4757 -0.8198
vn 0.2190 -0.4531 -0.8641
vn 0.0851 -0.5847 -0.8068
vn -0.0263 -0.5420 -0.8400
vn 0.1514 -0.5596 -0.8148
vn 0.3264 -0.5626 -0.7595
vn 0.2023 -0.6111 -0.7653
vn 0.0799 -0.5334 -0.8421
vn -0.0696 -0.5578 -0.8271
vn 0.0918 -0.6436 -0.7599
vn 0.2493 -0.7099 -0.6587
vn 0.0941 -0.7622 -0.6405
vn -0.0292 -0.6645 -0.7467
vn -0.1722 -0.6917 -0.7014
vn -0.0000 -0.7473 -0.6645
vn 0.1682 -0.7845 -0.5969
vn 0.0510 -0.7732 -0.6321
vn -0.0671 -0.7745 -0.6290
vn -0.1951 -0.7310 -0.6539
vn -0.0407 -0.8058 -0.5907
vn 0.1102 -0.8656 -0.4885
vn -0.0782 -0.9136 -0.3989
vn -0.1895 -0.7947 -0.5766
vn -0.3462 -0.7848 -0.5141
vn -0.1960 -0.8743 -0.4440
vn -0.0497 -0.9418 -0.3324
vn -0.1656 -0.9052 -0.3914
vn -0.2763 -0.8796 -0.3871
vn -0.3864 -0.8173 -0.4275
vn -0.2409 -0.8998 -0.3636
vn -0.0897 -0.9581 -0.2720
vn -0.2709 -0.9444 -0.1862
vn -0.4035 -0.8689 -0.2866
vn -0.5489 -0.7835 -0.2913
vn -0.3466 -0.9217 -0.1742
vn -0.3134 -0.9495 -0.0111
vn -0.4597 -0.8867 0.0492
vn -0.4753 -0.8763 -0.0790
vn 0.6014 -0.3734 0.7063
vn 0.6021 -0.3709 0.7071
vn 0.6600 -0.3723 0.6525
vn 0.6886 -0.3679 0.6249
vn 0.6317 -0.3742 0.6789
vn 0.5537 -0.3685 0.7467
vn 0.3621 -0.3604 0.8597
vn 0.4008 -0.3511 0.8462
vn 0.4992 -0.3712 0.7830
vn 0.5021 -0.3590 0.7867
vn 0.6197 -0.3031 0.7239
vn 0.7141 -0.2866 0.6387
vn 0.5751 -0.3104 0.7569
vn 0.4110 -0.3468 0.8431
vn 0.5066 -0.4146 0.7559
vn 0.6494 -0.3079 0.6954
vn 0.7231 -0.3486 0.5964
vn 0.5891 -0.3672 0.7198
vn 0.4322 -0.3882 0.8139
vn 0.5361 -0.3935 0.7468
vn 0.5879 -0.5036 0.6331
vn 0.6695 -0.4739 0.5720
vn 0.5501 -0.4336 0.7137
vn 0.4069 -0.3898 0.8262
vn 0.5023 -0.3526 0.7896
vn 0.5054 -0.6254 0.5945
vn 0.5887 -0.5855 0.5574
vn 0.4724 -0.5122 0.7172
vn 0.3378 -0.4134 0.8455
vn 0.4337 -0.3456 0.8321
vn 0.4086 -0.6638 0.6265
vn 0.5187 -0.5802 0.6279
vn 0.3906 -0.5154 0.7628
vn 0.2421 -0.4412 0.8642
vn 0.3334 -0.4356 0.8361
vn 0.4150 -0.5050 0.7567
vn 0.5276 -0.5088 0.6803
vn 0.3563 -0.5565 0.7506
vn 0.1813 -0.5578 0.8099
vn 0.2754 -0.6328 0.7237
vn 0.4968 -0.4354 0.7507
vn 0.5957 -0.5445 0.5904
vn 0.4021 -0.6583 0.6364
vn 0.1880 -0.7354 0.6511
vn 0.2528 -0.8501 0.4620
vn 0.5424 -0.6675 0.5101
vn 0.6246 -0.7016 0.3431
vn 0.3970 -0.7804 0.4831
vn 0.2355 -0.8693 0.4346
vn 0.2805 -0.9203 0.2726
vn 0.4119 -0.8474 0.3352
vn -0.8713 -0.4627 0.1637
vn -0.8841 -0.4387 0.1612
vn -0.8589 -0.4515 0.2417
vn -0.8698 -0.4082 0.2771
vn -0.8678 -0.4542 0.2016
vn -0.8975 -0.4304 0.0966
vn -0.8757 -0.4663 -0.1252
vn -0.8845 -0.4589 -0.0835
vn -0.8846 -0.4652 0.0336
vn -0.8957 -0.4432 0.0345
vn -0.9264 -0.3463 0.1479
vn -0.9109 -0.3134 0.2684
vn -0.9184 -0.3833 0.0976
vn -0.8987 -0.4314 -0.0784
vn -0.8992 -0.4350 0.0475
vn -0.9614 -0.2312 0.1492
vn -0.9238 -0.2513 0.2888
vn -0.9296 -0.3474 0.1228
vn -0.9137 -0.4027 -0.0535
vn -0.9056 -0.4167 0.0788
vn -0.9505 -0.2396 0.1979
vn -0.8897 -0.3058 0.3390
vn -0.9097 -0.3807 0.1657
vn -0.9055 -0.4240 -0.0148
vn -0.8772 -0.4656 0.1173
vn -0.9035 -0.3425 0.2577
vn -0.8305 -0.3947 0.3930
vn -0.8500 -0.4802 0.2167
vn -0.8454 -0.5332 0.0322
vn -0.7807 -0.6031 0.1634
vn -0.8477 -0.4135 0.3324
vn -0.7352 -0.4898 0.4686
vn -0.7433 -0.6029 0.2897
vn -0.7244 -0.6823 0.0983
vn -0.6054 -0.7630 0.2266
vn -0.6546 -0.6321 0.4147
vn -0.5316 -0.6815 0.5030
vn -0.6088 -0.7178 0.3378
vn -0.6576 -0.7359 0.1614
vn -0.7019 -0.6537 0.2829
vn -0.3569 -0.8824 0.3066
vn -0.3827 -0.8423 0.3796
vn -0.5711 -0.7885 0.2282
vn -0.7291 -0.6809 0.0684
vn -0.7962 -0.5900 0.1341
vn -0.2469 -0.9628 0.1103
vn -0.3589 -0.9007 0.2447
vn -0.5343 -0.8453 0.0035
vn -0.5986 -0.7961 -0.0889
vn -0.5780 -0.8150 -0.0404
vn -0.3346 -0.9423 -0.0067
vn 0.4371 -0.7065 -0.5566
vn 0.4179 -0.7310 -0.5394
vn 0.3781 -0.6973 -0.6090
vn 0.3164 -0.7286 -0.6074
vn 0.4067 -0.7028 -0.5837
vn 0.4488 -0.7508 -0.4847
vn 0.6231 -0.7036 -0.3416
vn 0.5682 -0.7467 -0.3458
vn 0.5265 -0.7115 -0.4653
vn 0.4784 -0.7685 -0.4248
vn 0.3834 -0.7684 -0.5124
vn 0.2916 -0.7513 -0.5921
vn 0.4172 -0.7814 -0.4640
vn 0.5247 -0.7908 -0.3151
vn 0.4357 -0.8068 -0.3992
vn 0.3369 -0.8024 -0.4927
vn 0.2396 -0.7956 -0.5565
vn 0.3837 -0.8100 -0.4434
vn 0.5125 -0.7994 -0.3137
vn 0.4520 -0.7909 -0.4125
vn 0.2183 -0.9108 -0.3505
vn 0.1611 -0.8900 -0.4265
vn 0.3433 -0.8728 -0.3469
vn 0.5053 -0.8260 -0.2500
vn 0.4694 -0.8126 -0.3455
vn 0.1938 -0.9561 -0.2198
vn 0.1547 -0.9322 -0.3273
vn 0.3065 -0.9255 -0.2225
vn 0.4532 -0.8845 -0.1110
vn 0.3776 -0.9084 -0.1796
vn 0.1559 -0.9756 -0.1546
vn 0.0604 -0.9744 -0.2168
vn 0.2087 -0.9723 -0.1050
vn 0.3478 -0.9375 0.0090
vn 0.2813 -0.9564 -0.0781
vn 0.0838 -0.9958 -0.0360
vn 0.0252 -0.9902 -0.1371
vn 0.1627 -0.9865 -0.0175
vn 0.2965 -0.9496 0.1018
vn 0.1890 -0.9805 0.0540
vn -0.0132 -0.9975 0.0687
vn -0.1213 -0.9919 0.0369
vn 0.0554 -0.9916 0.1169
vn 0.2171 -0.9557 0.1989
vn 0.1889 -0.9784 0.0845
vn -0.1549 -0.9213 0.3568
vn -0.1677 -0.9667 0.1936
vn 0.1136 -0.9542 0.2769
vn 0.2150 -0.9274 0.3061
vn 0.1420 -0.9438 0.2986
vn -0.0557 -0.9072 0.4170
vn 0.1287 -0.5225 0.8429
vn 0.1285 -0.5345 0.8353
vn 0.2070 -0.5167 0.8307
vn 0.2468 -0.5386 0.8056
vn 0.1692 -0.5211 0.8366
vn 0.0670 -0.5554 0.8289
vn -0.1554 -0.5177 0.8413
vn -0.1157 -0.5411 0.8329
vn 0.0013 -0.5246 0.8513
vn 0.0023 -0.5657 0.8246
vn 0.1331 -0.5653 0.8141
vn 0.2513 -0.5659 0.7853
vn 0.0719 -0.5723 0.8169
vn -0.1111 -0.5671 0.8161
vn 0.0078 -0.5783 0.8158
vn 0.1373 -0.5677 0.8117
vn 0.2596 -0.5696 0.7798
vn 0.0800 -0.5991 0.7967
vn -0.1040 -0.6210 0.7769
vn 0.0209 -0.6707 0.7415
vn 0.1597 -0.5980 0.7854
vn 0.2822 -0.5934 0.7538
vn 0.1043 -0.6407 0.7606
vn -0.0765 -0.6844 0.7251
vn 0.0506 -0.6860 0.7259
vn 0.1925 -0.6978 0.6900
vn 0.2999 -0.6901 0.6587
vn 0.1161 -0.7068 0.6978
vn -0.0687 -0.7023 0.7086
vn 0.0313 -0.6721 0.7398
vn 0.1512 -0.7660 0.6248
vn 0.2641 -0.7114 0.6513
vn 0.0897 -0.7580 0.6461
vn -0.0922 -0.7708 0.6304
vn 0.0353 -0.8095 0.5861
vn 0.1656 -0.6537 0.7384
vn 0.3329 -0.6609 0.6726
vn 0.1787 -0.7849 0.5932
vn 0.0220 -0.8944 0.4467
vn 0.2173 -0.9380 0.2699
vn 0.3600 -0.7236 0.5889
vn 0.4961 -0.7212 0.4835
vn 0.3370 -0.8208 0.4613
vn 0.1733 -0.9107 0.3750
vn 0.2970 -0.8580 0.4191
vn 0.4176 -0.8743 0.2475
vn 0.5143 -0.7892 0.3357
vn 0.2521 -0.8716 0.4204
vn 0.1527 -0.8920 0.4256
vn 0.2303 -0.8885 0.3968
vn 0.3323 -0.9187 0.2136
vn -0.1236 -0.6231 0.7724
vn -0.1230 -0.6472 0.7523
vn -0.0437 -0.6315 0.7742
vn -0.0028 -0.6732 0.7394
vn -0.0826 -0.6314 0.7710
vn -0.1841 -0.6616 0.7269
vn -0.3962 -0.5758 0.7152
vn -0.3592 -0.6184 0.6990
vn -0.2472 -0.6129 0.7505
vn -0.2468 -0.6664 0.7036
vn -0.1260 -0.7410 0.6596
vn -0.0115 -0.7759 0.6308
vn -0.1916 -0.7470 0.6366
vn -0.3634 -0.6887 0.6275
vn -0.2548 -0.7376 0.6253
vn -0.1444 -0.8063 0.5736
vn -0.0213 -0.8328 0.5532
vn -0.2051 -0.8131 0.5447
vn -0.3826 -0.7676 0.5141
vn -0.2755 -0.8446 0.4590
vn -0.1145 -0.8433 0.5251
vn 0.0197 -0.8960 0.4436
vn -0.1725 -0.9063 0.3858
vn -0.3593 -0.8845 0.2977
vn -0.2276 -0.9565 0.1827
vn -0.0419 -0.9196 0.3906
vn 0.1071 -0.9543 0.2789
vn -0.0841 -0.9799 0.1807
vn -0.2700 -0.9593 0.0833
vn -0.1230 -0.9919 -0.0329
vn 0.0486 -0.9975 0.0519
vn 0.1657 -0.9799 -0.1107
vn -0.0197 -0.9933 -0.1135
vn -0.1971 -0.9746 -0.1064
vn -0.0733 -0.9854 -0.1536
vn -0.0040 -0.9220 -0.3871
vn 0.0910 -0.9308 -0.3539
vn -0.0700 -0.9675 -0.2428
vn -0.2286 -0.9647 -0.1306
vn -0.1266 -0.9888 -0.0789
vn -0.1275 -0.8602 -0.4938
vn -0.0455 -0.8866 -0.4603
vn -0.1967 -0.9327 -0.3024
vn -0.3398 -0.9298 -0.1410
vn -0.2567 -0.9582 -0.1261
vn -0.3071 -0.6892 -0.6562
vn -0.1762 -0.7652 -0.6192
vn -0.4066 -0.8007 -0.4399
vn -0.4869 -0.7910 -0.3704
vn -0.4436 -0.7710 -0.4569
vn -0.4274 -0.5690 -0.7026
vn -0.4847 -0.7740 -0.4075
vn -0.4741 -0.7869 -0.3951
vn -0.5408 -0.7634 -0.3533
vn -0.5529 -0.7745 -0.3073
vn -0.5144 -0.7681 -0.3813
vn -0.4247 -0.7948 -0.4335
vn -0.2629 -0.7685 -0.5834
vn -0.2787 -0.7925 -0.5425
vn -0.3899 -0.7777 -0.4930
vn -0.3688 -0.8029 -0.4684
vn -0.4326 -0.8336 -0.3434
vn -0.5100 -0.8249 -0.2438
vn -0.3711 -0.8575 -0.3562
vn -0.2097 -0.8712 -0.4438
vn -0.2828 -0.8998 -0.3322
vn -0.3980 -0.8784 -0.2647
vn -0.4824 -0.8621 -0.1550
vn -0.3220 -0.9183 -0.2305
vn -0.1515 -0.9421 -0.2990
vn -0.2338 -0.9554 -0.1805
vn -0.3678 -0.9216 -0.1243
vn -0.4274 -0.9041 -0.0042
vn -0.2919 -0.9492 -0.1174
vn -0.1431 -0.9654 -0.2179
vn -0.2463 -0.9555 -0.1624
vn -0.1904 -0.9747 0.1169
vn -0.2526 -0.9460 0.2033
vn -0.1365 -0.9889 0.0580
vn -0.0196 -0.9956 -0.0921
vn -0.0785 -0.9969 0.0044
vn -0.0146 -0.9597 0.2806
vn -0.0981 -0.9164 0.3879
vn 0.0730 -0.9445 0.3202
vn 0.2431 -0.9418 0.2321
vn 0.2363 -0.8699 0.4330
vn 0.1270 -0.8059 0.5783
vn 0.1142 -0.6911 0.7137
vn 0.2377 -0.7695 0.5927
vn 0.3502 -0.8151 0.4614
vn 0.2158 -0.8438 0.4913
vn 0.4467 -0.5110 0.7344
vn 0.3416 -0.5533 0.7597
vn 0.4245 -0.6660 0.6134
vn 0.5050 -0.7443 0.4371
vn 0.4954 -0.6818 0.5382
vn 0.5446 -0.4171 0.7276
vn 0.4254 -0.4035 0.8100
vn 0.6070 -0.4832 0.6309
vn 0.6905 -0.4492 0.5669
vn 0.6543 -0.3790 0.6544
vn 0.6131 -0.3620 0.7021
vn -0.3603 -0.9132 0.1906
vn -0.3480 -0.9188 0.1862
vn -0.3319 -0.9056 0.2641
vn -0.2912 -0.9097 0.2959
vn -0.3469 -0.9097 0.2284
vn -0.3456 -0.9301 0.1242
vn -0.4426 -0.8932 -0.0790
vn -0.3811 -0.9229 -0.0549
vn -0.4013 -0.9133 0.0703
vn -0.3170 -0.9470 0.0519
vn -0.2890 -0.9393 0.1848
vn -0.2188 -0.9294 0.2971
vn -0.2507 -0.9607 0.1192
vn -0.2678 -0.9613 -0.0645
vn -0.1936 -0.9799 0.0475
vn -0.2453 -0.9475 0.2052
vn -0.1754 -0.9300 0.3229
vn -0.1883 -0.9717 0.1426
vn -0.1969 -0.9795 -0.0425
vn -0.1179 -0.9903 0.0735
vn -0.0653 -0.9757 0.2093
vn 0.0430 -0.9561 0.2898
vn -0.0417 -0.9909 0.1277
vn -0.1149 -0.9927 -0.0376
vn -0.1138 -0.9907 0.0748
vn 0.2347 -0.9705 0.0553
vn 0.2499 -0.9549 0.1605
vn 0.1629 -0.9866 0.0013
vn 0.0685 -0.9842 -0.1633
vn 0.1737 -0.9810 -0.0869
vn 0.4314 -0.9019 -0.0235
vn 0.5111 -0.8565 0.0722
vn 0.4549 -0.8850 -0.0995
vn 0.3829 -0.8845 -0.2664
vn 0.4400 -0.8831 -0.1631
vn 0.5835 -0.8065 -0.0948
vn 0.6214 -0.7829 0.0315
vn 0.6024 -0.7837 -0.1515
vn 0.5741 -0.7459 -0.3377
vn 0.7202 -0.6489 -0.2454
vn 0.7200 -0.6917 -0.0559
vn 0.7835 -0.6202 0.0389
vn 0.7394 -0.6589 -0.1382
vn 0.6868 -0.6548 -0.3156
vn 0.6471 -0.7401 -0.1832
vn 0.8479 -0.5022 -0.1699
vn 0.7997 -0.5996 -0.0298
vn 0.6556 -0.7075 -0.2641
vn 0.5816 -0.7362 -0.3460
vn 0.6171 -0.7293 -0.2957
vn 0.7734 -0.5730 -0.2711
vn 0.2510 -0.8626 -0.4392
vn 0.2355 -0.8972 -0.3736
vn 0.1729 -0.8723 -0.4574
vn 0.1059 -0.9264 -0.3613
vn 0.2098 -0.8710 -0.4442
vn 0.2781 -0.9123 -0.3007
vn 0.5038 -0.7966 -0.3341
vn 0.4427 -0.8655 -0.2343
vn 0.3647 -0.8464 -0.3881
vn 0.3198 -0.9220 -0.2182
vn 0.1722 -0.9705 -0.1688
vn 0.0471 -0.9856 -0.1621
vn 0.2218 -0.9682 -0.1157
vn 0.3898 -0.9182 -0.0700
vn 0.2771 -0.9570 -0.0859
vn 0.1409 -0.9899 -0.0127
vn 0.0111 -0.9999 -0.0080
vn 0.1842 -0.9816 0.0505
vn 0.3493 -0.9291 0.1215
vn 0.2100 -0.9600 0.1851
vn 0.0633 -0.9845 0.1637
vn -0.0679 -0.9823 0.1746
vn 0.1032 -0.9647 0.2422
vn 0.2626 -0.9101 0.3205
vn 0.1513 -0.9474 0.2819
vn -0.0232 -0.9135 0.4061
vn -0.1081 -0.9236 0.3677
vn 0.0897 -0.9270 0.3643
vn 0.2780 -0.8948 0.3494
vn 0.2086 -0.9371 0.2799
vn -0.0343 -0.7450 0.6661
vn -0.0790 -0.7948 0.6018
vn 0.1357 -0.8233 0.5512
vn 0.3377 -0.8073 0.4840
vn 0.2838 -0.8578 0.4285
vn 0.1046 -0.6973 0.7091
vn 0.0413 -0.7923 0.6088
vn 0.2164 -0.7500 0.6251
vn 0.3922 -0.6923 0.6057
vn 0.2933 -0.7215 0.6272
vn 0.1516 -0.7675 0.6229
vn 0.0017 -0.7437 0.6685
vn 0.1653 -0.6758 0.7183
vn 0.3263 -0.5853 0.7422
vn 0.1980 -0.6092 0.7679
vn 0.0233 -0.4865 0.8734
vn -0.1126 -0.5272 0.8422
vn 0.1557 -0.4883 0.8587
vn 0.2369 -0.4235 0.8744
vn 0.1232 -0.3802 0.9167
vn 0.0153 -0.2488 0.9684
vn 0.4034 -0.8740 0.2710
vn 0.3840 -0.8962 0.2224
vn 0.4700 -0.8503 0.2367
vn 0.4764 -0.8670 0.1459
vn 0.4392 -0.8604 0.2586
vn 0.3219 -0.9191 0.2270
vn 0.1501 -0.9061 0.3955
vn 0.1490 -0.9484 0.2800
vn 0.2950 -0.8930 0.3400
vn 0.2469 -0.9475 0.2032
vn 0.3396 -0.9367 0.0855
vn 0.4433 -0.8962 0.0170
vn 0.2768 -0.9592 0.0576
vn 0.1019 -0.9899 0.0986
vn 0.2071 -0.9782 0.0161
vn 0.3264 -0.9439 -0.0503
vn 0.4276 -0.8935 -0.1373
vn 0.2592 -0.9595 -0.1105
vn 0.0714 -0.9909 -0.1140
vn 0.1744 -0.9562 -0.2350
vn 0.3069 -0.9075 -0.2867
vn 0.4101 -0.8314 -0.3750
vn 0.2345 -0.8924 -0.3855
vn 0.0460 -0.9145 -0.4020
vn 0.1573 -0.8528 -0.4981
vn 0.2628 -0.7513 -0.6054
vn 0.3580 -0.6577 -0.6627
vn 0.1886 -0.7253 -0.6621
vn 0.0132 -0.7715 -0.6361
vn 0.1175 -0.7105 -0.6939
vn 0.1968 -0.5694 -0.7981
vn 0.3029 -0.4913 -0.8166
vn 0.1318 -0.5477 -0.8262
vn -0.0482 -0.5861 -0.8088
vn 0.0483 -0.4866 -0.8723
vn 0.1816 -0.4190 -0.8896
vn 0.2811 -0.3253 -0.9029
vn 0.1068 -0.3803 -0.9187
vn -0.0805 -0.3932 -0.9159
vn 0.0362 -0.3753 -0.9262
vn 0.1522 -0.4163 -0.8964
vn 0.2917 -0.4406 -0.8490
vn 0.1109 -0.4290 -0.8965
vn -0.0674 -0.3655 -0.9284
vn 0.0769 -0.2374 -0.9684
vn 0.2620 -0.5011 -0.8248
vn 0.4094 -0.4562 -0.7902
vn 0.1563 -0.4223 -0.8929
vn 0.0644 -0.2461 -0.9671
vn 0.2013 -0.1121 -0.9731
vn 0.2538 -0.3421 -0.9047
vn 0.1966 -0.9801 -0.0292
vn 0.2403 -0.9704 -0.0248
vn 0.1926 -0.9800 0.0506
vn 0.2586 -0.9611 0.0974
vn 0.1972 -0.9803 0.0116
vn 0.2738 -0.9581 -0.0838
vn 0.2124 -0.9279 -0.3062
vn 0.2706 -0.9261 -0.2629
vn 0.2105 -0.9655 -0.1536
vn 0.3010 -0.9426 -0.1446
vn 0.3956 -0.9183 -0.0131
vn 0.4221 -0.9005 0.1045
vn 0.4151 -0.9064 -0.0781
vn 0.3908 -0.8839 -0.2570
vn 0.4178 -0.8972 -0.1433
vn 0.5014 -0.8649 -0.0241
vn 0.5068 -0.8561 0.1009
vn 0.5173 -0.8520 -0.0813
vn 0.5193 -0.8134 -0.2620
vn 0.5899 -0.7952 -0.1403
vn 0.5285 -0.8489 0.0088
vn 0.5732 -0.8046 0.1549
vn 0.6425 -0.7659 -0.0253
vn 0.7025 -0.6816 -0.2049
vn 0.7879 -0.6136 -0.0516
vn 0.5915 -0.8004 0.0973
vn 0.6322 -0.7302 0.2590
vn 0.7445 -0.6617 0.0888
vn 0.8185 -0.5680 -0.0867
vn 0.8674 -0.4918 0.0762
vn 0.7523 -0.6166 0.2322
vn 0.7941 -0.4876 0.3629
vn 0.8495 -0.4932 0.1873
vn 0.8729 -0.4879 0.0079
vn 0.8697 -0.4743 0.1366
vn 0.9201 -0.3144 0.2337
vn 0.8745 -0.3620 0.3229
vn 0.8695 -0.4696 0.1530
vn 0.8317 -0.5546 -0.0247
vn 0.7696 -0.6350 0.0669
vn 0.9455 -0.2963 0.1351
vn 0.9122 -0.3506 0.2121
vn 0.8705 -0.4906 0.0393
vn 0.7869 -0.6018 -0.1364
vn 0.7524 -0.6562 -0.0582
vn 0.9899 -0.1404 -0.0168
vn 0.9673 -0.2278 0.1112
vn 0.9198 -0.3637 -0.1475
vn 0.8822 -0.4036 -0.2426
vn 0.9187 -0.3502 -0.1825
vn 0.9892 -0.0629 -0.1325
vn 0.4871 -0.8730 -0.0259
vn 0.4662 -0.8846 -0.0112
vn 0.4337 -0.8972 -0.0835
vn 0.3800 -0.9206 -0.0899
vn 0.4525 -0.8904 -0.0489
vn 0.4842 -0.8734 0.0514
vn 0.6151 -0.7628 0.1995
vn 0.5754 -0.7958 0.1888
vn 0.5367 -0.8394 0.0857
vn 0.5035 -0.8566 0.1130
vn 0.4051 -0.9132 0.0438
vn 0.3010 -0.9533 -0.0254
vn 0.3975 -0.9089 0.1257
vn 0.4760 -0.8344 0.2778
vn 0.3636 -0.9024 0.2311
vn 0.3271 -0.9414 0.0819
vn 0.2006 -0.9796 0.0141
vn 0.2666 -0.9439 0.1951
vn 0.3396 -0.8720 0.3527
vn 0.2175 -0.9296 0.2975
vn 0.1815 -0.9737 0.1381
vn 0.0370 -0.9939 0.1039
vn 0.1538 -0.9588 0.2387
vn 0.2677 -0.8931 0.3616
vn 0.1872 -0.9412 0.2814
vn -0.0400 -0.9308 0.3634
vn -0.1411 -0.9381 0.3162
vn 0.0150 -0.9103 0.4137
vn 0.1778 -0.8553 0.4866
vn 0.0638 -0.8845 0.4621
vn -0.1484 -0.8443 0.5150
vn -0.2832 -0.8429 0.4574
vn -0.1796 -0.7702 0.6119
vn -0.0497 -0.6833 0.7285
vn -0.2419 -0.6221 0.7446
vn -0.3972 -0.6467 0.6512
vn -0.5492 -0.5371 0.6402
vn -0.3918 -0.5539 0.7346
vn -0.2273 -0.5546 0.8005
vn -0.3009 -0.6401 0.7069
vn -0.4669 -0.2484 0.8487
vn -0.5183 -0.3461 0.7820
vn -0.3415 -0.4191 0.8413
vn -0.1431 -0.4652 0.8736
vn -0.2477 -0.4117 0.8770
vn -0.4194 -0.1772 0.8904
vn -0.5427 -0.2024 0.8152
vn -0.3021 -0.2205 0.9274
vn -0.2138 -0.1633 0.9631
vn -0.3136 -0.1099 0.9432
vn -0.3724 -0.1279 0.9192
vn -0.6241 -0.7348 0.2658
vn -0.5769 -0.7768 0.2526
vn -0.5972 -0.7266 0.3397
vn -0.5069 -0.7836 0.3591
vn -0.6125 -0.7299 0.3033
vn -0.5623 -0.8056 0.1867
vn -0.6910 -0.7227 -0.0105
vn -0.5891 -0.8080 0.0051
vn -0.6618 -0.7359 0.1433
vn -0.5231 -0.8448 0.1126
vn -0.3910 -0.8937 0.2202
vn -0.3095 -0.8928 0.3274
vn -0.3517 -0.9237 0.1518
vn -0.3866 -0.9219 -0.0268
vn -0.3193 -0.9440 0.0838
vn -0.1209 -0.9787 0.1658
vn -0.0260 -0.9653 0.2599
vn -0.0886 -0.9921 0.0889
vn -0.1541 -0.9848 -0.0806
vn -0.0676 -0.9976 0.0157
vn 0.1191 -0.9892 0.0850
vn 0.1657 -0.9676 0.1907
vn 0.1000 -0.9947 0.0247
vn 0.0405 -0.9884 -0.1461
vn 0.1028 -0.9937 -0.0450
vn 0.3249 -0.9456 0.0151
vn 0.4109 -0.9066 0.0965
vn 0.3234 -0.9439 -0.0668
vn 0.2289 -0.9472 -0.2247
vn 0.2756 -0.9525 -0.1294
vn 0.5711 -0.8096 -0.1355
vn 0.5678 -0.8227 -0.0287
vn 0.4715 -0.8628 -0.1823
vn 0.3534 -0.8749 -0.3313
vn 0.3958 -0.8858 -0.2423
vn 0.6032 -0.7724 -0.1990
vn 0.6628 -0.7424 -0.0977
vn 0.5954 -0.7580 -0.2662
vn 0.5097 -0.7459 -0.4287
vn 0.6029 -0.7202 -0.3434
vn 0.7195 -0.6480 -0.2497
vn 0.7688 -0.6241 -0.1394
vn 0.7100 -0.6321 -0.3104
vn 0.6247 -0.6225 -0.4715
vn 0.6926 -0.6184 -0.3714
vn 0.7580 -0.5977 -0.2612
vn 0.7810 -0.6138 -0.1157
vn 0.6564 -0.6694 -0.3479
vn 0.6366 -0.6294 -0.4455
vn 0.7070 -0.5977 -0.3782
vn 0.6890 -0.6617 -0.2957
vn 0.3201 -0.9443 0.0762
vn 0.2615 -0.9623 0.0742
vn 0.3205 -0.9472 -0.0041
vn 0.2345 -0.9709 -0.0484
vn 0.3183 -0.9473 0.0354
vn 0.2202 -0.9662 0.1336
vn 0.2896 -0.8899 0.3524
vn 0.1816 -0.9330 0.3105
vn 0.3029 -0.9315 0.2015
vn 0.1498 -0.9700 0.1914
vn 0.1139 -0.9917 0.0591
vn 0.0908 -0.9931 -0.0737
vn 0.0391 -0.9938 0.1043
vn -0.0008 -0.9602 0.2794
vn -0.0376 -0.9879 0.1507
vn -0.0199 -0.9997 0.0113
vn -0.0716 -0.9890 -0.1293
vn -0.1262 -0.9908 0.0493
vn -0.2003 -0.9539 0.2234
vn -0.2746 -0.9582 0.0803
vn -0.2562 -0.9641 -0.0701
vn -0.3107 -0.9254 -0.2169
vn -0.3906 -0.9195 -0.0444
vn -0.4637 -0.8768 0.1271
vn -0.5182 -0.8550 -0.0217
vn -0.5717 -0.8016 -0.1748
vn -0.6018 -0.7372 -0.3073
vn -0.6562 -0.7429 -0.1323
vn -0.6787 -0.7328 0.0483
vn -0.7064 -0.7031 -0.0818
vn -0.7673 -0.6031 -0.2181
vn -0.7597 -0.5523 -0.3433
vn -0.8157 -0.5533 -0.1692
vn -0.8402 -0.5421 0.0141
vn -0.8743 -0.4717 -0.1147
vn -0.8553 -0.4471 -0.2620
vn -0.8455 -0.3740 -0.3811
vn -0.9004 -0.3833 -0.2060
vn -0.9344 -0.3555 -0.0237
vn -0.9216 -0.3606 -0.1435
vn -0.8676 -0.4338 -0.2430
vn -0.7953 -0.4839 -0.3652
vn -0.8789 -0.4321 -0.2020
vn -0.9412 -0.3346 -0.0458
vn -0.9471 -0.2428 -0.2100
vn -0.7812 -0.5347 -0.3223
vn -0.7205 -0.5119 -0.4678
vn -0.8665 -0.4338 -0.2470
vn -0.9478 -0.2511 -0.1965
vn -0.9256 -0.1495 -0.3478
vn -0.8586 -0.3685 -0.3564
vn -0.3464 -0.8357 0.4262
vn -0.3263 -0.8581 0.3965
vn -0.2782 -0.8388 0.4680
vn -0.2108 -0.8730 0.4399
vn -0.3104 -0.8397 0.4456
vn -0.3615 -0.8690 0.3379
vn -0.5607 -0.7900 0.2481
vn -0.5051 -0.8311 0.2327
vn -0.4435 -0.8266 0.3465
vn -0.3992 -0.8729 0.2806
vn -0.2484 -0.9294 0.2729
vn -0.1292 -0.9452 0.2998
vn -0.2910 -0.9319 0.2164
vn -0.4441 -0.8863 0.1310
vn -0.3391 -0.9248 0.1723
vn -0.1950 -0.9689 0.1522
vn -0.0765 -0.9776 0.1959
vn -0.2308 -0.9682 0.0968
vn -0.3736 -0.9275 -0.0135
vn -0.2359 -0.9716 -0.0200
vn -0.1307 -0.9861 0.1022
vn 0.0326 -0.9940 0.1045
vn -0.0930 -0.9945 -0.0481
vn -0.2045 -0.9543 -0.2177
vn -0.0160 -0.9678 -0.2512
vn 0.0172 -0.9997 0.0149
vn 0.2012 -0.9795 0.0141
vn 0.1050 -0.9789 -0.1754
vn 0.0026 -0.9352 -0.3542
vn 0.1922 -0.9117 -0.3630
vn 0.2826 -0.9395 -0.1938
vn 0.4547 -0.8594 -0.2337
vn 0.3121 -0.8834 -0.3496
vn 0.1619 -0.8793 -0.4479
vn 0.2849 -0.8686 -0.4054
vn 0.4508 -0.7323 -0.5104
vn 0.5061 -0.7505 -0.4249
vn 0.3241 -0.8322 -0.4498
vn 0.1319 -0.8771 -0.4619
vn 0.1795 -0.9174 -0.3551
vn 0.3937 -0.6713 -0.6280
vn 0.4422 -0.7047 -0.5548
vn 0.2403 -0.8047 -0.5429
vn 0.0294 -0.8597 -0.5100
vn 0.0835 -0.8929 -0.4425
vn 0.3148 -0.4904 -0.8127
vn 0.4073 -0.5683 -0.7150
vn 0.1283 -0.6626 -0.7379
vn 0.0212 -0.6786 -0.7342
vn 0.1016 -0.6387 -0.7627
vn 0.2277 -0.3811 -0.8960
vn -0.2399 -0.9576 0.1597
vn -0.2328 -0.9553 0.1822
vn -0.3133 -0.9343 0.1700
vn -0.3410 -0.9166 0.2086
vn -0.2782 -0.9473 0.1590
vn -0.1716 -0.9699 0.1728
vn 0.0336 -0.9951 0.0928
vn 0.0062 -0.9902 0.1398
vn -0.1189 -0.9855 0.1209
vn -0.1052 -0.9798 0.1701
vn -0.2129 -0.9397 0.2677
vn -0.3264 -0.8960 0.3011
vn -0.1521 -0.9444 0.2916
vn 0.0317 -0.9557 0.2925
vn -0.0823 -0.9281 0.3630
vn -0.2154 -0.9105 0.3530
vn -0.3409 -0.8593 0.3814
vn -0.1627 -0.8916 0.4226
vn 0.0214 -0.8938 0.4479
vn -0.1060 -0.8568 0.5046
vn -0.2537 -0.8525 0.4570
vn -0.3630 -0.7880 0.4972
vn -0.1901 -0.8445 0.5006
vn -0.0101 -0.8685 0.4956
vn -0.1284 -0.8650 0.4851
vn -0.2136 -0.7074 0.6737
vn -0.3106 -0.6601 0.6839
vn -0.1398 -0.7390 0.6590
vn 0.0350 -0.7959 0.6045
vn -0.0635 -0.7658 0.6399
vn -0.1482 -0.5939 0.7908
vn -0.2772 -0.5358 0.7975
vn -0.0940 -0.5385 0.8374
vn 0.0972 -0.5311 0.8417
vn -0.0101 -0.3761 0.9265
vn -0.1939 -0.3461 0.9179
vn -0.2750 -0.1975 0.9409
vn -0.1081 -0.2820 0.9533
vn 0.0590 -0.3510 0.9345
vn -0.0768 -0.4178 0.9053
vn -0.0213 -0.0159 0.9996
vn -0.1282 -0.0783 0.9887
vn 0.0183 -0.2175 0.9759
vn 0.1779 -0.3426 0.9225
vn 0.1105 -0.2614 0.9589
vn 0.0438 0.0159 0.9989
vn -0.1014 0.0288 0.9944
vn 0.1474 -0.0687 0.9867
vn 0.2530 -0.0415 0.9666
vn 0.1735 0.0400 0.9840
vn 0.1054 0.0273 0.9941
vn -0.5106 -0.8524 -0.1123
vn -0.2054 -0.9615 0.1823
vn -0.3505 -0.8171 0.4576
vn -0.2695 -0.9616 -0.0519
vn -0.1773 -0.9552 0.2371
vn -0.3830 -0.9084 0.1673
vn -0.1823 -0.9820 0.0496
vn -0.3243 -0.9213 -0.2147
vn -0.1339 -0.9900 -0.0451
vn -0.3165 -0.9170 -0.2427
vn -0.1590 -0.9873 -0.0066
vn -0.3516 -0.9202 -0.1723
vn -0.0981 -0.9941 -0.0470
vn -0.1642 -0.9408 -0.2966
vn 0.0052 -0.9952 -0.0977
vn 0.0157 -0.9257 -0.3780
vn 0.0606 -0.9890 -0.1350
vn 0.1705 -0.9131 -0.3704
vn 0.1973 -0.9743 -0.1086
vn 0.3800 -0.8529 -0.3579
vn 0.1931 -0.9713 -0.1388
vn 0.1095 -0.8620 -0.4950
vn 0.0324 -0.9769 -0.2113
vn -0.0651 -0.8640 -0.4992
vn 0.1209 -0.9862 -0.1135
vn 0.3742 -0.9013 -0.2183
vn 0.2524 -0.9672 -0.0300
vn 0.4312 -0.8952 -0.1125
vn 0.2747 -0.9608 0.0369
vn 0.5421 -0.8305 0.1279
vn 0.3455 -0.9225 0.1723
vn 0.6018 -0.7900 0.1173
vn 0.3449 -0.9385 0.0167
vn 0.5411 -0.7876 -0.2948
vn 0.3739 -0.9271 -0.0260
vn 0.5938 -0.8039 -0.0340
vn 0.3918 -0.9057 0.1617
vn 0.4736 -0.7991 0.3704
vn 0.3165 -0.9065 0.2793
vn 0.3202 -0.7880 0.5259
vn 0.2542 -0.9080 0.3331
vn 0.2799 -0.7580 0.5892
vn 0.2672 -0.9096 0.3182
vn 0.4454 -0.7726 0.4524
vn 0.3183 -0.9200 0.2288
vn 0.4452 -0.7890 0.4235
vn 0.2473 -0.9341 0.2574
vn 0.2678 -0.8319 0.4860
vn 0.1530 -0.9526 0.2629
vn -0.0749 -0.8700 0.4874
vn -0.0556 -0.9712 0.2316
vn -0.3608 -0.8368 0.4118
vn -0.0658 -0.9730 0.2213
vn -0.1803 -0.8767 0.4460
vn -0.0407 -0.9747 0.2199
vn -0.1814 -0.8745 0.4499
vn -0.1121 -0.9688 0.2211
vn -0.3180 -0.8793 0.3546
vn -0.2203 -0.9655 0.1388
vn -0.4947 -0.8682 -0.0394
vn 0.3655 -0.9097 0.1969
vn 0.3139 -0.9338 0.1715
vn 0.2851 -0.9380 -0.1970
vn 0.2652 -0.9625 0.0576
vn 0.2510 -0.9081 0.3352
vn 0.2830 -0.8865 0.3661
vn 0.3347 -0.9010 0.2762
vn 0.2253 -0.8981 0.3776
vn 0.1288 -0.9240 0.3599
vn -0.0463 -0.9422 0.3319
vn -0.1172 -0.9254 0.3604
vn 0.1024 -0.8862 0.4519
vn 0.1333 -0.8914 0.4332
vn 0.0339 -0.9402 0.3390
vn -0.1423 -0.9735 0.1791
vn -0.1971 -0.9794 0.0444
vn -0.1770 -0.9742 0.1403
vn -0.0822 -0.8828 0.4626
vn -0.1186 -0.9703 0.2110
vn -0.0464 -0.9900 -0.1330
vn 0.0678 -0.9724 -0.2233
vn 0.0863 -0.9500 -0.3002
vn -0.0864 -0.9765 -0.1972
vn -0.0677 -0.9639 -0.2574
vn -0.0005 -0.9545 -0.2981
vn 0.2100 -0.9348 -0.2864
vn 0.2572 -0.9304 -0.2612
vn 0.1894 -0.9392 -0.2862
vn 0.1214 -0.9501 -0.2874
vn 0.1693 -0.9723 -0.1613
vn 0.8418 -0.5376 0.0478
vn 0.7930 -0.5269 0.3059
vn 0.6319 -0.5253 -0.5698
vn 0.8286 -0.5592 0.0263
vn 0.6393 -0.4683 0.6099
vn 0.6244 -0.5558 0.5488
vn 0.5996 -0.5838 0.5474
vn 0.4090 -0.5930 0.6936
vn 0.1487 -0.6050 0.7822
vn -0.3363 -0.6123 0.7155
vn -0.3812 -0.5939 0.7085
vn 0.0962 -0.5031 0.8589
vn 0.2092 -0.5473 0.8103
vn -0.2261 -0.7364 0.6377
vn -0.5905 -0.7639 0.2603
vn -0.6840 -0.7220 -0.1042
vn -0.6868 -0.6893 0.2305
vn -0.5572 -0.5570 0.6159
vn -0.6605 -0.7464 0.0811
vn -0.4349 -0.8242 -0.3627
vn -0.1469 -0.6773 -0.7209
vn -0.1938 -0.6396 -0.7438
vn -0.3950 -0.6367 -0.6623
vn -0.3632 -0.6414 -0.6758
vn -0.1583 -0.7046 -0.6917
vn 0.2651 -0.6841 -0.6795
vn 0.5065 -0.5911 -0.6278
vn 0.4372 -0.5565 -0.7065
vn 0.3187 -0.6347 -0.7040
vn 0.6171 -0.6803 -0.3954
vn 0.9959 -0.0757 -0.0498
vn 0.9376 -0.0748 0.3396
vn 0.7822 -0.0561 -0.6205
vn 0.9974 -0.0707 -0.0143
vn 0.8447 -0.2014 0.4959
vn 0.7529 -0.1986 0.6274
vn 0.7154 -0.1872 0.6731
vn 0.4299 -0.1698 0.8868
vn 0.1431 -0.1556 0.9774
vn -0.4720 -0.2487 0.8458
vn -0.4641 -0.2409 0.8524
vn 0.1327 -0.1795 0.9748
vn 0.1400 -0.1912 0.9715
vn -0.4492 -0.3360 0.8278
vn -0.8982 -0.3590 0.2537
vn -0.9313 -0.2911 -0.2188
vn -0.9110 -0.3206 0.2594
vn -0.7677 -0.2669 0.5825
vn -0.8925 -0.4198 0.1646
vn -0.7096 -0.4145 -0.5698
vn -0.2840 -0.2370 -0.9291
vn -0.3426 -0.2636 -0.9017
vn -0.5617 -0.2482 -0.7892
vn -0.6269 -0.3449 -0.6986
vn -0.2936 -0.3614 -0.8850
vn 0.3381 -0.3094 -0.8888
vn 0.6933 -0.1504 -0.7048
vn 0.4663 -0.2227 -0.8562
vn 0.4604 -0.2352 -0.8560
vn 0.8329 -0.2037 -0.5145
vn 0.9886 0.1061 -0.1068
vn 0.9288 0.1589 0.3349
vn 0.7594 0.0303 -0.6499
vn 0.9857 0.0289 -0.1658
vn 0.8620 0.0558 0.5037
vn 0.7081 0.1316 0.6937
vn 0.7090 0.1507 0.6889
vn 0.4827 0.0702 0.8730
vn 0.1093 0.0149 0.9939
vn -0.4800 -0.0209 0.8770
vn -0.3974 -0.0587 0.9158
vn 0.0466 0.0476 0.9978
vn 0.0632 0.0724 0.9954
vn -0.5325 -0.0063 0.8464
vn -0.9763 -0.0666 0.2057
vn -0.9857 -0.1362 -0.0993
vn -0.9642 -0.1371 0.2270
vn -0.8330 -0.0890 0.5461
vn -0.9908 -0.1051 0.0853
vn -0.7618 -0.0850 -0.6422
vn -0.3671 -0.0799 -0.9267
vn -0.3476 -0.0865 -0.9336
vn -0.6409 -0.1040 -0.7605
vn -0.6617 -0.0911 -0.7442
vn -0.3611 -0.0335 -0.9319
vn 0.2974 0.0167 -0.9546
vn 0.6830 0.0171 -0.7302
vn 0.5946 0.0597 -0.8018
vn 0.5017 0.0719 -0.8620
vn 0.8665 0.1310 -0.4817
vn 0.9632 0.2140 -0.1626
vn 0.9305 0.2217 0.2915
vn 0.7178 0.1387 -0.6823
vn 0.9606 0.2186 -0.1717
vn 0.7327 0.2746 0.6227
vn 0.6494 0.2739 0.7095
vn 0.7580 0.2704 0.5936
vn 0.5610 0.2420 0.7917
vn 0.0136 0.2333 0.9723
vn -0.4300 0.1274 0.8938
vn -0.4769 0.1066 0.8725
vn -0.0397 0.1664 0.9853
vn 0.1477 0.1468 0.9781
vn -0.5573 0.1566 0.8154
vn -0.9528 0.0753 0.2940
vn -0.9950 0.0322 -0.0940
vn -0.9851 0.0489 0.1648
vn -0.8641 0.0808 0.4967
vn -0.9965 0.0725 0.0408
vn -0.7865 0.0516 -0.6154
vn -0.3773 0.0700 -0.9235
vn -0.3794 0.0586 -0.9234
vn -0.6271 0.0247 -0.7785
vn -0.5864 0.0561 -0.8081
vn -0.3849 0.0804 -0.9195
vn 0.2102 0.1841 -0.9602
vn 0.6685 0.2117 -0.7129
vn 0.6308 0.2161 -0.7453
vn 0.4803 0.2263 -0.8474
vn 0.8334 0.2531 -0.4914
vn 0.9104 0.3657 -0.1933
vn 0.8676 0.3793 0.3217
vn 0.6653 0.2858 -0.6897
vn 0.8679 0.4955 -0.0346
vn 0.6611 0.4651 0.5887
vn 0.6380 0.3644 0.6783
vn 0.7173 0.4065 0.5659
vn 0.4063 0.4564 0.7916
vn 0.1229 0.3895 0.9128
vn -0.3829 0.3140 0.8688
vn -0.4933 0.2814 0.8231
vn 0.0302 0.2920 0.9559
vn 0.0699 0.2912 0.9541
vn -0.5602 0.3514 0.7501
vn -0.9150 0.3062 0.2626
vn -0.9623 0.2432 -0.1217
vn -0.9599 0.2632 0.0970
vn -0.8184 0.2430 0.5207
vn -0.9627 0.2209 0.1563
vn -0.6778 0.2732 -0.6826
vn -0.3714 0.2535 -0.8932
vn -0.4331 0.2256 -0.8726
vn -0.6155 0.2197 -0.7569
vn -0.5805 0.2233 -0.7831
vn -0.3265 0.2840 -0.9015
vn 0.2234 0.4068 -0.8858
vn 0.5902 0.3948 -0.7041
vn 0.5996 0.3724 -0.7083
vn 0.3697 0.3116 -0.8753
vn 0.7433 0.3842 -0.5476
vn 0.7924 0.5509 -0.2618
vn 0.7658 0.5875 0.2616
vn 0.6489 0.5824 -0.4897
vn 0.7441 0.6666 -0.0439
vn 0.6456 0.6294 0.4325
vn 0.5531 0.5651 0.6121
vn 0.5793 0.5923 0.5600
vn 0.4585 0.5407 0.7053
vn 0.0643 0.5357 0.8419
vn -0.4417 0.5060 0.7408
vn -0.3933 0.4760 0.7866
vn 0.0884 0.4889 0.8678
vn 0.0669 0.4742 0.8779
vn -0.5265 0.5458 0.6518
vn -0.8542 0.4798 0.2002
vn -0.8771 0.4391 -0.1947
vn -0.8828 0.4570 0.1082
vn -0.7173 0.4190 0.5567
vn -0.8398 0.5409 0.0458
vn -0.5038 0.4835 -0.7158
vn -0.3938 0.4010 -0.8271
vn -0.3653 0.4033 -0.8390
vn -0.5502 0.4179 -0.7229
vn -0.5845 0.4188 -0.6950
vn -0.2523 0.4931 -0.8326
vn 0.1530 0.5502 -0.8209
vn 0.5226 0.5668 -0.6368
vn 0.4208 0.4808 -0.7693
vn 0.2932 0.4650 -0.8354
vn 0.6289 0.6637 -0.4049
vn 0.5454 0.8157 -0.1926
vn 0.5663 0.8213 0.0697
vn 0.4730 0.7777 -0.4141
vn 0.5252 0.8373 -0.1520
vn 0.3792 0.8675 0.3220
vn 0.3740 0.8288 0.4162
vn 0.4969 0.7985 0.3398
vn 0.3215 0.8136 0.4845
vn -0.0817 0.8038 0.5893
vn -0.3767 0.7413 0.5555
vn -0.3311 0.7528 0.5689
vn 0.0840 0.7432 0.6637
vn 0.1446 0.7111 0.6880
vn -0.4018 0.8398 0.3650
vn -0.6102 0.7910 0.0450
vn -0.6556 0.7098 -0.2576
vn -0.6533 0.7561 0.0397
vn -0.5590 0.7437 0.3667
vn -0.5542 0.8296 -0.0685
vn -0.3947 0.7143 -0.5779
vn -0.3036 0.6674 -0.6800
vn -0.2625 0.6566 -0.7071
vn -0.4586 0.6566 -0.5988
vn -0.5044 0.6440 -0.5752
vn -0.1754 0.7334 -0.6568
vn 0.1562 0.7729 -0.6150
vn 0.3263 0.7542 -0.5698
vn 0.1482 0.7204 -0.6776
vn 0.2212 0.7891 -0.5730
vn 0.4055 0.8678 -0.2873
vn 0.2346 0.9551 -0.1812
vn 0.2856 0.9565 0.0597
vn 0.2113 0.9214 -0.3262
vn 0.1978 0.9783 -0.0621
vn 0.1326 0.9775 0.1641
vn 0.1924 0.9690 0.1549
vn 0.2372 0.9641 0.1192
vn 0.0721 0.9754 0.2082
vn -0.0679 0.9612 0.2674
vn -0.2435 0.9347 0.2589
vn -0.1826 0.9399 0.2885
vn 0.1495 0.9063 0.3952
vn 0.0339 0.9634 0.2661
vn -0.1793 0.9804 0.0818
vn -0.3095 0.9482 -0.0724
vn -0.3831 0.8933 -0.2351
vn -0.3593 0.9322 -0.0437
vn -0.3321 0.9246 0.1866
vn -0.2688 0.9434 -0.1943
vn -0.2053 0.8905 -0.4060
vn -0.1386 0.8743 -0.4653
vn -0.1675 0.8738 -0.4566
vn -0.3057 0.8695 -0.3880
vn -0.2876 0.8806 -0.3765
vn -0.1314 0.9065 -0.4012
vn 0.0690 0.9166 -0.3938
vn 0.0561 0.9131 -0.4038
vn 0.0178 0.9171 -0.3982
vn 0.0587 0.9275 -0.3691
vn 0.1773 0.9535 -0.2437
vn 0.0963 -0.9890 0.1122
vn 0.1151 -0.9726 0.2020
vn 0.0930 -0.9913 0.0928
vn -0.1320 0.0898 0.9872
vn 0.0728 -0.9851 0.1560
vn 0.0451 -0.9840 0.1722
vn 0.0240 -0.9870 0.1590
vn 0.0237 -0.9904 0.1361
vn 0.0550 -0.9921 0.1131
vn -0.0573 0.9921 -0.1116
vn 0.0535 -0.9922 0.1122
vn 0.0883 -0.9894 0.1150
vn 0.1175 -0.9844 0.1308
vn 0.1093 -0.9829 0.1482
vn 0.1494 -0.9688 0.1977
vn 0.1286 -0.9696 0.2080
vn 0.0660 -0.9799 0.1882
vn 0.0249 -0.9886 0.1486
vn -0.3431 -0.1359 -0.9294
vn 0.0087 -0.9971 0.0762
vn 0.0201 -0.9912 0.1306
vn 0.0162 -0.9819 0.1885
vn 0.0462 -0.9948 0.0911
vn 0.0808 -0.9945 0.0671
vn 0.0896 -0.9917 0.0925
vn 0.0774 -0.9897 0.1202
vn 0.0626 -0.9892 0.1323
vn 0.9686 0.0320 -0.2465
vn 0.0772 -0.9885 0.1298
vn -0.9970 -0.0665 0.0408
vn 0.0217 -0.9920 0.1242
vn 0.0155 -0.9936 0.1116
vn 0.0250 -0.9945 0.1013
vn 0.0345 -0.9966 0.0744
vn 0.0517 -0.9972 0.0537
vn 0.0951 -0.9892 0.1112
vn -0.5773 -0.8037 0.1445
vn -0.3055 -0.8802 0.3631
vn -0.4401 -0.6855 0.5800
vn -0.3664 -0.9191 0.1452
vn -0.2776 -0.8687 0.4103
vn -0.4795 -0.7940 0.3737
vn -0.2873 -0.9162 0.2793
vn -0.4588 -0.8763 0.1469
vn -0.2612 -0.9351 0.2396
vn -0.3472 -0.9378 -0.0088
vn -0.1645 -0.9788 0.1224
vn -0.1860 -0.9616 -0.2017
vn -0.1363 -0.9860 0.0958
vn -0.2908 -0.9488 -0.1230
vn -0.2053 -0.9691 0.1370
vn -0.4064 -0.9133 -0.0264
vn -0.1605 -0.9788 0.1271
vn -0.1772 -0.9759 -0.1273
vn -0.0746 -0.9939 0.0809
vn 0.0276 -0.9936 -0.1096
vn 0.0837 -0.9887 0.1248
vn 0.3732 -0.9263 -0.0519
vn 0.1446 -0.9825 0.1174
vn 0.1695 -0.9732 -0.1555
vn -0.0307 -0.9981 0.0532
vn -0.0689 -0.9786 -0.1940
vn 0.0110 -0.9921 0.1246
vn 0.2060 -0.9773 0.0500
vn 0.1273 -0.9659 0.2256
vn 0.3744 -0.8997 0.2246
vn 0.2056 -0.9311 0.3012
vn 0.4342 -0.8431 0.3173
vn 0.2217 -0.9232 0.3139
vn 0.4136 -0.8241 0.3871
vn 0.2062 -0.8898 0.4070
vn 0.4701 -0.7649 0.4404
vn 0.2791 -0.9182 0.2810
vn 0.5798 -0.8131 0.0526
vn 0.2970 -0.9267 0.2303
vn 0.5049 -0.8287 0.2417
vn 0.2517 -0.9031 0.3480
vn 0.3174 -0.8223 0.4723
vn 0.1646 -0.8919 0.4211
vn 0.0841 -0.7799 0.6202
vn 0.0460 -0.8782 0.4761
vn -0.2120 -0.6869 0.6952
vn -0.1262 -0.8610 0.4927
vn -0.3347 -0.6439 0.6881
vn -0.0949 -0.8750 0.4746
vn -0.1027 -0.6874 0.7190
vn -0.0143 -0.8757 0.4827
vn 0.0057 -0.7125 0.7017
vn -0.0935 -0.8953 0.4356
vn -0.1888 -0.7505 0.6334
vn -0.1402 -0.8895 0.4349
vn -0.2161 -0.7609 0.6118
vn -0.2170 -0.8997 0.3788
vn -0.4399 -0.8220 0.3617
vn -0.3292 -0.9134 0.2393
vn -0.5733 -0.8184 0.0408
vn 0.1986 -0.9174 0.3449
vn 0.2438 -0.8866 0.3931
vn 0.1499 -0.9800 0.1307
vn 0.1811 -0.9492 0.2573
vn 0.1845 -0.9155 0.3575
vn 0.1066 -0.8709 0.4797
vn 0.0239 -0.8072 0.5897
vn 0.1675 -0.8322 0.5286
vn 0.2550 -0.8627 0.4366
vn 0.0540 -0.8558 0.5145
vn -0.0938 -0.8689 0.4860
vn -0.2785 -0.8478 0.4512
vn -0.1002 -0.8249 0.5563
vn -0.0244 -0.8213 0.5699
vn -0.1817 -0.8672 0.4636
vn -0.2173 -0.9057 0.3640
vn -0.3146 -0.9348 0.1648
vn -0.2558 -0.9461 0.1984
vn -0.2808 -0.9430 0.1784
vn -0.3720 -0.8219 0.4314
vn -0.2852 -0.8919 0.3509
vn -0.0794 -0.9812 0.1759
vn 0.0888 -0.9960 0.0132
vn 0.1779 -0.9834 -0.0349
vn 0.2466 -0.9666 -0.0693
vn 0.0029 -0.9921 -0.1256
vn -0.1283 -0.9748 -0.1824
vn -0.0290 -0.9873 -0.1561
vn -0.0274 -0.9974 -0.0661
vn 0.1453 -0.9776 0.1522
vn 0.7305 -0.6560 0.1900
vn 0.7084 -0.6338 0.3106
vn 0.7035 -0.6872 -0.1813
vn 0.6819 -0.7289 0.0600
vn 0.5940 -0.7269 0.3448
vn 0.3547 -0.5338 0.7676
vn 0.1426 -0.3624 0.9210
vn 0.5224 -0.4606 0.7176
vn 0.5558 -0.5112 0.6555
vn 0.2039 -0.5745 0.7927
vn -0.3561 -0.5442 0.7596
vn -0.5392 -0.5126 0.6682
vn -0.1565 -0.5065 0.8479
vn -0.0813 -0.5563 0.8270
vn -0.4356 -0.6382 0.6347
vn -0.7306 -0.6493 0.2110
vn -0.7340 -0.6774 0.0497
vn -0.6772 -0.7290 -0.0998
vn -0.7645 -0.6441 -0.0261
vn -0.8056 -0.4516 0.3835
vn -0.7721 -0.5918 0.2317
vn -0.4238 -0.8906 -0.1652
vn 0.0299 -0.8962 -0.4427
vn 0.3420 -0.8115 -0.4738
vn 0.5092 -0.6790 -0.5288
vn 0.0610 -0.7273 -0.6836
vn -0.1093 -0.7502 -0.6521
vn 0.0480 -0.8019 -0.5955
vn 0.2290 -0.8624 -0.4515
vn 0.6900 -0.7237 -0.0114
vn 0.9911 -0.1329 0.0077
vn 0.9318 -0.1713 0.3200
vn 0.7789 -0.3620 -0.5122
vn 0.8744 -0.4373 -0.2101
vn 0.8960 -0.3011 0.3264
vn 0.4857 -0.0527 0.8726
vn 0.2192 -0.0134 0.9756
vn 0.6754 -0.0741 0.7337
vn 0.7266 -0.1190 0.6767
vn 0.2552 -0.0689 0.9644
vn -0.3914 -0.0655 0.9179
vn -0.6493 -0.1592 0.7437
vn -0.1827 -0.0518 0.9818
vn -0.1692 -0.1148 0.9789
vn -0.7245 -0.1704 0.6678
vn -0.9702 -0.2229 0.0955
vn -0.9523 -0.2999 -0.0568
vn -0.8756 -0.3019 -0.3771
vn -0.9379 -0.2990 -0.1761
vn -0.9582 -0.1337 0.2528
vn -0.9787 -0.1940 0.0677
vn -0.7143 -0.5233 -0.4647
vn -0.0673 -0.5680 -0.8203
vn 0.4378 -0.4088 -0.8008
vn 0.5658 -0.3596 -0.7420
vn 0.0036 -0.4739 -0.8806
vn -0.0742 -0.4835 -0.8722
vn 0.1009 -0.4777 -0.8727
vn 0.5183 -0.5101 -0.6864
vn 0.8844 -0.4101 -0.2228
vn 0.9698 -0.1089 -0.2181
vn 0.9103 0.1211 0.3957
vn 0.8070 -0.1552 -0.5698
vn 0.9544 -0.0734 -0.2894
vn 0.9601 0.0805 0.2679
vn 0.5633 0.2037 0.8007
vn 0.2217 0.2488 0.9429
vn 0.6574 0.2220 0.7201
vn 0.7525 0.1764 0.6345
vn 0.3409 0.1917 0.9203
vn -0.3700 0.1913 0.9091
vn -0.7464 0.2193 0.6283
vn -0.1833 0.2873 0.9401
vn -0.1200 0.2574 0.9588
vn -0.7867 0.1871 0.5882
vn -0.9970 0.0650 0.0428
vn -0.9794 -0.0265 -0.2000
vn -0.9049 -0.0848 -0.4172
vn -0.9725 -0.0370 -0.2300
vn -0.9791 0.0374 0.1997
vn -0.9996 -0.0003 -0.0289
vn -0.7401 -0.1154 -0.6626
vn -0.0430 -0.1567 -0.9867
vn 0.4041 -0.1679 -0.8992
vn 0.5055 -0.2285 -0.8320
vn 0.0367 -0.2402 -0.9700
vn -0.0444 -0.2396 -0.9699
vn 0.1137 -0.2545 -0.9604
vn 0.5975 -0.1657 -0.7846
vn 0.9588 -0.0699 -0.2752
vn 0.9762 0.1094 -0.1874
vn 0.9551 0.1673 0.2444
vn 0.8274 0.0340 -0.5606
vn 0.9311 0.0660 -0.3589
vn 0.9453 0.2532 0.2058
vn 0.5133 0.4246 0.7458
vn 0.2138 0.4013 0.8906
vn 0.7060 0.2864 0.6477
vn 0.8116 0.1957 0.5504
vn 0.3266 0.3707 0.8694
vn -0.4784 0.4064 0.7784
vn -0.7447 0.3166 0.5875
vn -0.1453 0.3902 0.9092
vn -0.1210 0.3703 0.9210
vn -0.7934 0.3148 0.5210
vn -0.9834 0.1382 0.1172
vn -0.9668 0.0691 -0.2459
vn -0.8713 0.0468 -0.4884
vn -0.9704 0.1084 -0.2157
vn -0.9753 0.1786 0.1301
vn -0.9778 0.1641 -0.1300
vn -0.6496 0.0859 -0.7555
vn -0.0601 -0.0481 -0.9970
vn 0.3670 -0.0756 -0.9272
vn 0.5000 -0.0802 -0.8623
vn -0.0507 -0.1283 -0.9904
vn -0.0416 -0.1489 -0.9880
vn 0.3104 -0.0556 -0.9490
vn 0.5717 -0.0109 -0.8204
vn 0.9612 0.1095 -0.2533
vn 0.9501 0.2510 -0.1852
vn 0.9187 0.3329 0.2126
vn 0.7495 0.0751 -0.6577
vn 0.9061 0.2323 -0.3537
vn 0.8531 0.4675 0.2317
vn 0.4859 0.5318 0.6936
vn 0.2772 0.4632 0.8418
vn 0.7134 0.4128 0.5663
vn 0.7315 0.4784 0.4859
vn 0.3258 0.5866 0.7415
vn -0.4475 0.5888 0.6731
vn -0.6636 0.4622 0.5882
vn -0.0604 0.5034 0.8620
vn -0.0953 0.5077 0.8563
vn -0.6976 0.4887 0.5239
vn -0.9159 0.3943 -0.0751
vn -0.8550 0.2946 -0.4268
vn -0.8262 0.2428 -0.5084
vn -0.9228 0.2714 -0.2736
vn -0.9290 0.3678 0.0405
vn -0.9255 0.3476 -0.1503
vn -0.5882 0.3115 -0.7463
vn -0.0202 0.1807 -0.9833
vn 0.4279 0.1342 -0.8938
vn 0.3927 0.0625 -0.9175
vn -0.1728 0.0477 -0.9838
vn 0.0418 0.1278 -0.9909
vn 0.2981 0.1665 -0.9399
vn 0.4887 0.1967 -0.8500
vn 0.9036 0.3375 -0.2638
vn 0.8415 0.4514 -0.2969
vn 0.8487 0.5144 0.1231
vn 0.6990 0.3622 -0.6166
vn 0.7834 0.5005 -0.3686
vn 0.7336 0.6645 0.1424
vn 0.4734 0.7153 0.5140
vn 0.2296 0.6802 0.6961
vn 0.6005 0.6196 0.5055
vn 0.6745 0.6114 0.4138
vn 0.3746 0.7349 0.5654
vn -0.3554 0.7548 0.5513
vn -0.5977 0.6422 0.4799
vn -0.1007 0.7099 0.6971
vn -0.0149 0.7490 0.6624
vn -0.5248 0.8030 0.2825
vn -0.7392 0.6290 -0.2410
vn -0.8069 0.4808 -0.3432
vn -0.7305 0.4425 -0.5202
vn -0.8125 0.4689 -0.3465
vn -0.8422 0.5350 -0.0670
vn -0.8337 0.5225 -0.1784
vn -0.3953 0.5414 -0.7420
vn -0.0056 0.4190 -0.9080
vn 0.3690 0.2823 -0.8855
vn 0.3208 0.2254 -0.9199
vn -0.0506 0.3303 -0.9425
vn 0.0660 0.3755 -0.9245
vn 0.1869 0.3494 -0.9181
vn 0.3888 0.3763 -0.8410
vn 0.7827 0.5161 -0.3477
vn 0.6012 0.7372 -0.3083
vn 0.6249 0.7804 -0.0226
vn 0.5288 0.6329 -0.5655
vn 0.5429 0.7527 -0.3724
vn 0.5055 0.8616 -0.0455
vn 0.3346 0.9119 0.2378
vn 0.2313 0.8834 0.4075
vn 0.4530 0.8449 0.2845
vn 0.5374 0.8151 0.2163
vn 0.2834 0.9141 0.2901
vn -0.1927 0.9475 0.2552
vn -0.3880 0.8966 0.2136
vn 0.0012 0.9223 0.3864
vn 0.0296 0.9422 0.3337
vn -0.3038 0.9504 0.0668
vn -0.4894 0.8282 -0.2729
vn -0.5114 0.7309 -0.4519
vn -0.4593 0.6915 -0.5576
vn -0.5626 0.7169 -0.4118
vn -0.6409 0.7572 -0.1259
vn -0.5722 0.7649 -0.2958
vn -0.2014 0.7045 -0.6806
vn -0.0245 0.6210 -0.7834
vn 0.3380 0.5395 -0.7712
vn 0.3243 0.5217 -0.7891
vn -0.0024 0.5737 -0.8191
vn -0.0452 0.5354 -0.8434
vn 0.1187 0.5679 -0.8145
vn 0.2804 0.6538 -0.7028
vn 0.5527 0.7921 -0.2590
vn 0.3617 0.8707 -0.3332
vn 0.3773 0.9060 -0.1917
vn 0.3162 0.8317 -0.4564
vn 0.3055 0.8996 -0.3121
vn 0.2952 0.9417 -0.1614
vn 0.1666 0.9859 0.0160
vn 0.1317 0.9903 0.0440
vn 0.2861 0.9576 -0.0326
vn 0.3369 0.9406 -0.0417
vn 0.1646 0.9860 -0.0252
vn -0.0399 0.9984 -0.0406
vn -0.0966 0.9946 -0.0373
vn 0.1180 0.9901 0.0754
vn 0.0812 0.9966 0.0115
vn -0.0683 0.9867 -0.1474
vn -0.1523 0.9165 -0.3699
vn -0.2027 0.8828 -0.4236
vn -0.2069 0.8590 -0.4683
vn -0.2429 0.8879 -0.3908
vn -0.3364 0.9208 -0.1975
vn -0.2263 0.9010 -0.3702
vn -0.0536 0.8407 -0.5389
vn 0.0549 0.8174 -0.5735
vn 0.2876 0.7604 -0.5823
vn 0.1813 0.7684 -0.6137
vn -0.0551 0.7693 -0.6365
vn -0.0071 0.8001 -0.5998
vn 0.0758 0.8338 -0.5468
vn 0.1401 0.8653 -0.4812
vn 0.3049 0.9165 -0.2588
vn 0.1974 0.3056 0.9315
vn -0.0170 -0.9327 0.3603
vn -0.0348 -0.9574 0.2866
vn -0.0269 -0.2923 -0.9559
vn -0.0336 -0.9553 0.2936
vn -0.0473 -0.9443 0.3257
vn -0.0739 -0.9333 0.3514
vn -0.0835 -0.9375 0.3378
vn -0.0765 -0.9449 0.3182
vn -0.0965 -0.9438 0.3163
vn -0.9542 0.1544 0.2561
vn -0.0666 -0.9501 0.3047
vn -0.0324 -0.9500 0.3105
vn -0.0185 -0.9452 0.3261
vn -0.0221 -0.9395 0.3419
vn 0.0203 -0.9217 0.3873
vn -0.0072 -0.9186 0.3950
vn -0.0769 -0.9295 0.3607
vn -0.1196 -0.9599 0.2538
vn -0.1040 -0.9567 0.2719
vn -0.0740 -0.9640 0.2554
vn -0.0648 -0.9572 0.2820
vn -0.0548 -0.9547 0.2924
vn -0.0311 -0.9574 0.2870
vn -0.0397 -0.9506 0.3079
vn -0.0572 -0.9454 0.3208
vn -0.9624 0.1386 0.2338
vn -0.0968 -0.9411 0.3239
vn -0.0914 -0.9457 0.3120
vn -0.1106 -0.9509 0.2889
vn -0.1054 -0.9569 0.2706
vn -0.1060 -0.9647 0.2409
vn -0.6964 -0.1815 -0.6943
vn -0.0269 -0.9525 0.3034
vn -0.0187 -0.9457 0.3246
vn 0.3711 -0.8548 -0.3629
vn 0.1139 -0.9149 -0.3874
vn 0.2093 -0.7512 -0.6260
vn 0.1970 -0.9472 -0.2529
vn 0.1021 -0.8975 -0.4289
vn 0.2498 -0.8093 -0.5316
vn 0.1100 -0.9287 -0.3541
vn 0.3313 -0.9095 -0.2510
vn 0.1267 -0.9623 -0.2407
vn 0.3132 -0.9484 -0.0490
vn 0.0858 -0.9859 -0.1437
vn 0.2483 -0.9644 0.0905
vn 0.0544 -0.9955 -0.0773
vn 0.3262 -0.9432 0.0635
vn 0.1450 -0.9782 -0.1487
vn 0.4434 -0.8919 -0.0888
vn 0.1002 -0.9875 -0.1214
vn 0.2103 -0.9741 0.0827
vn -0.0002 -0.9980 -0.0635
vn -0.0178 -0.9882 0.1519
vn -0.1268 -0.9917 -0.0221
vn -0.2215 -0.9502 0.2194
vn -0.1454 -0.9893 -0.0068
vn -0.0257 -0.9719 0.2341
vn -0.0235 -0.9997 0.0040
vn 0.0825 -0.9667 0.2423
vn -0.1139 -0.9935 0.0008
vn -0.2853 -0.9404 0.1851
vn -0.2409 -0.9698 -0.0371
vn -0.4627 -0.8861 0.0259
vn -0.3269 -0.9346 -0.1401
vn -0.5526 -0.8275 -0.0997
vn -0.3399 -0.9312 -0.1315
vn -0.5563 -0.8227 -0.1170
vn -0.3726 -0.9059 -0.2015
vn -0.5740 -0.8148 -0.0810
vn -0.3459 -0.9365 -0.0578
vn -0.5448 -0.8235 0.1584
vn -0.3825 -0.9189 -0.0961
vn -0.5796 -0.8147 0.0187
vn -0.4075 -0.9075 -0.1022
vn -0.5380 -0.8286 -0.1550
vn -0.3516 -0.9021 -0.2502
vn -0.3651 -0.7890 -0.4942
vn -0.2873 -0.8990 -0.3307
vn -0.1901 -0.7705 -0.6084
vn -0.1261 -0.9027 -0.4113
vn 0.0329 -0.6874 -0.7255
vn -0.1184 -0.9042 -0.4103
vn -0.2164 -0.7445 -0.6316
vn -0.1924 -0.9102 -0.3667
vn -0.2825 -0.7584 -0.5874
vn -0.1107 -0.9201 -0.3758
vn -0.1260 -0.7802 -0.6127
vn -0.0621 -0.9161 -0.3960
vn -0.0650 -0.7911 -0.6082
vn 0.0268 -0.9202 -0.3906
vn 0.2810 -0.8441 -0.4566
vn 0.1791 -0.9360 -0.3032
vn 0.4469 -0.8560 -0.2599
vn -0.3190 -0.9400 -0.1209
vn -0.3492 -0.9155 -0.2000
vn -0.2191 -0.9713 0.0930
vn -0.3266 -0.9440 -0.0479
vn -0.3486 -0.9089 -0.2291
vn -0.3124 -0.8835 -0.3490
vn -0.2837 -0.8459 -0.4516
vn -0.3527 -0.8657 -0.3553
vn -0.4185 -0.8783 -0.2313
vn -0.3231 -0.8738 -0.3635
vn -0.1161 -0.8871 -0.4466
vn -0.0293 -0.8990 -0.4370
vn -0.1264 -0.8626 -0.4898
vn -0.2509 -0.8509 -0.4616
vn -0.0783 -0.9063 -0.4154
vn 0.1002 -0.9440 -0.3142
vn 0.1766 -0.9560 -0.2340
vn 0.0918 -0.9658 -0.2425
vn 0.0980 -0.9654 -0.2418
vn 0.0894 -0.8842 -0.4585
vn 0.0915 -0.9411 -0.3255
vn -0.0036 -0.9904 -0.1385
vn -0.0845 -0.9903 0.1099
vn -0.1639 -0.9636 0.2115
vn -0.2343 -0.9274 0.2915
vn 0.0355 -0.9823 0.1837
vn 0.1658 -0.9779 0.1271
vn 0.1350 -0.9837 0.1187
vn -0.0277 -0.9953 0.0931
vn -0.1474 -0.9887 -0.0262
vn -0.7593 -0.6059 0.2373
vn -0.8345 -0.5499 -0.0353
vn -0.4846 -0.6669 0.5661
vn -0.6086 -0.7432 0.2779
vn -0.7316 -0.6748 -0.0969
vn -0.6771 -0.5619 -0.4751
vn -0.5323 -0.4913 -0.6894
vn -0.7265 -0.4765 -0.4952
vn -0.7919 -0.5494 -0.2665
vn -0.5176 -0.6111 -0.5989
vn -0.1072 -0.6046 -0.7893
vn 0.1762 -0.5426 -0.8213
vn -0.1305 -0.5037 -0.8540
vn -0.4016 -0.5612 -0.7237
vn 0.1739 -0.6760 -0.7161
vn 0.5360 -0.7342 -0.4167
vn 0.5875 -0.7328 -0.3433
vn 0.5579 -0.7753 -0.2959
vn 0.7067 -0.6555 -0.2661
vn 0.6207 -0.4806 -0.6195
vn 0.5547 -0.6813 -0.4776
vn 0.4483 -0.8891 0.0926
vn 0.2037 -0.8474 0.4903
vn -0.1585 -0.6758 0.7198
vn -0.1806 -0.6300 0.7553
vn 0.2613 -0.7263 0.6358
vn 0.4274 -0.7391 0.5206
vn 0.1744 -0.7827 0.5975
vn -0.0836 -0.8248 0.5592
vn -0.5232 -0.7892 0.3216
vn -0.8794 -0.1934 0.4350
vn -0.9861 -0.1389 0.0913
vn -0.4460 -0.3429 0.8268
vn -0.7948 -0.2814 0.5376
vn -0.9863 -0.1483 0.0726
vn -0.8895 -0.1447 -0.4333
vn -0.5854 -0.0551 -0.8089
vn -0.8872 -0.0338 -0.4601
vn -0.9528 -0.1583 -0.2590
vn -0.6328 -0.1443 -0.7607
vn -0.0228 -0.0980 -0.9949
vn 0.3193 -0.1126 -0.9409
vn -0.3541 -0.1063 -0.9291
vn -0.3482 -0.1697 -0.9219
vn 0.3729 -0.2607 -0.8905
vn 0.8248 -0.3555 -0.4398
vn 0.8824 -0.3257 -0.3397
vn 0.9523 -0.2779 -0.1263
vn 0.9660 -0.1981 -0.1663
vn 0.6977 -0.1562 -0.6991
vn 0.8551 -0.3025 -0.4210
vn 0.8416 -0.4735 0.2598
vn 0.4054 -0.4626 0.7885
vn -0.0664 -0.2917 0.9542
vn -0.1071 -0.3483 0.9312
vn 0.3920 -0.4107 0.8232
vn 0.4827 -0.4100 0.7739
vn 0.1921 -0.3904 0.9004
vn -0.1005 -0.4589 0.8828
vn -0.7789 -0.2904 0.5559
vn -0.8674 0.0552 0.4946
vn -0.9885 0.1189 0.0931
vn -0.5022 -0.0245 0.8644
vn -0.7829 0.0456 0.6204
vn -0.9487 0.0036 0.3161
vn -0.8958 0.1387 -0.4222
vn -0.5610 0.1930 -0.8050
vn -0.8737 0.1915 -0.4472
vn -0.9642 0.1683 -0.2051
vn -0.6180 0.2153 -0.7561
vn 0.0042 0.1736 -0.9848
vn 0.2105 0.0945 -0.9730
vn -0.3474 0.1719 -0.9218
vn -0.2933 0.1812 -0.9387
vn 0.4731 0.1152 -0.8735
vn 0.9276 0.0106 -0.3735
vn 0.9506 -0.0744 -0.3014
vn 0.9949 -0.1005 0.0012
vn 0.9681 -0.0738 -0.2394
vn 0.7596 0.0184 -0.6501
vn 0.9453 -0.0306 -0.3249
vn 0.9371 -0.1226 0.3269
vn 0.4832 -0.1450 0.8634
vn 0.0862 -0.1716 0.9814
vn -0.0658 -0.1661 0.9839
vn 0.4151 -0.1892 0.8899
vn 0.4411 -0.1664 0.8819
vn 0.2869 -0.1705 0.9427
vn -0.1333 -0.1269 0.9829
vn -0.7692 0.0062 0.6389
vn -0.8170 0.1567 0.5549
vn -0.9577 0.2662 0.1090
vn -0.4620 0.0172 0.8867
vn -0.7081 0.0584 0.7037
vn -0.9388 0.2019 0.2791
vn -0.7765 0.3805 -0.5022
vn -0.5388 0.3643 -0.7596
vn -0.8874 0.2843 -0.3629
vn -0.9428 0.2557 -0.2139
vn -0.6199 0.3418 -0.7063
vn -0.0966 0.2910 -0.9518
vn 0.3342 0.2572 -0.9067
vn -0.1770 0.3589 -0.9164
vn -0.2654 0.3501 -0.8983
vn 0.5008 0.2882 -0.8162
vn 0.8651 0.1182 -0.4874
vn 0.9716 0.0372 -0.2338
vn 0.9960 0.0125 0.0886
vn 0.9753 0.0631 -0.2119
vn 0.7814 0.1314 -0.6100
vn 0.9330 0.0848 -0.3498
vn 0.9152 0.0094 0.4028
vn 0.5219 -0.0324 0.8524
vn 0.0687 -0.0119 0.9976
vn -0.0291 -0.0108 0.9995
vn 0.4633 -0.0381 0.8854
vn 0.4411 -0.0687 0.8948
vn 0.1767 0.0246 0.9839
vn -0.1366 0.1043 0.9851
vn -0.7479 0.2241 0.6248
vn -0.7293 0.3023 0.6138
vn -0.9145 0.3635 0.1778
vn -0.3844 0.1709 0.9072
vn -0.6430 0.2914 0.7082
vn -0.8423 0.5223 0.1330
vn -0.6785 0.5609 -0.4743
vn -0.5631 0.4962 -0.6608
vn -0.8666 0.4386 -0.2379
vn -0.8571 0.4695 -0.2120
vn -0.6192 0.5256 -0.5834
vn -0.0005 0.5269 -0.8499
vn 0.4208 0.4162 -0.8061
vn -0.2797 0.4708 -0.8367
vn -0.2476 0.5147 -0.8209
vn 0.4125 0.4907 -0.7675
vn 0.8343 0.3826 -0.3968
vn 0.9544 0.2815 -0.0998
vn 0.9600 0.2373 0.1484
vn 0.9528 0.2532 -0.1675
vn 0.7501 0.2706 -0.6034
vn 0.9089 0.3117 -0.2770
vn 0.8578 0.3044 0.4142
vn 0.4781 0.2002 0.8552
vn 0.0198 0.1657 0.9860
vn 0.0179 0.1163 0.9931
vn 0.5008 0.1345 0.8550
vn 0.3809 0.1868 0.9056
vn 0.1109 0.2490 0.9621
vn -0.0944 0.3309 0.9389
vn -0.6697 0.3922 0.6306
vn -0.6223 0.4775 0.6203
vn -0.8302 0.5375 0.1478
vn -0.3081 0.3603 0.8805
vn -0.5565 0.5941 0.5808
vn -0.6811 0.7173 0.1468
vn -0.6161 0.6788 -0.3995
vn -0.4992 0.6412 -0.5828
vn -0.7181 0.6526 -0.2417
vn -0.8151 0.5758 -0.0640
vn -0.5592 0.7071 -0.4327
vn 0.0573 0.7289 -0.6822
vn 0.3048 0.6087 -0.7325
vn -0.2324 0.6525 -0.7213
vn -0.2169 0.7019 -0.6785
vn 0.3628 0.7368 -0.5706
vn 0.7437 0.6281 -0.2288
vn 0.8647 0.5013 0.0320
vn 0.8835 0.4271 0.1923
vn 0.8959 0.4089 -0.1735
vn 0.7589 0.4972 -0.4205
vn 0.8182 0.5483 -0.1730
vn 0.7469 0.5622 0.3550
vn 0.4263 0.4600 0.7789
vn 0.0081 0.3683 0.9297
vn -0.0293 0.2974 0.9543
vn 0.4130 0.3590 0.8370
vn 0.3489 0.4125 0.8415
vn 0.1030 0.4502 0.8870
vn 0.0301 0.4353 0.8998
vn -0.5319 0.5383 0.6537
vn -0.3531 0.7219 0.5951
vn -0.5774 0.7929 0.1946
vn -0.2458 0.7405 0.6255
vn -0.3554 0.8112 0.4643
vn -0.4446 0.8636 0.2379
vn -0.3902 0.8911 -0.2316
vn -0.3123 0.8573 -0.4092
vn -0.5983 0.7997 -0.0507
vn -0.6005 0.7996 0.0094
vn -0.3083 0.9225 -0.2321
vn 0.0339 0.9253 -0.3776
vn 0.2048 0.8729 -0.4428
vn -0.2049 0.8841 -0.4200
vn -0.1335 0.9083 -0.3963
vn 0.2912 0.9153 -0.2783
vn 0.5613 0.8276 0.0086
vn 0.6622 0.7404 0.1152
vn 0.6933 0.6872 0.2173
vn 0.6905 0.7233 0.0063
vn 0.6349 0.7603 -0.1374
vn 0.6527 0.7532 -0.0816
vn 0.5045 0.7762 0.3780
vn 0.3098 0.7066 0.6362
vn 0.0415 0.6321 0.7738
vn -0.0190 0.5687 0.8223
vn 0.3817 0.5963 0.7062
vn 0.2991 0.6664 0.6830
vn 0.2399 0.6265 0.7416
vn 0.1082 0.6771 0.7279
vn -0.3522 0.8222 0.4470
vn -0.0972 0.8980 0.4292
vn -0.2210 0.9424 0.2509
vn -0.0913 0.9062 0.4130
vn -0.1238 0.9124 0.3900
vn -0.1447 0.9713 0.1889
vn -0.1182 0.9911 -0.0607
vn -0.1564 0.9832 -0.0940
vn -0.3268 0.9369 0.1242
vn -0.2123 0.9754 0.0594
vn -0.1253 0.9920 -0.0132
vn 0.0778 0.9951 -0.0603
vn 0.0985 0.9926 -0.0709
vn -0.2021 0.9749 -0.0935
vn -0.0289 0.9981 -0.0536
vn 0.1751 0.9841 0.0305
vn 0.3350 0.9218 0.1950
vn 0.3678 0.9061 0.2091
vn 0.3942 0.8702 0.2957
vn 0.4033 0.9022 0.1529
vn 0.4045 0.9140 0.0308
vn 0.3992 0.9101 0.1113
vn 0.2747 0.8795 0.3886
vn 0.2199 0.8555 0.4687
vn 0.0496 0.8103 0.5839
vn 0.0679 0.8020 0.5935
vn 0.2931 0.8203 0.4911
vn 0.2660 0.8378 0.4769
vn 0.2738 0.8218 0.4997
vn 0.0810 0.8995 0.4294
vn -0.1337 0.9460 0.2952
vn -0.1400 -0.9632 -0.2296
vn -0.1658 -0.9506 -0.2623
vn -0.1182 -0.9711 -0.2073
vn -0.1241 -0.9595 -0.2530
vn -0.1081 -0.9551 -0.2760
vn -0.0947 -0.9602 -0.2629
vn -0.0892 -0.9646 -0.2481
vn -0.0732 -0.9650 -0.2519
vn 0.7483 0.0908 -0.6572
vn -0.0961 -0.9686 -0.2293
vn -0.1243 -0.9672 -0.2213
vn -0.1506 -0.9620 -0.2278
vn -0.1485 -0.9582 -0.2444
vn -0.1836 -0.9468 -0.2644
vn -0.1779 -0.9402 -0.2904
vn -0.8927 0.1934 -0.4070
vn -0.0712 -0.9617 -0.2645
vn -0.0415 -0.9739 -0.2233
vn -0.0409 -0.9789 -0.2001
vn -0.0683 -0.9784 -0.1952
vn -0.0884 -0.9754 -0.2019
vn -0.1023 -0.9740 -0.2020
vn -0.1221 -0.9738 -0.1917
vn -0.1200 -0.9680 -0.2204
vn -0.1079 -0.9638 -0.2438
vn 0.7646 0.0736 -0.6403
vn -0.0741 -0.9621 -0.2623
vn -0.0707 -0.9657 -0.2499
vn -0.0539 -0.9708 -0.2339
vn -0.0223 -0.9771 -0.2115
vn -0.0354 -0.9808 -0.1916
vn -0.0930 -0.9767 -0.1934
vn -0.1408 -0.9643 -0.2242
vn -0.0739 -0.8385 -0.5398
vn -0.2762 -0.9098 -0.3098
vn -0.2953 -0.8137 -0.5007
vn -0.1278 -0.9466 -0.2959
vn -0.1719 -0.9474 -0.2698
vn 0.0661 -0.9277 -0.3674
vn -0.0964 -0.9780 -0.1851
vn 0.1881 -0.9619 -0.1984
vn -0.0217 -0.9973 -0.0699
vn 0.2158 -0.9730 0.0813
vn -0.0528 -0.9952 0.0829
vn 0.1549 -0.9667 0.2039
vn -0.0429 -0.9980 0.0462
vn 0.1245 -0.9785 0.1647
vn -0.1324 -0.9772 0.1659
vn -0.1214 -0.8812 0.4569
vn -0.2258 -0.9365 0.2684
vn -0.2526 -0.8169 0.5185
vn -0.3054 -0.9052 0.2956
vn -0.4448 -0.7722 0.4538
vn -0.4121 -0.8764 0.2490
vn -0.5744 -0.7619 0.2995
vn -0.4283 -0.8817 0.1979
vn -0.5967 -0.7807 0.1855
vn -0.4283 -0.8958 0.1187
vn -0.5739 -0.8154 -0.0758
vn -0.3570 -0.9303 -0.0844
vn -0.4705 -0.8064 -0.3582
vn -0.3308 -0.9290 -0.1658
vn -0.3000 -0.8594 -0.4140
vn -0.3042 -0.9122 0.2747
vn -0.1251 -0.9762 0.1774
vn -0.1486 -0.9640 0.2204
vn -0.4688 -0.8688 0.1595
vn -0.4557 -0.8847 0.0978
vn -0.4506 -0.8913 -0.0506
vn -0.4638 -0.8803 -0.0995
vn -0.4576 -0.8871 -0.0604
vn -0.3186 -0.9259 -0.2029
vn -0.2966 -0.9413 -0.1611
vn -0.2138 -0.9722 -0.0956
vn -0.0098 -0.9997 -0.0221
vn 0.1038 -0.9945 0.0117
vn 0.1194 -0.9858 0.1182
vn 0.0759 -0.9765 0.2019
vn -0.1466 -0.6621 0.7350
vn -0.0302 -0.7277 0.6852
vn -0.1470 -0.6719 0.7259
vn -0.6478 -0.5907 0.4811
vn -0.8192 -0.5265 0.2274
vn -0.8321 -0.5253 -0.1782
vn -0.8069 -0.5513 -0.2121
vn -0.7280 -0.5847 -0.3579
vn -0.3354 -0.5977 -0.7282
vn -0.1640 -0.6826 -0.7122
vn 0.1769 -0.8165 -0.5496
vn 0.4863 -0.8372 -0.2502
vn 0.5435 -0.8340 -0.0950
vn 0.5175 -0.8154 0.2595
vn 0.4593 -0.6950 0.5531
vn -0.0793 -0.2249 0.9711
vn 0.1019 -0.4081 0.9072
vn -0.0733 -0.2847 0.9558
vn -0.7383 -0.1879 0.6477
vn -0.9643 -0.0611 0.2576
vn -0.9659 -0.1480 -0.2123
vn -0.9396 -0.0807 -0.3327
vn -0.7825 -0.0718 -0.6185
vn -0.2664 -0.1861 -0.9457
vn -0.0064 -0.2845 -0.9586
vn 0.4249 -0.4267 -0.7984
vn 0.7668 -0.4817 -0.4243
vn 0.8667 -0.4633 -0.1848
vn 0.8297 -0.4042 0.3849
vn 0.6311 -0.3325 0.7008
vn -0.0127 0.0075 0.9999
vn 0.1673 -0.0146 0.9858
vn 0.0186 -0.0569 0.9982
vn -0.7346 0.1086 0.6698
vn -0.9471 0.1723 0.2708
vn -0.9394 0.1982 -0.2797
vn -0.9069 0.1904 -0.3758
vn -0.8005 0.1117 -0.5889
vn -0.1965 0.0267 -0.9801
vn 0.0848 -0.0182 -0.9962
vn 0.5665 -0.0842 -0.8198
vn 0.8914 -0.0916 -0.4439
vn 0.9483 -0.1604 -0.2739
vn 0.9064 -0.1539 0.3935
vn 0.7370 -0.1543 0.6580
vn 0.0670 0.1554 0.9856
vn 0.1937 0.2268 0.9545
vn 0.0464 0.2093 0.9767
vn -0.6803 0.4094 0.6079
vn -0.8845 0.3551 0.3025
vn -0.9152 0.2924 -0.2774
vn -0.8634 0.3279 -0.3835
vn -0.7526 0.3246 -0.5730
vn -0.1885 0.1555 -0.9697
vn 0.1115 0.1089 -0.9878
vn 0.6374 0.0882 -0.7655
vn 0.8688 0.0042 -0.4951
vn 0.9605 -0.0311 -0.2767
vn 0.9317 0.0034 0.3632
vn 0.7496 0.0506 0.6599
vn 0.1157 0.3315 0.9363
vn 0.2315 0.3970 0.8881
vn 0.0438 0.4514 0.8912
vn -0.5741 0.5024 0.6465
vn -0.7860 0.5003 0.3631
vn -0.7802 0.5266 -0.3375
vn -0.8085 0.4698 -0.3544
vn -0.7321 0.4632 -0.4995
vn -0.1113 0.3731 -0.9211
vn 0.2796 0.3783 -0.8824
vn 0.6371 0.2867 -0.7154
vn 0.8384 0.1740 -0.5166
vn 0.9502 0.2412 -0.1972
vn 0.8996 0.2768 0.3378
vn 0.6999 0.2503 0.6689
vn 0.1319 0.5237 0.8416
vn 0.2462 0.5737 0.7812
vn 0.0805 0.5793 0.8111
vn -0.4727 0.6371 0.6088
vn -0.6361 0.7174 0.2841
vn -0.6385 0.7191 -0.2741
vn -0.7018 0.6669 -0.2505
vn -0.5126 0.7572 -0.4047
vn 0.0241 0.6287 -0.7773
vn 0.2976 0.5469 -0.7825
vn 0.5773 0.4694 -0.6682
vn 0.8254 0.4470 -0.3448
vn 0.8860 0.4189 -0.1990
vn 0.8428 0.4519 0.2924
vn 0.7080 0.4150 0.5714
vn 0.2125 0.7541 0.6215
vn 0.2113 0.8199 0.5320
vn 0.1874 0.7832 0.5929
vn -0.2736 0.8734 0.4028
vn -0.3758 0.9079 0.1858
vn -0.3507 0.9238 -0.1539
vn -0.4221 0.8984 -0.1213
vn -0.2539 0.9334 -0.2537
vn 0.1315 0.8463 -0.5162
vn 0.3405 0.7870 -0.5145
vn 0.5508 0.7555 -0.3549
vn 0.7053 0.6761 -0.2130
vn 0.7446 0.6523 -0.1419
vn 0.6642 0.7129 0.2249
vn 0.6145 0.6795 0.4008
vn 0.2957 0.8909 0.3448
vn 0.1543 0.9407 0.3022
vn 0.1939 0.9429 0.2709
vn -0.0210 0.9832 0.1811
vn -0.0801 0.9898 0.1176
vn -0.0674 0.9965 -0.0504
vn -0.1095 0.9938 0.0198
vn 0.0339 0.9975 -0.0622
vn 0.2393 0.9554 -0.1730
vn 0.3564 0.9180 -0.1738
vn 0.4734 0.8749 -0.1018
vn 0.5069 0.8596 -0.0648
vn 0.5099 0.8600 -0.0228
vn 0.4842 0.8652 0.1302
vn 0.4598 0.8665 0.1944
vn -0.2641 -0.9644 -0.0116
vn -0.9644 0.2547 0.0713
vn -0.2333 -0.9723 -0.0136
vn -0.6684 0.1963 -0.7174
vn -0.2798 -0.9558 -0.0909
vn -0.2552 -0.9648 -0.0634
vn 0.2555 0.9646 0.0645
vn -0.2572 -0.9646 -0.0582
vn -0.2837 -0.9588 -0.0112
vn -0.3402 -0.9403 0.0114
vn -0.3366 -0.9408 -0.0395
vn -0.2533 -0.9619 -0.1028
vn -0.2208 -0.9728 -0.0702
vn -0.2297 -0.9729 -0.0277
vn -0.2647 -0.9637 -0.0356
vn -0.2672 -0.9604 -0.0794
vn -0.2441 -0.9650 -0.0960
vn -0.2006 -0.9774 -0.0666
vn -0.2233 -0.9745 -0.0237
vt 2.000000 1.000000
vt 2.000000 1.250000
vt 1.714286 1.000000
vt 0.000000 1.000000
vt 0.285714 1.250000
vt 0.000000 1.250000
vt 1.714286 1.250000
vt 1.428571 1.000000
vt 1.428571 1.250000
vt 1.142857 1.000000
vt 1.142857 1.250000
vt 0.857143 1.000000
vt 0.857143 1.250000
vt 0.571429 1.000000
vt 0.571429 1.250000
vt 0.285714 1.000000
vt 2.000000 1.500000
vt 0.285714 1.500000
vt 0.000000 1.500000
vt 1.714286 1.500000
vt 1.428571 1.500000
vt 1.142857 1.500000
vt 0.857143 1.500000
vt 0.571429 1.500000
vt 2.000000 1.750000
vt 0.285714 1.750000
vt 0.000000 1.750000
vt 1.714286 1.750000
vt 1.428571 1.750000
vt 1.142857 1.750000
vt 0.857143 1.750000
vt 0.571429 1.750000
vt 2.000000 2.000000
vt 0.285714 2.000000
vt 0.000000 2.000000
vt 1.714286 2.000000
vt 1.428571 2.000000
vt 1.142857 2.000000
vt 0.857143 2.000000
vt 0.571429 2.000000
vt 2.000000 2.250000
vt 0.285714 2.250000
vt 0.000000 2.250000
vt 1.714286 2.250000
vt 1.428571 2.250000
vt 1.142857 2.250000
vt 0.857143 2.250000
vt 0.571429 2.250000
vt 2.000000 2.500000
vt 0.285714 2.500000
vt 0.000000 2.500000
vt 1.714286 2.500000
vt 1.428571 2.500000
vt 1.142857 2.500000
vt 0.857143 2.500000
vt 0.571429 2.500000
vt 2.000000 2.750000
vt 0.285714 2.750000
vt 0.000000 2.750000
vt 1.714286 2.750000
vt 1.428571 2.750000
vt 1.142857 2.750000
vt 0.857143 2.750000
vt 0.571429 2.750000
vt 2.000000 3.000000
vt 0.285714 3.000000
vt 0.000000 3.000000
vt 1.714286 3.000000
vt 1.428571 3.000000
vt 1.142857 3.000000
vt 0.857143 3.000000
vt 0.571429 3.000000
vt 2.000000 3.250000
vt 0.285714 3.250000
vt 0.000000 3.250000
vt 1.714286 3.250000
vt 1.428571 3.250000
vt 1.142857 3.250000
vt 0.857143 3.250000
vt 0.571429 3.250000
vt 2.000000 3.500000
vt 0.285714 3.500000
vt 0.000000 3.500000
vt 1.714286 3.500000
vt 1.428571 3.500000
vt 1.142857 3.500000
vt 0.857143 3.500000
vt 0.571429 3.500000
vt 2.000000 3.750000
vt 0.285714 3.750000
vt 0.000000 3.750000
vt 1.714286 3.750000
vt 1.428571 3.750000
vt 1.142857 3.750000
vt 0.857143 3.750000
vt 0.571429 3.750000
vt 2.000000 4.000000
vt 0.285714 4.000000
vt 0.000000 4.000000
vt 1.714286 4.000000
vt 1.428571 4.000000
vt 1.142857 4.000000
vt 0.857143 4.000000
vt 0.571429 4.000000
vt 2.000000 4.250000
vt 0.285714 4.250000
vt 0.000000 4.250000
vt 1.714286 4.250000
vt 1.428571 4.250000
vt 1.142857 4.250000
vt 0.857143 4.250000
vt 0.571429 4.250000
vt 2.000000 4.500000
vt 0.285714 4.500000
vt 0.000000 4.500000
vt 1.714286 4.500000
vt 1.428571 4.500000
vt 1.142857 4.500000
vt 0.857143 4.500000
vt 0.571429 4.500000
vt 2.000000 4.750000
vt 0.285714 4.750000
vt 0.000000 4.750000
vt 1.714286 4.750000
vt 1.428571 4.750000
vt 1.142857 4.750000
vt 0.857143 4.750000
vt 0.571429 4.750000
vt 2.000000 5.000000
vt 0.285714 5.000000
vt 0.000000 5.000000
vt 1.714286 5.000000
vt 1.428571 5.000000
vt 1.142857 5.000000
vt 0.857143 5.000000
vt 0.571429 5.000000
vt 2.000000 5.250000
vt 0.285714 5.250000
vt 0.000000 5.250000
vt 1.714286 5.250000
vt 1.428571 5.250000
vt 1.142857 5.250000
vt 0.857143 5.250000
vt 0.571429 5.250000
vt 2.000000 5.500000
vt 0.285714 5.500000
vt 0.000000 5.500000
vt 1.714286 5.500000
vt 1.428571 5.500000
vt 1.142857 5.500000
vt 0.857143 5.500000
vt 0.571429 5.500000
vt 2.000000 5.750000
vt 0.285714 5.750000
vt 0.000000 5.750000
vt 1.714286 5.750000
vt 1.428571 5.750000
vt 1.142857 5.750000
vt 0.857143 5.750000
vt 0.571429 5.750000
vt 2.000000 6.000000
vt 0.285714 6.000000
vt 0.000000 6.000000
vt 1.714286 6.000000
vt 1.428571 6.000000
vt 1.142857 6.000000
vt 0.857143 6.000000
vt 0.571429 6.000000
vt 2.000000 6.250000
vt 0.285714 6.250000
vt 0.000000 6.250000
vt 1.714286 6.250000
vt 1.428571 6.250000
vt 1.142857 6.250000
vt 0.857143 6.250000
vt 0.571429 6.250000
vt 2.000000 6.500000
vt 0.285714 6.500000
vt 0.000000 6.500000
vt 1.714286 6.500000
vt 1.428571 6.500000
vt 1.142857 6.500000
vt 0.857143 6.500000
vt 0.571429 6.500000
vt 2.000000 6.750000
vt 0.285714 6.750000
vt 0.000000 6.750000
vt 1.714286 6.750000
vt 1.428571 6.750000
vt 1.142857 6.750000
vt 0.857143 6.750000
vt 0.571429 6.750000
vt 2.000000 7.000000
vt 0.285714 7.000000
vt 0.000000 7.000000
vt 1.714286 7.000000
vt 1.428571 7.000000
vt 1.142857 7.000000
vt 0.857143 7.000000
vt 0.571429 7.000000
vt 2.000000 7.250000
vt 0.285714 7.250000
vt 0.000000 7.250000
vt 1.714286 7.250000
vt 1.428571 7.250000
vt 1.142857 7.250000
vt 0.857143 7.250000
vt 0.571429 7.250000
vt 2.000000 7.500000
vt 0.285714 7.500000
vt 0.000000 7.500000
vt 1.714286 7.500000
vt 1.428571 7.500000
vt 1.142857 7.500000
vt 0.857143 7.500000
vt 0.571429 7.500000
vt 2.000000 7.750000
vt 0.285714 7.750000
vt 0.000000 7.750000
vt 1.714286 7.750000
vt 1.428571 7.750000
vt 1.142857 7.750000
vt 0.857143 7.750000
vt 0.571429 7.750000
vt 2.000000 8.000000
vt 0.285714 8.000000
vt 0.000000 8.000000
vt 1.714286 8.000000
vt 1.428571 8.000000
vt 1.142857 8.000000
vt 0.857143 8.000000
vt 0.571429 8.000000
vt 2.000000 8.250000
vt 0.285714 8.250000
vt 0.000000 8.250000
vt 1.714286 8.250000
vt 1.428571 8.250000
vt 1.142857 8.250000
vt 0.857143 8.250000
vt 0.571429 8.250000
vt 2.000000 8.500000
vt 0.285714 8.500000
vt 0.000000 8.500000
vt 1.714286 8.500000
vt 1.428571 8.500000
vt 1.142857 8.500000
vt 0.857143 8.500000
vt 0.571429 8.500000
vt 2.000000 8.750000
vt 0.285714 8.750000
vt 0.000000 8.750000
vt 1.714286 8.750000
vt 1.428571 8.750000
vt 1.142857 8.750000
vt 0.857143 8.750000
vt 0.571429 8.750000
vt 2.000000 9.000000
vt 0.285714 9.000000
vt 0.000000 9.000000
vt 1.714286 9.000000
vt 1.428571 9.000000
vt 1.142857 9.000000
vt 0.857143 9.000000
vt 0.571429 9.000000
vt 2.000000 9.250000
vt 0.285714 9.250000
vt 0.000000 9.250000
vt 1.714286 9.250000
vt 1.428571 9.250000
vt 1.142857 9.250000
vt 0.857143 9.250000
vt 0.571429 9.250000
vt 2.000000 9.500000
vt 0.285714 9.500000
vt 0.000000 9.500000
vt 1.714286 9.500000
vt 1.428571 9.500000
vt 1.142857 9.500000
vt 0.857143 9.500000
vt 0.571429 9.500000
vt 2.000000 9.750000
vt 0.285714 9.750000
vt 0.000000 9.750000
vt 1.714286 9.750000
vt 1.428571 9.750000
vt 1.142857 9.750000
vt 0.857143 9.750000
vt 0.571429 9.750000
vt 2.000000 10.000000
vt 0.285714 10.000000
vt 0.000000 10.000000
vt 1.714286 10.000000
vt 1.428571 10.000000
vt 1.142857 10.000000
vt 0.857143 10.000000
vt 0.571429 10.000000
vt 2.000000 10.250000
vt 0.285714 10.250000
vt 0.000000 10.250000
vt 1.714286 10.250000
vt 1.428571 10.250000
vt 1.142857 10.250000
vt 0.857143 10.250000
vt 0.571429 10.250000
vt 2.000000 10.500000
vt 0.285714 10.500000
vt 0.000000 10.500000
vt 1.714286 10.500000
vt 1.428571 10.500000
vt 1.142857 10.500000
vt 0.857143 10.500000
vt 0.571429 10.500000
vt 1.000000 10.750000
vt 2.000000 10.750000
vt 0.285714 10.750000
vt 0.000000 10.750000
vt 1.714286 10.750000
vt 1.428571 10.750000
vt 1.142857 10.750000
vt 0.857143 10.750000
vt 0.571429 10.750000
vt 2.000000 11.000000
vt 0.285714 11.000000
vt 0.000000 11.000000
vt 1.714286 11.000000
vt 1.428571 11.000000
vt 1.142857 11.000000
vt 0.857143 11.000000
vt 0.571429 11.000000
vt 2.000000 11.250000
vt 0.285714 11.250000
vt 0.000000 11.250000
vt 1.714286 11.250000
vt 1.428571 11.250000
vt 1.142857 11.250000
vt 0.857143 11.250000
vt 0.571429 11.250000
vt 2.000000 11.500000
vt 0.285714 11.500000
vt 0.000000 11.500000
vt 1.714286 11.500000
vt 1.428571 11.500000
vt 1.142857 11.500000
vt 0.857143 11.500000
vt 0.571429 11.500000
vt 2.000000 11.750000
vt 0.285714 11.750000
vt 0.000000 11.750000
vt 1.714286 11.750000
vt 1.428571 11.750000
vt 1.142857 11.750000
vt 0.857143 11.750000
vt 0.571429 11.750000
vt 1.933333 1.000000
vt 1.866667 1.000000
vt 1.800000 1.000000
vt 1.733333 1.000000
vt 0.066667 1.000000
vt 1.666667 1.000000
vt 1.600000 1.000000
vt 1.533333 1.000000
vt 1.466667 1.000000
vt 1.400000 1.000000
vt 1.333333 1.000000
vt 1.266667 1.000000
vt 1.200000 1.000000
vt 1.133333 1.000000
vt 1.066667 1.000000
vt 1.000000 1.000000
vt 0.933333 1.000000
vt 0.866667 1.000000
vt 0.800000 1.000000
vt 0.733333 1.000000
vt 0.666667 1.000000
vt 0.600000 1.000000
vt 0.533333 1.000000
vt 0.466667 1.000000
vt 0.400000 1.000000
vt 0.333333 1.000000
vt 0.266667 1.000000
vt 0.200000 1.000000
vt 0.133333 1.000000
vt 1.000000 1.100000
vt 0.750000 1.000000
vt 0.750000 1.100000
vt 0.500000 1.000000
vt 0.500000 1.100000
vt 0.250000 1.000000
vt 0.250000 1.100000
vt 0.000000 1.100000
vt 1.000000 1.200000
vt 0.750000 1.200000
vt 0.500000 1.200000
vt 0.250000 1.200000
vt 0.000000 1.200000
vt 1.000000 1.300000
vt 0.750000 1.300000
vt 0.500000 1.300000
vt 0.250000 1.300000
vt 0.000000 1.300000
vt 1.000000 1.400000
vt 0.750000 1.400000
vt 0.500000 1.400000
vt 0.250000 1.400000
vt 0.000000 1.400000
vt 1.000000 1.500000
vt 0.750000 1.500000
vt 0.500000 1.500000
vt 0.250000 1.500000
vt 1.000000 1.600000
vt 0.750000 1.600000
vt 0.500000 1.600000
vt 0.250000 1.600000
vt 0.000000 1.600000
vt 1.000000 1.700000
vt 0.750000 1.700000
vt 0.500000 1.700000
vt 0.250000 1.700000
vt 0.000000 1.700000
vt 1.000000 1.800000
vt 0.750000 1.800000
vt 0.500000 1.800000
vt 0.250000 1.800000
vt 0.000000 1.800000
vt 1.000000 1.900000
vt 0.750000 1.900000
vt 0.500000 1.900000
vt 0.250000 1.900000
vt 0.000000 1.900000
vt 0.500000 2.000000
vt 2.000000 1.083333
vt 0.066667 1.083333
vt 0.000000 1.083333
vt 1.933333 1.083333
vt 1.866667 1.083333
vt 1.800000 1.083333
vt 1.733333 1.083333
vt 1.666667 1.083333
vt 1.600000 1.083333
vt 1.533333 1.083333
vt 1.466667 1.083333
vt 1.400000 1.083333
vt 1.333333 1.083333
vt 1.266667 1.083333
vt 1.200000 1.083333
vt 1.133333 1.083333
vt 1.066667 1.083333
vt 1.000000 1.083333
vt 0.933333 1.083333
vt 0.866667 1.083333
vt 0.800000 1.083333
vt 0.733333 1.083333
vt 0.666667 1.083333
vt 0.600000 1.083333
vt 0.533333 1.083333
vt 0.466667 1.083333
vt 0.400000 1.083333
vt 0.333333 1.083333
vt 0.266667 1.083333
vt 0.200000 1.083333
vt 0.133333 1.083333
vt 2.000000 1.166667
vt 0.066667 1.166667
vt 0.000000 1.166667
vt 1.933333 1.166667
vt 1.866667 1.166667
vt 1.800000 1.166667
vt 1.733333 1.166667
vt 1.666667 1.166667
vt 1.600000 1.166667
vt 1.533333 1.166667
vt 1.466667 1.166667
vt 1.400000 1.166667
vt 1.333333 1.166667
vt 1.266667 1.166667
vt 1.200000 1.166667
vt 1.133333 1.166667
vt 1.066667 1.166667
vt 1.000000 1.166667
vt 0.933333 1.166667
vt 0.866667 1.166667
vt 0.800000 1.166667
vt 0.733333 1.166667
vt 0.666667 1.166667
vt 0.600000 1.166667
vt 0.533333 1.166667
vt 0.466667 1.166667
vt 0.400000 1.166667
vt 0.333333 1.166667
vt 0.266667 1.166667
vt 0.200000 1.166667
vt 0.133333 1.166667
vt 0.066667 1.250000
vt 1.933333 1.250000
vt 1.866667 1.250000
vt 1.800000 1.250000
vt 1.733333 1.250000
vt 1.666667 1.250000
vt 1.600000 1.250000
vt 1.533333 1.250000
vt 1.466667 1.250000
vt 1.400000 1.250000
vt 1.333333 1.250000
vt 1.266667 1.250000
vt 1.200000 1.250000
vt 1.133333 1.250000
vt 1.066667 1.250000
vt 1.000000 1.250000
vt 0.933333 1.250000
vt 0.866667 1.250000
vt 0.800000 1.250000
vt 0.733333 1.250000
vt 0.666667 1.250000
vt 0.600000 1.250000
vt 0.533333 1.250000
vt 0.466667 1.250000
vt 0.400000 1.250000
vt 0.333333 1.250000
vt 0.266667 1.250000
vt 0.200000 1.250000
vt 0.133333 1.250000
vt 2.000000 1.333333
vt 0.066667 1.333333
vt 0.000000 1.333333
vt 1.933333 1.333333
vt 1.866667 1.333333
vt 1.800000 1.333333
vt 1.733333 1.333333
vt 1.666667 1.333333
vt 1.600000 1.333333
vt 1.533333 1.333333
vt 1.466667 1.333333
vt 1.400000 1.333333
vt 1.333333 1.333333
vt 1.266667 1.333333
vt 1.200000 1.333333
vt 1.133333 1.333333
vt 1.066667 1.333333
vt 1.000000 1.333333
vt 0.933333 1.333333
vt 0.866667 1.333333
vt 0.800000 1.333333
vt 0.733333 1.333333
vt 0.666667 1.333333
vt 0.600000 1.333333
vt 0.533333 1.333333
vt 0.466667 1.333333
vt 0.400000 1.333333
vt 0.333333 1.333333
vt 0.266667 1.333333
vt 0.200000 1.333333
vt 0.133333 1.333333
vt 2.000000 1.416667
vt 0.066667 1.416667
vt 0.000000 1.416667
vt 1.933333 1.416667
vt 1.866667 1.416667
vt 1.800000 1.416667
vt 1.733333 1.416667
vt 1.666667 1.416667
vt 1.600000 1.416667
vt 1.533333 1.416667
vt 1.466667 1.416667
vt 1.400000 1.416667
vt 1.333333 1.416667
vt 1.266667 1.416667
vt 1.200000 1.416667
vt 1.133333 1.416667
vt 1.066667 1.416667
vt 1.000000 1.416667
vt 0.933333 1.416667
vt 0.866667 1.416667
vt 0.800000 1.416667
vt 0.733333 1.416667
vt 0.666667 1.416667
vt 0.600000 1.416667
vt 0.533333 1.416667
vt 0.466667 1.416667
vt 0.400000 1.416667
vt 0.333333 1.416667
vt 0.266667 1.416667
vt 0.200000 1.416667
vt 0.133333 1.416667
vt 0.066667 1.500000
vt 1.933333 1.500000
vt 1.866667 1.500000
vt 1.800000 1.500000
vt 1.733333 1.500000
vt 1.666667 1.500000
vt 1.600000 1.500000
vt 1.533333 1.500000
vt 1.466667 1.500000
vt 1.400000 1.500000
vt 1.333333 1.500000
vt 1.266667 1.500000
vt 1.200000 1.500000
vt 1.133333 1.500000
vt 1.066667 1.500000
vt 0.933333 1.500000
vt 0.866667 1.500000
vt 0.800000 1.500000
vt 0.733333 1.500000
vt 0.666667 1.500000
vt 0.600000 1.500000
vt 0.533333 1.500000
vt 0.466667 1.500000
vt 0.400000 1.500000
vt 0.333333 1.500000
vt 0.266667 1.500000
vt 0.200000 1.500000
vt 0.133333 1.500000
vt 2.000000 1.583333
vt 0.066667 1.583333
vt 0.000000 1.583333
vt 1.933333 1.583333
vt 1.866667 1.583333
vt 1.800000 1.583333
vt 1.733333 1.583333
vt 1.666667 1.583333
vt 1.600000 1.583333
vt 1.533333 1.583333
vt 1.466667 1.583333
vt 1.400000 1.583333
vt 1.333333 1.583333
vt 1.266667 1.583333
vt 1.200000 1.583333
vt 1.133333 1.583333
vt 1.066667 1.583333
vt 1.000000 1.583333
vt 0.933333 1.583333
vt 0.866667 1.583333
vt 0.800000 1.583333
vt 0.733333 1.583333
vt 0.666667 1.583333
vt 0.600000 1.583333
vt 0.533333 1.583333
vt 0.466667 1.583333
vt 0.400000 1.583333
vt 0.333333 1.583333
vt 0.266667 1.583333
vt 0.200000 1.583333
vt 0.133333 1.583333
vt 2.000000 1.666667
vt 0.066667 1.666667
vt 0.000000 1.666667
vt 1.933333 1.666667
vt 1.866667 1.666667
vt 1.800000 1.666667
vt 1.733333 1.666667
vt 1.666667 1.666667
vt 1.600000 1.666667
vt 1.533333 1.666667
vt 1.466667 1.666667
vt 1.400000 1.666667
vt 1.333333 1.666667
vt 1.266667 1.666667
vt 1.200000 1.666667
vt 1.133333 1.666667
vt 1.066667 1.666667
vt 1.000000 1.666667
vt 0.933333 1.666667
vt 0.866667 1.666667
vt 0.800000 1.666667
vt 0.733333 1.666667
vt 0.666667 1.666667
vt 0.600000 1.666667
vt 0.533333 1.666667
vt 0.466667 1.666667
vt 0.400000 1.666667
vt 0.333333 1.666667
vt 0.266667 1.666667
vt 0.200000 1.666667
vt 0.133333 1.666667
vt 0.066667 1.750000
vt 1.933333 1.750000
vt 1.866667 1.750000
vt 1.800000 1.750000
vt 1.733333 1.750000
vt 1.666667 1.750000
vt 1.600000 1.750000
vt 1.533333 1.750000
vt 1.466667 1.750000
vt 1.400000 1.750000
vt 1.333333 1.750000
vt 1.266667 1.750000
vt 1.200000 1.750000
vt 1.133333 1.750000
vt 1.066667 1.750000
vt 1.000000 1.750000
vt 0.933333 1.750000
vt 0.866667 1.750000
vt 0.800000 1.750000
vt 0.733333 1.750000
vt 0.666667 1.750000
vt 0.600000 1.750000
vt 0.533333 1.750000
vt 0.466667 1.750000
vt 0.400000 1.750000
vt 0.333333 1.750000
vt 0.266667 1.750000
vt 0.200000 1.750000
vt 0.133333 1.750000
vt 2.000000 1.833333
vt 0.066667 1.833333
vt 0.000000 1.833333
vt 1.933333 1.833333
vt 1.866667 1.833333
vt 1.800000 1.833333
vt 1.733333 1.833333
vt 1.666667 1.833333
vt 1.600000 1.833333
vt 1.533333 1.833333
vt 1.466667 1.833333
vt 1.400000 1.833333
vt 1.333333 1.833333
vt 1.266667 1.833333
vt 1.200000 1.833333
vt 1.133333 1.833333
vt 1.066667 1.833333
vt 1.000000 1.833333
vt 0.933333 1.833333
vt 0.866667 1.833333
vt 0.800000 1.833333
vt 0.733333 1.833333
vt 0.666667 1.833333
vt 0.600000 1.833333
vt 0.533333 1.833333
vt 0.466667 1.833333
vt 0.400000 1.833333
vt 0.333333 1.833333
vt 0.266667 1.833333
vt 0.200000 1.833333
vt 0.133333 1.833333
vt 2.000000 1.916667
vt 0.066667 1.916667
vt 0.000000 1.916667
vt 1.933333 1.916667
vt 1.866667 1.916667
vt 1.800000 1.916667
vt 1.733333 1.916667
vt 1.666667 1.916667
vt 1.600000 1.916667
vt 1.533333 1.916667
vt 1.466667 1.916667
vt 1.400000 1.916667
vt 1.333333 1.916667
vt 1.266667 1.916667
vt 1.200000 1.916667
vt 1.133333 1.916667
vt 1.066667 1.916667
vt 1.000000 1.916667
vt 0.933333 1.916667
vt 0.866667 1.916667
vt 0.800000 1.916667
vt 0.733333 1.916667
vt 0.666667 1.916667
vt 0.600000 1.916667
vt 0.533333 1.916667
vt 0.466667 1.916667
vt 0.400000 1.916667
vt 0.333333 1.916667
vt 0.266667 1.916667
vt 0.200000 1.916667
vt 0.133333 1.916667
s 1
usemtl VG07brn1.003
f 1/1/1 8/2/2 2/3/3
f 1/4/1 14/5/4 8/6/2
f 2/3/3 8/2/2 9/7/5
f 2/3/3 9/7/5 3/8/6
f 3/8/6 9/7/5 10/9/7
f 3/8/6 10/9/7 4/10/8
f 4/10/8 10/9/7 11/11/9
f 4/10/8 11/11/9 5/12/10
f 5/12/10 11/11/9 12/13/11
f 5/12/10 12/13/11 6/14/12
f 6/14/12 12/13/11 13/15/13
f 6/14/12 13/15/13 7/16/14
f 7/16/14 13/15/13 14/5/4
f 7/16/14 14/5/4 1/4/1
f 8/2/2 15/17/15 9/7/5
f 8/6/2 21/18/16 15/19/15
f 9/7/5 15/17/15 16/20/17
f 9/7/5 16/20/17 10/9/7
f 10/9/7 16/20/17 17/21/18
f 10/9/7 17/21/18 11/11/9
f 11/11/9 17/21/18 18/22/19
f 11/11/9 18/22/19 12/13/11
f 12/13/11 18/22/19 19/23/20
f 12/13/11 19/23/20 13/15/13
f 13/15/13 19/23/20 20/24/21
f 13/15/13 20/24/21 14/5/4
f 14/5/4 20/24/21 21/18/16
f 14/5/4 21/18/16 8/6/2
f 15/17/15 22/25/22 16/20/17
f 15/19/15 28/26/23 22/27/22
f 16/20/17 22/25/22 23/28/24
f 16/20/17 23/28/24 17/21/18
f 17/21/18 23/28/24 24/29/25
f 17/21/18 24/29/25 18/22/19
f 18/22/19 24/29/25 25/30/26
f 18/22/19 25/30/26 19/23/20
f 19/23/20 25/30/26 26/31/27
f 19/23/20 26/31/27 20/24/21
f 20/24/21 26/31/27 27/32/28
f 20/24/21 27/32/28 21/18/16
f 21/18/16 27/32/28 28/26/23
f 21/18/16 28/26/23 15/19/15
f 22/25/22 29/33/29 23/28/24
f 22/27/22 35/34/30 29/35/29
f 23/28/24 29/33/29 30/36/31
f 23/28/24 30/36/31 24/29/25
f 24/29/25 30/36/31 31/37/32
f 24/29/25 31/37/32 25/30/26
f 25/30/26 31/37/32 32/38/33
f 25/30/26 32/38/33 26/31/27
f 26/31/27 32/38/33 33/39/34
f 26/31/27 33/39/34 27/32/28
f 27/32/28 33/39/34 34/40/35
f 27/32/28 34/40/35 28/26/23
f 28/26/23 34/40/35 35/34/30
f 28/26/23 35/34/30 22/27/22
f 29/33/29 36/41/36 30/36/31
f 29/35/29 42/42/37 36/43/36
f 30/36/31 36/41/36 37/44/38
f 30/36/31 37/44/38 31/37/32
f 31/37/32 37/44/38 38/45/39
f 31/37/32 38/45/39 32/38/33
f 32/38/33 38/45/39 39/46/40
f 32/38/33 39/46/40 33/39/34
f 33/39/34 39/46/40 40/47/41
f 33/39/34 40/47/41 34/40/35
f 34/40/35 40/47/41 41/48/42
f 34/40/35 41/48/42 35/34/30
f 35/34/30 41/48/42 42/42/37
f 35/34/30 42/42/37 29/35/29
f 36/41/36 43/49/43 37/44/38
f 36/43/36 49/50/44 43/51/43
f 37/44/38 43/49/43 44/52/45
f 37/44/38 44/52/45 38/45/39
f 38/45/39 44/52/45 45/53/46
f 38/45/39 45/53/46 39/46/40
f 39/46/40 45/53/46 46/54/47
f 39/46/40 46/54/47 40/47/41
f 40/47/41 46/54/47 47/55/48
f 40/47/41 47/55/48 41/48/42
f 41/48/42 47/55/48 48/56/49
f 41/48/42 48/56/49 42/42/37
f 42/42/37 48/56/49 49/50/44
f 42/42/37 49/50/44 36/43/36
f 43/49/43 50/57/50 44/52/45
f 43/51/43 56/58/51 50/59/50
f 44/52/45 50/57/50 51/60/52
f 44/52/45 51/60/52 45/53/46
f 45/53/46 51/60/52 52/61/53
f 45/53/46 52/61/53 46/54/47
f 46/54/47 52/61/53 53/62/54
f 46/54/47 53/62/54 47/55/48
f 47/55/48 53/62/54 54/63/55
f 47/55/48 54/63/55 48/56/49
f 48/56/49 54/63/55 55/64/56
f 48/56/49 55/64/56 49/50/44
f 49/50/44 55/64/56 56/58/51
f 49/50/44 56/58/51 43/51/43
f 50/57/50 57/65/57 51/60/52
f 50/59/50 63/66/58 57/67/57
f 51/60/52 57/65/57 58/68/59
f 51/60/52 58/68/59 52/61/53
f 52/61/53 58/68/59 59/69/60
f 52/61/53 59/69/60 53/62/54
f 53/62/54 59/69/60 60/70/61
f 53/62/54 60/70/61 54/63/55
f 54/63/55 60/70/61 61/71/62
f 54/63/55 61/71/62 55/64/56
f 55/64/56 61/71/62 62/72/63
f 55/64/56 62/72/63 56/58/51
f 56/58/51 62/72/63 63/66/58
f 56/58/51 63/66/58 50/59/50
f 57/65/57 64/73/64 58/68/59
f 57/67/57 70/74/65 64/75/64
f 58/68/59 64/73/64 65/76/66
f 58/68/59 65/76/66 59/69/60
f 59/69/60 65/76/66 66/77/67
f 59/69/60 66/77/67 60/70/61
f 60/70/61 66/77/67 67/78/68
f 60/70/61 67/78/68 61/71/62
f 61/71/62 67/78/68 68/79/69
f 61/71/62 68/79/69 62/72/63
f 62/72/63 68/79/69 69/80/70
f 62/72/63 69/80/70 63/66/58
f 63/66/58 69/80/70 70/74/65
f 63/66/58 70/74/65 57/67/57
f 64/73/64 71/81/71 65/76/66
f 64/75/64 77/82/72 71/83/71
f 65/76/66 71/81/71 72/84/73
f 65/76/66 72/84/73 66/77/67
f 66/77/67 72/84/73 73/85/74
f 66/77/67 73/85/74 67/78/68
f 67/78/68 73/85/74 74/86/75
f 67/78/68 74/86/75 68/79/69
f 68/79/69 74/86/75 75/87/76
f 68/79/69 75/87/76 69/80/70
f 69/80/70 75/87/76 76/88/77
f 69/80/70 76/88/77 70/74/65
f 70/74/65 76/88/77 77/82/72
f 70/74/65 77/82/72 64/75/64
f 71/81/71 78/89/78 72/84/73
f 71/83/71 84/90/79 78/91/78
f 72/84/73 78/89/78 79/92/80
f 72/84/73 79/92/80 73/85/74
f 73/85/74 79/92/80 80/93/81
f 73/85/74 80/93/81 74/86/75
f 74/86/75 80/93/81 81/94/82
f 74/86/75 81/94/82 75/87/76
f 75/87/76 81/94/82 82/95/83
f 75/87/76 82/95/83 76/88/77
f 76/88/77 82/95/83 83/96/84
f 76/88/77 83/96/84 77/82/72
f 77/82/72 83/96/84 84/90/79
f 77/82/72 84/90/79 71/83/71
f 78/89/78 85/97/85 79/92/80
f 78/91/78 91/98/86 85/99/85
f 79/92/80 85/97/85 86/100/87
f 79/92/80 86/100/87 80/93/81
f 80/93/81 86/100/87 87/101/88
f 80/93/81 87/101/88 81/94/82
f 81/94/82 87/101/88 88/102/89
f 81/94/82 88/102/89 82/95/83
f 82/95/83 88/102/89 89/103/90
f 82/95/83 89/103/90 83/96/84
f 83/96/84 89/103/90 90/104/91
f 83/96/84 90/104/91 84/90/79
f 84/90/79 90/104/91 91/98/86
f 84/90/79 91/98/86 78/91/78
f 92/97/92 99/105/93 93/100/94
f 92/99/92 105/106/95 99/107/93
f 93/100/94 99/105/93 100/108/96
f 93/100/94 100/108/96 94/101/97
f 94/101/97 100/108/96 101/109/98
f 94/101/97 101/109/98 95/102/99
f 95/102/99 101/109/98 102/110/100
f 95/102/99 102/110/100 96/103/101
f 96/103/101 102/110/100 103/111/102
f 96/103/101 103/111/102 97/104/103
f 97/104/103 103/111/102 104/112/104
f 97/104/103 104/112/104 98/98/105
f 98/98/105 104/112/104 105/106/95
f 98/98/105 105/106/95 92/99/92
f 99/105/93 106/113/106 100/108/96
f 99/107/93 112/114/107 106/115/106
f 100/108/96 106/113/106 107/116/108
f 100/108/96 107/116/108 101/109/98
f 101/109/98 107/116/108 108/117/109
f 101/109/98 108/117/109 102/110/100
f 102/110/100 108/117/109 109/118/110
f 102/110/100 109/118/110 103/111/102
f 103/111/102 109/118/110 110/119/111
f 103/111/102 110/119/111 104/112/104
f 104/112/104 110/119/111 111/120/112
f 104/112/104 111/120/112 105/106/95
f 105/106/95 111/120/112 112/114/107
f 105/106/95 112/114/107 99/107/93
f 106/113/106 113/121/113 107/116/108
f 106/115/106 119/122/114 113/123/113
f 107/116/108 113/121/113 114/124/115
f 107/116/108 114/124/115 108/117/109
f 108/117/109 114/124/115 115/125/116
f 108/117/109 115/125/116 109/118/110
f 109/118/110 115/125/116 116/126/117
f 109/118/110 116/126/117 110/119/111
f 110/119/111 116/126/117 117/127/118
f 110/119/111 117/127/118 111/120/112
f 111/120/112 117/127/118 118/128/119
f 111/120/112 118/128/119 112/114/107
f 112/114/107 118/128/119 119/122/114
f 112/114/107 119/122/114 106/115/106
f 113/121/113 120/129/120 114/124/115
f 113/123/113 126/130/121 120/131/120
f 114/124/115 120/129/120 121/132/122
f 114/124/115 121/132/122 115/125/116
f 115/125/116 121/132/122 122/133/123
f 115/125/116 122/133/123 116/126/117
f 116/126/117 122/133/123 123/134/124
f 116/126/117 123/134/124 117/127/118
f 117/127/118 123/134/124 124/135/125
f 117/127/118 124/135/125 118/128/119
f 118/128/119 124/135/125 125/136/126
f 118/128/119 125/136/126 119/122/114
f 119/122/114 125/136/126 126/130/121
f 119/122/114 126/130/121 113/123/113
f 120/129/120 127/137/127 121/132/122
f 120/131/120 133/138/128 127/139/127
f 121/132/122 127/137/127 128/140/129
f 121/132/122 128/140/129 122/133/123
f 122/133/123 128/140/129 129/141/130
f 122/133/123 129/141/130 123/134/124
f 123/134/124 129/141/130 130/142/131
f 123/134/124 130/142/131 124/135/125
f 124/135/125 130/142/131 131/143/132
f 124/135/125 131/143/132 125/136/126
f 125/136/126 131/143/132 132/144/133
f 125/136/126 132/144/133 126/130/121
f 126/130/121 132/144/133 133/138/128
f 126/130/121 133/138/128 120/131/120
f 127/137/127 134/145/134 128/140/129
f 127/139/127 140/146/135 134/147/134
f 128/140/129 134/145/134 135/148/136
f 128/140/129 135/148/136 129/141/130
f 129/141/130 135/148/136 136/149/137
f 129/141/130 136/149/137 130/142/131
f 130/142/131 136/149/137 137/150/138
f 130/142/131 137/150/138 131/143/132
f 131/143/132 137/150/138 138/151/139
f 131/143/132 138/151/139 132/144/133
f 132/144/133 138/151/139 139/152/140
f 132/144/133 139/152/140 133/138/128
f 133/138/128 139/152/140 140/146/135
f 133/138/128 140/146/135 127/139/127
f 134/145/134 141/153/141 135/148/136
f 134/147/134 147/154/142 141/155/141
f 135/148/136 141/153/141 142/156/143
f 135/148/136 142/156/143 136/149/137
f 136/149/137 142/156/143 143/157/144
f 136/149/137 143/157/144 137/150/138
f 137/150/138 143/157/144 144/158/145
f 137/150/138 144/158/145 138/151/139
f 138/151/139 144/158/145 145/159/146
f 138/151/139 145/159/146 139/152/140
f 139/152/140 145/159/146 146/160/147
f 139/152/140 146/160/147 140/146/135
f 140/146/135 146/160/147 147/154/142
f 140/146/135 147/154/142 134/147/134
f 141/153/141 148/161/148 142/156/143
f 141/155/141 154/162/149 148/163/148
f 142/156/143 148/161/148 149/164/150
f 142/156/143 149/164/150 143/157/144
f 143/157/144 149/164/150 150/165/151
f 143/157/144 150/165/151 144/158/145
f 144/158/145 150/165/151 151/166/152
f 144/158/145 151/166/152 145/159/146
f 145/159/146 151/166/152 152/167/153
f 145/159/146 152/167/153 146/160/147
f 146/160/147 152/167/153 153/168/154
f 146/160/147 153/168/154 147/154/142
f 147/154/142 153/168/154 154/162/149
f 147/154/142 154/162/149 141/155/141
f 148/161/148 155/169/155 149/164/150
f 148/163/148 161/170/156 155/171/155
f 149/164/150 155/169/155 156/172/157
f 149/164/150 156/172/157 150/165/151
f 150/165/151 156/172/157 157/173/158
f 150/165/151 157/173/158 151/166/152
f 151/166/152 157/173/158 158/174/159
f 151/166/152 158/174/159 152/167/153
f 152/167/153 158/174/159 159/175/160
f 152/167/153 159/175/160 153/168/154
f 153/168/154 159/175/160 160/176/161
f 153/168/154 160/176/161 154/162/149
f 154/162/149 160/176/161 161/170/156
f 154/162/149 161/170/156 148/163/148
f 155/169/155 162/177/162 156/172/157
f 155/171/155 168/178/163 162/179/162
f 156/172/157 162/177/162 163/180/164
f 156/172/157 163/180/164 157/173/158
f 157/173/158 163/180/164 164/181/165
f 157/173/158 164/181/165 158/174/159
f 158/174/159 164/181/165 165/182/166
f 158/174/159 165/182/166 159/175/160
f 159/175/160 165/182/166 166/183/167
f 159/175/160 166/183/167 160/176/161
f 160/176/161 166/183/167 167/184/168
f 160/176/161 167/184/168 161/170/156
f 161/170/156 167/184/168 168/178/163
f 161/170/156 168/178/163 155/171/155
f 162/177/162 169/185/169 163/180/164
f 162/179/162 175/186/170 169/187/169
f 163/180/164 169/185/169 170/188/171
f 163/180/164 170/188/171 164/181/165
f 164/181/165 170/188/171 171/189/172
f 164/181/165 171/189/172 165/182/166
f 165/182/166 171/189/172 172/190/173
f 165/182/166 172/190/173 166/183/167
f 166/183/167 172/190/173 173/191/174
f 166/183/167 173/191/174 167/184/168
f 167/184/168 173/191/174 174/192/175
f 167/184/168 174/192/175 168/178/163
f 168/178/163 174/192/175 175/186/170
f 168/178/163 175/186/170 162/179/162
f 169/185/169 176/193/176 170/188/171
f 169/187/169 182/194/177 176/195/176
f 170/188/171 176/193/176 177/196/178
f 170/188/171 177/196/178 171/189/172
f 171/189/172 177/196/178 178/197/179
f 171/189/172 178/197/179 172/190/173
f 172/190/173 178/197/179 179/198/180
f 172/190/173 179/198/180 173/191/174
f 173/191/174 179/198/180 180/199/181
f 173/191/174 180/199/181 174/192/175
f 174/192/175 180/199/181 181/200/182
f 174/192/175 181/200/182 175/186/170
f 175/186/170 181/200/182 182/194/177
f 175/186/170 182/194/177 169/187/169
f 285/193/183 292/201/184 286/196/185
f 285/195/183 298/202/186 292/203/184
f 286/196/185 292/201/184 293/204/187
f 286/196/185 293/204/187 287/197/188
f 287/197/188 293/204/187 294/205/189
f 287/197/188 294/205/189 288/198/190
f 288/198/190 294/205/189 295/206/191
f 288/198/190 295/206/191 289/199/192
f 289/199/192 295/206/191 296/207/193
f 289/199/192 296/207/193 290/200/194
f 290/200/194 296/207/193 297/208/195
f 290/200/194 297/208/195 291/194/196
f 291/194/196 297/208/195 298/202/186
f 291/194/196 298/202/186 285/195/183
f 292/201/184 299/209/197 293/204/187
f 292/203/184 305/210/198 299/211/197
f 293/204/187 299/209/197 300/212/199
f 293/204/187 300/212/199 294/205/189
f 294/205/189 300/212/199 301/213/200
f 294/205/189 301/213/200 295/206/191
f 295/206/191 301/213/200 302/214/201
f 295/206/191 302/214/201 296/207/193
f 296/207/193 302/214/201 303/215/202
f 296/207/193 303/215/202 297/208/195
f 297/208/195 303/215/202 304/216/203
f 297/208/195 304/216/203 298/202/186
f 298/202/186 304/216/203 305/210/198
f 298/202/186 305/210/198 292/203/184
f 299/209/197 306/217/204 300/212/199
f 299/211/197 312/218/205 306/219/204
f 300/212/199 306/217/204 307/220/206
f 300/212/199 307/220/206 301/213/200
f 301/213/200 307/220/206 308/221/207
f 301/213/200 308/221/207 302/214/201
f 302/214/201 308/221/207 309/222/208
f 302/214/201 309/222/208 303/215/202
f 303/215/202 309/222/208 310/223/209
f 303/215/202 310/223/209 304/216/203
f 304/216/203 310/223/209 311/224/210
f 304/216/203 311/224/210 305/210/198
f 305/210/198 311/224/210 312/218/205
f 305/210/198 312/218/205 299/211/197
f 306/217/204 313/225/211 307/220/206
f 306/219/204 319/226/212 313/227/211
f 307/220/206 313/225/211 314/228/213
f 307/220/206 314/228/213 308/221/207
f 308/221/207 314/228/213 315/229/214
f 308/221/207 315/229/214 309/222/208
f 309/222/208 315/229/214 316/230/215
f 309/222/208 316/230/215 310/223/209
f 310/223/209 316/230/215 317/231/216
f 310/223/209 317/231/216 311/224/210
f 311/224/210 317/231/216 318/232/217
f 311/224/210 318/232/217 312/218/205
f 312/218/205 318/232/217 319/226/212
f 312/218/205 319/226/212 306/219/204
f 313/225/211 320/233/218 314/228/213
f 313/227/211 326/234/219 320/235/218
f 314/228/213 320/233/218 321/236/220
f 314/228/213 321/236/220 315/229/214
f 315/229/214 321/236/220 322/237/221
f 315/229/214 322/237/221 316/230/215
f 316/230/215 322/237/221 323/238/222
f 316/230/215 323/238/222 317/231/216
f 317/231/216 323/238/222 324/239/223
f 317/231/216 324/239/223 318/232/217
f 318/232/217 324/239/223 325/240/224
f 318/232/217 325/240/224 319/226/212
f 319/226/212 325/240/224 326/234/219
f 319/226/212 326/234/219 313/227/211
f 320/233/218 327/241/225 321/236/220
f 320/235/218 333/242/226 327/243/225
f 321/236/220 327/241/225 328/244/227
f 321/236/220 328/244/227 322/237/221
f 322/237/221 328/244/227 329/245/228
f 322/237/221 329/245/228 323/238/222
f 323/238/222 329/245/228 330/246/229
f 323/238/222 330/246/229 324/239/223
f 324/239/223 330/246/229 331/247/230
f 324/239/223 331/247/230 325/240/224
f 325/240/224 331/247/230 332/248/231
f 325/240/224 332/248/231 326/234/219
f 326/234/219 332/248/231 333/242/226
f 326/234/219 333/242/226 320/235/218
f 327/241/225 334/249/232 328/244/227
f 327/243/225 340/250/233 334/251/232
f 328/244/227 334/249/232 335/252/234
f 328/244/227 335/252/234 329/245/228
f 329/245/228 335/252/234 336/253/235
f 329/245/228 336/253/235 330/246/229
f 330/246/229 336/253/235 337/254/236
f 330/246/229 337/254/236 331/247/230
f 331/247/230 337/254/236 338/255/237
f 331/247/230 338/255/237 332/248/231
f 332/248/231 338/255/237 339/256/238
f 332/248/231 339/256/238 333/242/226
f 333/242/226 339/256/238 340/250/233
f 333/242/226 340/250/233 327/243/225
f 334/249/232 341/257/239 335/252/234
f 334/251/232 347/258/240 341/259/239
f 335/252/234 341/257/239 342/260/241
f 335/252/234 342/260/241 336/253/235
f 336/253/235 342/260/241 343/261/242
f 336/253/235 343/261/242 337/254/236
f 337/254/236 343/261/242 344/262/243
f 337/254/236 344/262/243 338/255/237
f 338/255/237 344/262/243 345/263/244
f 338/255/237 345/263/244 339/256/238
f 339/256/238 345/263/244 346/264/245
f 339/256/238 346/264/245 340/250/233
f 340/250/233 346/264/245 347/258/240
f 340/250/233 347/258/240 334/251/232
f 348/257/246 355/265/247 349/260/248
f 348/259/246 361/266/249 355/267/247
f 349/260/248 355/265/247 356/268/250
f 349/260/248 356/268/250 350/261/251
f 350/261/251 356/268/250 357/269/252
f 350/261/251 357/269/252 351/262/253
f 351/262/253 357/269/252 358/270/254
f 351/262/253 358/270/254 352/263/255
f 352/263/255 358/270/254 359/271/256
f 352/263/255 359/271/256 353/264/257
f 353/264/257 359/271/256 360/272/258
f 353/264/257 360/272/258 354/258/259
f 354/258/259 360/272/258 361/266/249
f 354/258/259 361/266/249 348/259/246
f 355/265/247 362/273/260 356/268/250
f 355/267/247 368/274/261 362/275/260
f 356/268/250 362/273/260 363/276/262
f 356/268/250 363/276/262 357/269/252
f 357/269/252 363/276/262 364/277/263
f 357/269/252 364/277/263 358/270/254
f 358/270/254 364/277/263 365/278/264
f 358/270/254 365/278/264 359/271/256
f 359/271/256 365/278/264 366/279/265
f 359/271/256 366/279/265 360/272/258
f 360/272/258 366/279/265 367/280/266
f 360/272/258 367/280/266 361/266/249
f 361/266/249 367/280/266 368/274/261
f 361/266/249 368/274/261 355/267/247
f 362/273/260 369/281/267 363/276/262
f 362/275/260 375/282/268 369/283/267
f 363/276/262 369/281/267 370/284/269
f 363/276/262 370/284/269 364/277/263
f 364/277/263 370/284/269 371/285/270
f 364/277/263 371/285/270 365/278/264
f 365/278/264 371/285/270 372/286/271
f 365/278/264 372/286/271 366/279/265
f 366/279/265 372/286/271 373/287/272
f 366/279/265 373/287/272 367/280/266
f 367/280/266 373/287/272 374/288/273
f 367/280/266 374/288/273 368/274/261
f 368/274/261 374/288/273 375/282/268
f 368/274/261 375/282/268 362/275/260
f 369/281/267 376/289/274 370/284/269
f 369/283/267 382/290/275 376/291/274
f 370/284/269 376/289/274 377/292/276
f 370/284/269 377/292/276 371/285/270
f 371/285/270 377/292/276 378/293/277
f 371/285/270 378/293/277 372/286/271
f 372/286/271 378/293/277 379/294/278
f 372/286/271 379/294/278 373/287/272
f 373/287/272 379/294/278 380/295/279
f 373/287/272 380/295/279 374/288/273
f 374/288/273 380/295/279 381/296/280
f 374/288/273 381/296/280 375/282/268
f 375/282/268 381/296/280 382/290/275
f 375/282/268 382/290/275 369/283/267
f 376/289/274 383/297/281 377/292/276
f 376/291/274 389/298/282 383/299/281
f 377/292/276 383/297/281 384/300/283
f 377/292/276 384/300/283 378/293/277
f 378/293/277 384/300/283 385/301/284
f 378/293/277 385/301/284 379/294/278
f 379/294/278 385/301/284 386/302/285
f 379/294/278 386/302/285 380/295/279
f 380/295/279 386/302/285 387/303/286
f 380/295/279 387/303/286 381/296/280
f 381/296/280 387/303/286 388/304/287
f 381/296/280 388/304/287 382/290/275
f 382/290/275 388/304/287 389/298/282
f 382/290/275 389/298/282 376/291/274
f 383/297/281 390/305/288 384/300/283
f 383/299/281 396/306/289 390/307/288
f 384/300/283 390/305/288 391/308/290
f 384/300/283 391/308/290 385/301/284
f 385/301/284 391/308/290 392/309/291
f 385/301/284 392/309/291 386/302/285
f 386/302/285 392/309/291 393/310/292
f 386/302/285 393/310/292 387/303/286
f 387/303/286 393/310/292 394/311/293
f 387/303/286 394/311/293 388/304/287
f 388/304/287 394/311/293 395/312/294
f 388/304/287 395/312/294 389/298/282
f 389/298/282 395/312/294 396/306/289
f 389/298/282 396/306/289 383/299/281
f 390/305/288 397/313/295 391/308/290
f 391/308/290 397/313/295 392/309/291
f 392/309/291 397/313/295 393/310/292
f 393/310/292 397/313/295 394/311/293
f 394/311/293 397/313/295 395/312/294
f 395/312/294 397/313/295 396/306/289
f 396/306/289 397/313/295 390/307/288
f 1622/257/296 1629/265/297 1623/260/298
f 1622/259/296 1635/266/299 1629/267/297
f 1623/260/298 1629/265/297 1630/268/300
f 1623/260/298 1630/268/300 1624/261/301
f 1624/261/301 1630/268/300 1631/269/302
f 1624/261/301 1631/269/302 1625/262/303
f 1625/262/303 1631/269/302 1632/270/304
f 1625/262/303 1632/270/304 1626/263/305
f 1626/263/305 1632/270/304 1633/271/306
f 1626/263/305 1633/271/306 1627/264/307
f 1627/264/307 1633/271/306 1634/272/308
f 1627/264/307 1634/272/308 1628/258/309
f 1628/258/309 1634/272/308 1635/266/299
f 1628/258/309 1635/266/299 1622/259/296
f 1629/265/297 1636/273/310 1630/268/300
f 1629/267/297 1642/274/311 1636/275/310
f 1630/268/300 1636/273/310 1637/276/312
f 1630/268/300 1637/276/312 1631/269/302
f 1631/269/302 1637/276/312 1638/277/313
f 1631/269/302 1638/277/313 1632/270/304
f 1632/270/304 1638/277/313 1639/278/314
f 1632/270/304 1639/278/314 1633/271/306
f 1633/271/306 1639/278/314 1640/279/315
f 1633/271/306 1640/279/315 1634/272/308
f 1634/272/308 1640/279/315 1641/280/316
f 1634/272/308 1641/280/316 1635/266/299
f 1635/266/299 1641/280/316 1642/274/311
f 1635/266/299 1642/274/311 1629/267/297
f 1636/273/310 1643/281/317 1637/276/312
f 1636/275/310 1649/282/318 1643/283/317
f 1637/276/312 1643/281/317 1644/284/319
f 1637/276/312 1644/284/319 1638/277/313
f 1638/277/313 1644/284/319 1645/285/320
f 1638/277/313 1645/285/320 1639/278/314
f 1639/278/314 1645/285/320 1646/286/321
f 1639/278/314 1646/286/321 1640/279/315
f 1640/279/315 1646/286/321 1647/287/322
f 1640/279/315 1647/287/322 1641/280/316
f 1641/280/316 1647/287/322 1648/288/323
f 1641/280/316 1648/288/323 1642/274/311
f 1642/274/311 1648/288/323 1649/282/318
f 1642/274/311 1649/282/318 1636/275/310
f 1643/281/317 1650/289/324 1644/284/319
f 1643/283/317 1656/290/325 1650/291/324
f 1644/284/319 1650/289/324 1651/292/326
f 1644/284/319 1651/292/326 1645/285/320
f 1645/285/320 1651/292/326 1652/293/327
f 1645/285/320 1652/293/327 1646/286/321
f 1646/286/321 1652/293/327 1653/294/328
f 1646/286/321 1653/294/328 1647/287/322
f 1647/287/322 1653/294/328 1654/295/329
f 1647/287/322 1654/295/329 1648/288/323
f 1648/288/323 1654/295/329 1655/296/330
f 1648/288/323 1655/296/330 1649/282/318
f 1649/282/318 1655/296/330 1656/290/325
f 1649/282/318 1656/290/325 1643/283/317
f 1650/289/324 1657/297/331 1651/292/326
f 1650/291/324 1663/298/332 1657/299/331
f 1651/292/326 1657/297/331 1658/300/333
f 1651/292/326 1658/300/333 1652/293/327
f 1652/293/327 1658/300/333 1659/301/334
f 1652/293/327 1659/301/334 1653/294/328
f 1653/294/328 1659/301/334 1660/302/335
f 1653/294/328 1660/302/335 1654/295/329
f 1654/295/329 1660/302/335 1661/303/336
f 1654/295/329 1661/303/336 1655/296/330
f 1655/296/330 1661/303/336 1662/304/337
f 1655/296/330 1662/304/337 1656/290/325
f 1656/290/325 1662/304/337 1663/298/332
f 1656/290/325 1663/298/332 1650/291/324
f 1657/297/331 1664/305/338 1658/300/333
f 1657/299/331 1670/306/339 1664/307/338
f 1658/300/333 1664/305/338 1665/308/340
f 1658/300/333 1665/308/340 1659/301/334
f 1659/301/334 1665/308/340 1666/309/341
f 1659/301/334 1666/309/341 1660/302/335
f 1660/302/335 1666/309/341 1667/310/342
f 1660/302/335 1667/310/342 1661/303/336
f 1661/303/336 1667/310/342 1668/311/343
f 1661/303/336 1668/311/343 1662/304/337
f 1662/304/337 1668/311/343 1669/312/344
f 1662/304/337 1669/312/344 1663/298/332
f 1663/298/332 1669/312/344 1670/306/339
f 1663/298/332 1670/306/339 1657/299/331
f 1664/305/338 1671/314/345 1665/308/340
f 1664/307/338 1677/315/346 1671/316/345
f 1665/308/340 1671/314/345 1672/317/347
f 1665/308/340 1672/317/347 1666/309/341
f 1666/309/341 1672/317/347 1673/318/348
f 1666/309/341 1673/318/348 1667/310/342
f 1667/310/342 1673/318/348 1674/319/349
f 1667/310/342 1674/319/349 1668/311/343
f 1668/311/343 1674/319/349 1675/320/350
f 1668/311/343 1675/320/350 1669/312/344
f 1669/312/344 1675/320/350 1676/321/351
f 1669/312/344 1676/321/351 1670/306/339
f 1670/306/339 1676/321/351 1677/315/346
f 1670/306/339 1677/315/346 1664/307/338
f 1671/314/345 1678/322/352 1672/317/347
f 1671/316/345 1684/323/353 1678/324/352
f 1672/317/347 1678/322/352 1679/325/354
f 1672/317/347 1679/325/354 1673/318/348
f 1673/318/348 1679/325/354 1680/326/355
f 1673/318/348 1680/326/355 1674/319/349
f 1674/319/349 1680/326/355 1681/327/356
f 1674/319/349 1681/327/356 1675/320/350
f 1675/320/350 1681/327/356 1682/328/357
f 1675/320/350 1682/328/357 1676/321/351
f 1676/321/351 1682/328/357 1683/329/358
f 1676/321/351 1683/329/358 1677/315/346
f 1677/315/346 1683/329/358 1684/323/353
f 1677/315/346 1684/323/353 1671/316/345
f 1678/322/352 1685/330/359 1679/325/354
f 1678/324/352 1691/331/360 1685/332/359
f 1679/325/354 1685/330/359 1686/333/361
f 1679/325/354 1686/333/361 1680/326/355
f 1680/326/355 1686/333/361 1687/334/362
f 1680/326/355 1687/334/362 1681/327/356
f 1681/327/356 1687/334/362 1688/335/363
f 1681/327/356 1688/335/363 1682/328/357
f 1682/328/357 1688/335/363 1689/336/364
f 1682/328/357 1689/336/364 1683/329/358
f 1683/329/358 1689/336/364 1690/337/365
f 1683/329/358 1690/337/365 1684/323/353
f 1684/323/353 1690/337/365 1691/331/360
f 1684/323/353 1691/331/360 1678/324/352
f 1685/330/359 1692/338/366 1686/333/361
f 1685/332/359 1698/339/367 1692/340/366
f 1686/333/361 1692/338/366 1693/341/368
f 1686/333/361 1693/341/368 1687/334/362
f 1687/334/362 1693/341/368 1694/342/369
f 1687/334/362 1694/342/369 1688/335/363
f 1688/335/363 1694/342/369 1695/343/370
f 1688/335/363 1695/343/370 1689/336/364
f 1689/336/364 1695/343/370 1696/344/371
f 1689/336/364 1696/344/371 1690/337/365
f 1690/337/365 1696/344/371 1697/345/372
f 1690/337/365 1697/345/372 1691/331/360
f 1691/331/360 1697/345/372 1698/339/367
f 1691/331/360 1698/339/367 1685/332/359
f 1692/338/366 1699/346/373 1693/341/368
f 1692/340/366 1705/347/374 1699/348/373
f 1693/341/368 1699/346/373 1700/349/375
f 1693/341/368 1700/349/375 1694/342/369
f 1694/342/369 1700/349/375 1701/350/376
f 1694/342/369 1701/350/376 1695/343/370
f 1695/343/370 1701/350/376 1702/351/377
f 1695/343/370 1702/351/377 1696/344/371
f 1696/344/371 1702/351/377 1703/352/378
f 1696/344/371 1703/352/378 1697/345/372
f 1697/345/372 1703/352/378 1704/353/379
f 1697/345/372 1704/353/379 1698/339/367
f 1698/339/367 1704/353/379 1705/347/374
f 1698/339/367 1705/347/374 1692/340/366
f 1699/346/373 1706/1/380 1707/354/381
f 1699/346/373 1707/354/381 1708/355/382
f 1699/346/373 1708/355/382 1709/356/383
f 1699/346/373 1709/356/383 1710/357/384
f 1699/346/373 1710/357/384 1700/349/375
f 1699/348/373 1735/358/385 1706/4/380
f 1700/349/375 1710/357/384 1711/359/386
f 1700/349/375 1711/359/386 1712/360/387
f 1700/349/375 1712/360/387 1713/361/388
f 1700/349/375 1713/361/388 1714/362/389
f 1700/349/375 1714/362/389 1701/350/376
f 1701/350/376 1714/362/389 1715/363/390
f 1701/350/376 1715/363/390 1716/364/391
f 1701/350/376 1716/364/391 1717/365/392
f 1701/350/376 1717/365/392 1718/366/393
f 1701/350/376 1718/366/393 1702/351/377
f 1702/351/377 1718/366/393 1719/367/394
f 1702/351/377 1719/367/394 1720/368/395
f 1702/351/377 1720/368/395 1721/369/396
f 1702/351/377 1721/369/396 1722/370/397
f 1702/351/377 1722/370/397 1723/371/398
f 1702/351/377 1723/371/398 1703/352/378
f 1703/352/378 1723/371/398 1724/372/399
f 1703/352/378 1724/372/399 1725/373/400
f 1703/352/378 1725/373/400 1726/374/401
f 1703/352/378 1726/374/401 1727/375/402
f 1703/352/378 1727/375/402 1704/353/379
f 1704/353/379 1727/375/402 1728/376/403
f 1704/353/379 1728/376/403 1729/377/404
f 1704/353/379 1729/377/404 1730/378/405
f 1704/353/379 1730/378/405 1731/379/406
f 1704/353/379 1731/379/406 1705/347/374
f 1705/347/374 1731/379/406 1732/380/407
f 1705/347/374 1732/380/407 1733/381/408
f 1705/347/374 1733/381/408 1734/382/409
f 1705/347/374 1734/382/409 1735/358/385
f 1705/347/374 1735/358/385 1699/348/373
f 2657/241/410 2664/249/411 2658/244/412
f 2657/243/410 2670/250/413 2664/251/411
f 2658/244/412 2664/249/411 2665/252/414
f 2658/244/412 2665/252/414 2659/245/415
f 2659/245/415 2665/252/414 2666/253/416
f 2659/245/415 2666/253/416 2660/246/417
f 2660/246/417 2666/253/416 2667/254/418
f 2660/246/417 2667/254/418 2661/247/419
f 2661/247/419 2667/254/418 2668/255/420
f 2661/247/419 2668/255/420 2662/248/421
f 2662/248/421 2668/255/420 2669/256/422
f 2662/248/421 2669/256/422 2663/242/423
f 2663/242/423 2669/256/422 2670/250/413
f 2663/242/423 2670/250/413 2657/243/410
f 2664/249/411 2671/257/424 2665/252/414
f 2664/251/411 2677/258/425 2671/259/424
f 2665/252/414 2671/257/424 2672/260/426
f 2665/252/414 2672/260/426 2666/253/416
f 2666/253/416 2672/260/426 2673/261/427
f 2666/253/416 2673/261/427 2667/254/418
f 2667/254/418 2673/261/427 2674/262/428
f 2667/254/418 2674/262/428 2668/255/420
f 2668/255/420 2674/262/428 2675/263/429
f 2668/255/420 2675/263/429 2669/256/422
f 2669/256/422 2675/263/429 2676/264/430
f 2669/256/422 2676/264/430 2670/250/413
f 2670/250/413 2676/264/430 2677/258/425
f 2670/250/413 2677/258/425 2664/251/411
f 2671/257/424 2678/265/431 2672/260/426
f 2671/259/424 2684/266/432 2678/267/431
f 2672/260/426 2678/265/431 2679/268/433
f 2672/260/426 2679/268/433 2673/261/427
f 2673/261/427 2679/268/433 2680/269/434
f 2673/261/427 2680/269/434 2674/262/428
f 2674/262/428 2680/269/434 2681/270/435
f 2674/262/428 2681/270/435 2675/263/429
f 2675/263/429 2681/270/435 2682/271/436
f 2675/263/429 2682/271/436 2676/264/430
f 2676/264/430 2682/271/436 2683/272/437
f 2676/264/430 2683/272/437 2677/258/425
f 2677/258/425 2683/272/437 2684/266/432
f 2677/258/425 2684/266/432 2671/259/424
f 2678/265/431 2685/273/438 2679/268/433
f 2678/267/431 2691/274/439 2685/275/438
f 2679/268/433 2685/273/438 2686/276/440
f 2679/268/433 2686/276/440 2680/269/434
f 2680/269/434 2686/276/440 2687/277/441
f 2680/269/434 2687/277/441 2681/270/435
f 2681/270/435 2687/277/441 2688/278/442
f 2681/270/435 2688/278/442 2682/271/436
f 2682/271/436 2688/278/442 2689/279/443
f 2682/271/436 2689/279/443 2683/272/437
f 2683/272/437 2689/279/443 2690/280/444
f 2683/272/437 2690/280/444 2684/266/432
f 2684/266/432 2690/280/444 2691/274/439
f 2684/266/432 2691/274/439 2678/267/431
f 2685/273/438 2692/281/445 2686/276/440
f 2685/275/438 2698/282/446 2692/283/445
f 2686/276/440 2692/281/445 2693/284/447
f 2686/276/440 2693/284/447 2687/277/441
f 2687/277/441 2693/284/447 2694/285/448
f 2687/277/441 2694/285/448 2688/278/442
f 2688/278/442 2694/285/448 2695/286/449
f 2688/278/442 2695/286/449 2689/279/443
f 2689/279/443 2695/286/449 2696/287/450
f 2689/279/443 2696/287/450 2690/280/444
f 2690/280/444 2696/287/450 2697/288/451
f 2690/280/444 2697/288/451 2691/274/439
f 2691/274/439 2697/288/451 2698/282/446
f 2691/274/439 2698/282/446 2685/275/438
f 2692/281/445 2699/289/452 2693/284/447
f 2692/283/445 2705/290/453 2699/291/452
f 2693/284/447 2699/289/452 2700/292/454
f 2693/284/447 2700/292/454 2694/285/448
f 2694/285/448 2700/292/454 2701/293/455
f 2694/285/448 2701/293/455 2695/286/449
f 2695/286/449 2701/293/455 2702/294/456
f 2695/286/449 2702/294/456 2696/287/450
f 2696/287/450 2702/294/456 2703/295/457
f 2696/287/450 2703/295/457 2697/288/451
f 2697/288/451 2703/295/457 2704/296/458
f 2697/288/451 2704/296/458 2698/282/446
f 2698/282/446 2704/296/458 2705/290/453
f 2698/282/446 2705/290/453 2692/283/445
f 2699/289/452 2706/297/459 2700/292/454
f 2699/291/452 2712/298/460 2706/299/459
f 2700/292/454 2706/297/459 2707/300/461
f 2700/292/454 2707/300/461 2701/293/455
f 2701/293/455 2707/300/461 2708/301/462
f 2701/293/455 2708/301/462 2702/294/456
f 2702/294/456 2708/301/462 2709/302/463
f 2702/294/456 2709/302/463 2703/295/457
f 2703/295/457 2709/302/463 2710/303/464
f 2703/295/457 2710/303/464 2704/296/458
f 2704/296/458 2710/303/464 2711/304/465
f 2704/296/458 2711/304/465 2705/290/453
f 2705/290/453 2711/304/465 2712/298/460
f 2705/290/453 2712/298/460 2699/291/452
f 2706/297/459 2713/305/466 2707/300/461
f 2706/299/459 2719/306/467 2713/307/466
f 2707/300/461 2713/305/466 2714/308/468
f 2707/300/461 2714/308/468 2708/301/462
f 2708/301/462 2714/308/468 2715/309/469
f 2708/301/462 2715/309/469 2709/302/463
f 2709/302/463 2715/309/469 2716/310/470
f 2709/302/463 2716/310/470 2710/303/464
f 2710/303/464 2716/310/470 2717/311/471
f 2710/303/464 2717/311/471 2711/304/465
f 2711/304/465 2717/311/471 2718/312/472
f 2711/304/465 2718/312/472 2712/298/460
f 2712/298/460 2718/312/472 2719/306/467
f 2712/298/460 2719/306/467 2706/299/459
f 2713/305/466 2720/314/473 2714/308/468
f 2713/307/466 2726/315/474 2720/316/473
f 2714/308/468 2720/314/473 2721/317/475
f 2714/308/468 2721/317/475 2715/309/469
f 2715/309/469 2721/317/475 2722/318/476
f 2715/309/469 2722/318/476 2716/310/470
f 2716/310/470 2722/318/476 2723/319/477
f 2716/310/470 2723/319/477 2717/311/471
f 2717/311/471 2723/319/477 2724/320/478
f 2717/311/471 2724/320/478 2718/312/472
f 2718/312/472 2724/320/478 2725/321/479
f 2718/312/472 2725/321/479 2719/306/467
f 2719/306/467 2725/321/479 2726/315/474
f 2719/306/467 2726/315/474 2713/307/466
f 2720/314/473 2727/322/480 2721/317/475
f 2720/316/473 2733/323/481 2727/324/480
f 2721/317/475 2727/322/480 2728/325/482
f 2721/317/475 2728/325/482 2722/318/476
f 2722/318/476 2728/325/482 2729/326/483
f 2722/318/476 2729/326/483 2723/319/477
f 2723/319/477 2729/326/483 2730/327/484
f 2723/319/477 2730/327/484 2724/320/478
f 2724/320/478 2730/327/484 2731/328/485
f 2724/320/478 2731/328/485 2725/321/479
f 2725/321/479 2731/328/485 2732/329/486
f 2725/321/479 2732/329/486 2726/315/474
f 2726/315/474 2732/329/486 2733/323/481
f 2726/315/474 2733/323/481 2720/316/473
f 2727/322/480 2734/330/487 2728/325/482
f 2727/324/480 2740/331/488 2734/332/487
f 2728/325/482 2734/330/487 2735/333/489
f 2728/325/482 2735/333/489 2729/326/483
f 2729/326/483 2735/333/489 2736/334/490
f 2729/326/483 2736/334/490 2730/327/484
f 2730/327/484 2736/334/490 2737/335/491
f 2730/327/484 2737/335/491 2731/328/485
f 2731/328/485 2737/335/491 2738/336/492
f 2731/328/485 2738/336/492 2732/329/486
f 2732/329/486 2738/336/492 2739/337/493
f 2732/329/486 2739/337/493 2733/323/481
f 2733/323/481 2739/337/493 2740/331/488
f 2733/323/481 2740/331/488 2727/324/480
f 2734/330/487 2741/1/494 2742/354/495
f 2734/330/487 2742/354/495 2743/355/496
f 2734/330/487 2743/355/496 2744/356/497
f 2734/330/487 2744/356/497 2745/357/498
f 2734/330/487 2745/357/498 2735/333/489
f 2734/332/487 2770/358/499 2741/4/494
f 2735/333/489 2745/357/498 2746/359/500
f 2735/333/489 2746/359/500 2747/360/501
f 2735/333/489 2747/360/501 2748/361/502
f 2735/333/489 2748/361/502 2749/362/503
f 2735/333/489 2749/362/503 2736/334/490
f 2736/334/490 2749/362/503 2750/363/504
f 2736/334/490 2750/363/504 2751/364/505
f 2736/334/490 2751/364/505 2752/365/506
f 2736/334/490 2752/365/506 2753/366/507
f 2736/334/490 2753/366/507 2737/335/491
f 2737/335/491 2753/366/507 2754/367/508
f 2737/335/491 2754/367/508 2755/368/509
f 2737/335/491 2755/368/509 2756/369/510
f 2737/335/491 2756/369/510 2757/370/511
f 2737/335/491 2757/370/511 2758/371/512
f 2737/335/491 2758/371/512 2738/336/492
f 2738/336/492 2758/371/512 2759/372/513
f 2738/336/492 2759/372/513 2760/373/514
f 2738/336/492 2760/373/514 2761/374/515
f 2738/336/492 2761/374/515 2762/375/516
f 2738/336/492 2762/375/516 2739/337/493
f 2739/337/493 2762/375/516 2763/376/517
f 2739/337/493 2763/376/517 2764/377/518
f 2739/337/493 2764/377/518 2765/378/519
f 2739/337/493 2765/378/519 2766/379/520
f 2739/337/493 2766/379/520 2740/331/488
f 2740/331/488 2766/379/520 2767/380/521
f 2740/331/488 2767/380/521 2768/381/522
f 2740/331/488 2768/381/522 2769/382/523
f 2740/331/488 2769/382/523 2770/358/499
f 2740/331/488 2770/358/499 2734/332/487
f 2771/209/524 2778/217/525 2772/212/526
f 2771/211/524 2784/218/527 2778/219/525
f 2772/212/526 2778/217/525 2779/220/528
f 2772/212/526 2779/220/528 2773/213/529
f 2773/213/529 2779/220/528 2780/221/530
f 2773/213/529 2780/221/530 2774/214/531
f 2774/214/531 2780/221/530 2781/222/532
f 2774/214/531 2781/222/532 2775/215/533
f 2775/215/533 2781/222/532 2782/223/534
f 2775/215/533 2782/223/534 2776/216/535
f 2776/216/535 2782/223/534 2783/224/536
f 2776/216/535 2783/224/536 2777/210/537
f 2777/210/537 2783/224/536 2784/218/527
f 2777/210/537 2784/218/527 2771/211/524
f 2778/217/525 2785/225/538 2779/220/528
f 2778/219/525 2791/226/539 2785/227/538
f 2779/220/528 2785/225/538 2786/228/540
f 2779/220/528 2786/228/540 2780/221/530
f 2780/221/530 2786/228/540 2787/229/541
f 2780/221/530 2787/229/541 2781/222/532
f 2781/222/532 2787/229/541 2788/230/542
f 2781/222/532 2788/230/542 2782/223/534
f 2782/223/534 2788/230/542 2789/231/543
f 2782/223/534 2789/231/543 2783/224/536
f 2783/224/536 2789/231/543 2790/232/544
f 2783/224/536 2790/232/544 2784/218/527
f 2784/218/527 2790/232/544 2791/226/539
f 2784/218/527 2791/226/539 2778/219/525
f 2785/225/538 2792/233/545 2786/228/540
f 2785/227/538 2798/234/546 2792/235/545
f 2786/228/540 2792/233/545 2793/236/547
f 2786/228/540 2793/236/547 2787/229/541
f 2787/229/541 2793/236/547 2794/237/548
f 2787/229/541 2794/237/548 2788/230/542
f 2788/230/542 2794/237/548 2795/238/549
f 2788/230/542 2795/238/549 2789/231/543
f 2789/231/543 2795/238/549 2796/239/550
f 2789/231/543 2796/239/550 2790/232/544
f 2790/232/544 2796/239/550 2797/240/551
f 2790/232/544 2797/240/551 2791/226/539
f 2791/226/539 2797/240/551 2798/234/546
f 2791/226/539 2798/234/546 2785/227/538
f 2792/233/545 2799/241/552 2793/236/547
f 2792/235/545 2805/242/553 2799/243/552
f 2793/236/547 2799/241/552 2800/244/554
f 2793/236/547 2800/244/554 2794/237/548
f 2794/237/548 2800/244/554 2801/245/555
f 2794/237/548 2801/245/555 2795/238/549
f 2795/238/549 2801/245/555 2802/246/556
f 2795/238/549 2802/246/556 2796/239/550
f 2796/239/550 2802/246/556 2803/247/557
f 2796/239/550 2803/247/557 2797/240/551
f 2797/240/551 2803/247/557 2804/248/558
f 2797/240/551 2804/248/558 2798/234/546
f 2798/234/546 2804/248/558 2805/242/553
f 2798/234/546 2805/242/553 2792/235/545
f 2799/241/552 2806/249/559 2800/244/554
f 2799/243/552 2812/250/560 2806/251/559
f 2800/244/554 2806/249/559 2807/252/561
f 2800/244/554 2807/252/561 2801/245/555
f 2801/245/555 2807/252/561 2808/253/562
f 2801/245/555 2808/253/562 2802/246/556
f 2802/246/556 2808/253/562 2809/254/563
f 2802/246/556 2809/254/563 2803/247/557
f 2803/247/557 2809/254/563 2810/255/564
f 2803/247/557 2810/255/564 2804/248/558
f 2804/248/558 2810/255/564 2811/256/565
f 2804/248/558 2811/256/565 2805/242/553
f 2805/242/553 2811/256/565 2812/250/560
f 2805/242/553 2812/250/560 2799/243/552
f 2806/249/559 2813/257/566 2807/252/561
f 2806/251/559 2819/258/567 2813/259/566
f 2807/252/561 2813/257/566 2814/260/568
f 2807/252/561 2814/260/568 2808/253/562
f 2808/253/562 2814/260/568 2815/261/569
f 2808/253/562 2815/261/569 2809/254/563
f 2809/254/563 2815/261/569 2816/262/570
f 2809/254/563 2816/262/570 2810/255/564
f 2810/255/564 2816/262/570 2817/263/571
f 2810/255/564 2817/263/571 2811/256/565
f 2811/256/565 2817/263/571 2818/264/572
f 2811/256/565 2818/264/572 2812/250/560
f 2812/250/560 2818/264/572 2819/258/567
f 2812/250/560 2819/258/567 2806/251/559
f 2813/257/566 2820/265/573 2814/260/568
f 2813/259/566 2826/266/574 2820/267/573
f 2814/260/568 2820/265/573 2821/268/575
f 2814/260/568 2821/268/575 2815/261/569
f 2815/261/569 2821/268/575 2822/269/576
f 2815/261/569 2822/269/576 2816/262/570
f 2816/262/570 2822/269/576 2823/270/577
f 2816/262/570 2823/270/577 2817/263/571
f 2817/263/571 2823/270/577 2824/271/578
f 2817/263/571 2824/271/578 2818/264/572
f 2818/264/572 2824/271/578 2825/272/579
f 2818/264/572 2825/272/579 2819/258/567
f 2819/258/567 2825/272/579 2826/266/574
f 2819/258/567 2826/266/574 2813/259/566
f 2820/265/573 2827/273/580 2821/268/575
f 2820/267/573 2833/274/581 2827/275/580
f 2821/268/575 2827/273/580 2828/276/582
f 2821/268/575 2828/276/582 2822/269/576
f 2822/269/576 2828/276/582 2829/277/583
f 2822/269/576 2829/277/583 2823/270/577
f 2823/270/577 2829/277/583 2830/278/584
f 2823/270/577 2830/278/584 2824/271/578
f 2824/271/578 2830/278/584 2831/279/585
f 2824/271/578 2831/279/585 2825/272/579
f 2825/272/579 2831/279/585 2832/280/586
f 2825/272/579 2832/280/586 2826/266/574
f 2826/266/574 2832/280/586 2833/274/581
f 2826/266/574 2833/274/581 2820/267/573
f 2827/273/580 2834/281/587 2828/276/582
f 2827/275/580 2840/282/588 2834/283/587
f 2828/276/582 2834/281/587 2835/284/589
f 2828/276/582 2835/284/589 2829/277/583
f 2829/277/583 2835/284/589 2836/285/590
f 2829/277/583 2836/285/590 2830/278/584
f 2830/278/584 2836/285/590 2837/286/591
f 2830/278/584 2837/286/591 2831/279/585
f 2831/279/585 2837/286/591 2838/287/592
f 2831/279/585 2838/287/592 2832/280/586
f 2832/280/586 2838/287/592 2839/288/593
f 2832/280/586 2839/288/593 2833/274/581
f 2833/274/581 2839/288/593 2840/282/588
f 2833/274/581 2840/282/588 2827/275/580
f 2834/281/587 2841/289/594 2835/284/589
f 2834/283/587 2847/290/595 2841/291/594
f 2835/284/589 2841/289/594 2842/292/596
f 2835/284/589 2842/292/596 2836/285/590
f 2836/285/590 2842/292/596 2843/293/597
f 2836/285/590 2843/293/597 2837/286/591
f 2837/286/591 2843/293/597 2844/294/598
f 2837/286/591 2844/294/598 2838/287/592
f 2838/287/592 2844/294/598 2845/295/599
f 2838/287/592 2845/295/599 2839/288/593
f 2839/288/593 2845/295/599 2846/296/600
f 2839/288/593 2846/296/600 2840/282/588
f 2840/282/588 2846/296/600 2847/290/595
f 2840/282/588 2847/290/595 2834/283/587
f 2841/289/594 2848/297/601 2842/292/596
f 2841/291/594 2854/298/602 2848/299/601
f 2842/292/596 2848/297/601 2849/300/603
f 2842/292/596 2849/300/603 2843/293/597
f 2843/293/597 2849/300/603 2850/301/604
f 2843/293/597 2850/301/604 2844/294/598
f 2844/294/598 2850/301/604 2851/302/605
f 2844/294/598 2851/302/605 2845/295/599
f 2845/295/599 2851/302/605 2852/303/606
f 2845/295/599 2852/303/606 2846/296/600
f 2846/296/600 2852/303/606 2853/304/607
f 2846/296/600 2853/304/607 2847/290/595
f 2847/290/595 2853/304/607 2854/298/602
f 2847/290/595 2854/298/602 2841/291/594
f 2848/297/601 2855/1/608 2856/354/609
f 2848/297/601 2856/354/609 2857/355/610
f 2848/297/601 2857/355/610 2858/356/611
f 2848/297/601 2858/356/611 2859/357/612
f 2848/297/601 2859/357/612 2849/300/603
f 2848/299/601 2884/358/613 2855/4/608
f 2849/300/603 2859/357/612 2860/359/614
f 2849/300/603 2860/359/614 2861/360/615
f 2849/300/603 2861/360/615 2862/361/616
f 2849/300/603 2862/361/616 2863/362/617
f 2849/300/603 2863/362/617 2850/301/604
f 2850/301/604 2863/362/617 2864/363/618
f 2850/301/604 2864/363/618 2865/364/619
f 2850/301/604 2865/364/619 2866/365/620
f 2850/301/604 2866/365/620 2867/366/621
f 2850/301/604 2867/366/621 2851/302/605
f 2851/302/605 2867/366/621 2868/367/622
f 2851/302/605 2868/367/622 2869/368/623
f 2851/302/605 2869/368/623 2870/369/624
f 2851/302/605 2870/369/624 2871/370/625
f 2851/302/605 2871/370/625 2872/371/626
f 2851/302/605 2872/371/626 2852/303/606
f 2852/303/606 2872/371/626 2873/372/627
f 2852/303/606 2873/372/627 2874/373/628
f 2852/303/606 2874/373/628 2875/374/629
f 2852/303/606 2875/374/629 2876/375/630
f 2852/303/606 2876/375/630 2853/304/607
f 2853/304/607 2876/375/630 2877/376/631
f 2853/304/607 2877/376/631 2878/377/632
f 2853/304/607 2878/377/632 2879/378/633
f 2853/304/607 2879/378/633 2880/379/634
f 2853/304/607 2880/379/634 2854/298/602
f 2854/298/602 2880/379/634 2881/380/635
f 2854/298/602 2881/380/635 2882/381/636
f 2854/298/602 2882/381/636 2883/382/637
f 2854/298/602 2883/382/637 2884/358/613
f 2854/298/602 2884/358/613 2848/299/601
f 3605/97/638 3612/105/639 3606/100/640
f 3605/99/638 3618/106/641 3612/107/639
f 3606/100/640 3612/105/639 3613/108/642
f 3606/100/640 3613/108/642 3607/101/643
f 3607/101/643 3613/108/642 3614/109/644
f 3607/101/643 3614/109/644 3608/102/645
f 3608/102/645 3614/109/644 3615/110/646
f 3608/102/645 3615/110/646 3609/103/647
f 3609/103/647 3615/110/646 3616/111/648
f 3609/103/647 3616/111/648 3610/104/649
f 3610/104/649 3616/111/648 3617/112/650
f 3610/104/649 3617/112/650 3611/98/651
f 3611/98/651 3617/112/650 3618/106/641
f 3611/98/651 3618/106/641 3605/99/638
f 3612/105/639 3619/113/652 3613/108/642
f 3612/107/639 3625/114/653 3619/115/652
f 3613/108/642 3619/113/652 3620/116/654
f 3613/108/642 3620/116/654 3614/109/644
f 3614/109/644 3620/116/654 3621/117/655
f 3614/109/644 3621/117/655 3615/110/646
f 3615/110/646 3621/117/655 3622/118/656
f 3615/110/646 3622/118/656 3616/111/648
f 3616/111/648 3622/118/656 3623/119/657
f 3616/111/648 3623/119/657 3617/112/650
f 3617/112/650 3623/119/657 3624/120/658
f 3617/112/650 3624/120/658 3618/106/641
f 3618/106/641 3624/120/658 3625/114/653
f 3618/106/641 3625/114/653 3612/107/639
f 3619/113/652 3626/121/659 3620/116/654
f 3619/115/652 3632/122/660 3626/123/659
f 3620/116/654 3626/121/659 3627/124/661
f 3620/116/654 3627/124/661 3621/117/655
f 3621/117/655 3627/124/661 3628/125/662
f 3621/117/655 3628/125/662 3622/118/656
f 3622/118/656 3628/125/662 3629/126/663
f 3622/118/656 3629/126/663 3623/119/657
f 3623/119/657 3629/126/663 3630/127/664
f 3623/119/657 3630/127/664 3624/120/658
f 3624/120/658 3630/127/664 3631/128/665
f 3624/120/658 3631/128/665 3625/114/653
f 3625/114/653 3631/128/665 3632/122/660
f 3625/114/653 3632/122/660 3619/115/652
f 3626/121/659 3633/129/666 3627/124/661
f 3626/123/659 3639/130/667 3633/131/666
f 3627/124/661 3633/129/666 3634/132/668
f 3627/124/661 3634/132/668 3628/125/662
f 3628/125/662 3634/132/668 3635/133/669
f 3628/125/662 3635/133/669 3629/126/663
f 3629/126/663 3635/133/669 3636/134/670
f 3629/126/663 3636/134/670 3630/127/664
f 3630/127/664 3636/134/670 3637/135/671
f 3630/127/664 3637/135/671 3631/128/665
f 3631/128/665 3637/135/671 3638/136/672
f 3631/128/665 3638/136/672 3632/122/660
f 3632/122/660 3638/136/672 3639/130/667
f 3632/122/660 3639/130/667 3626/123/659
f 3633/129/666 3640/137/673 3634/132/668
f 3633/131/666 3646/138/674 3640/139/673
f 3634/132/668 3640/137/673 3641/140/675
f 3634/132/668 3641/140/675 3635/133/669
f 3635/133/669 3641/140/675 3642/141/676
f 3635/133/669 3642/141/676 3636/134/670
f 3636/134/670 3642/141/676 3643/142/677
f 3636/134/670 3643/142/677 3637/135/671
f 3637/135/671 3643/142/677 3644/143/678
f 3637/135/671 3644/143/678 3638/136/672
f 3638/136/672 3644/143/678 3645/144/679
f 3638/136/672 3645/144/679 3639/130/667
f 3639/130/667 3645/144/679 3646/138/674
f 3639/130/667 3646/138/674 3633/131/666
f 3640/137/673 3647/145/680 3641/140/675
f 3640/139/673 3653/146/681 3647/147/680
f 3641/140/675 3647/145/680 3648/148/682
f 3641/140/675 3648/148/682 3642/141/676
f 3642/141/676 3648/148/682 3649/149/683
f 3642/141/676 3649/149/683 3643/142/677
f 3643/142/677 3649/149/683 3650/150/684
f 3643/142/677 3650/150/684 3644/143/678
f 3644/143/678 3650/150/684 3651/151/685
f 3644/143/678 3651/151/685 3645/144/679
f 3645/144/679 3651/151/685 3652/152/686
f 3645/144/679 3652/152/686 3646/138/674
f 3646/138/674 3652/152/686 3653/146/681
f 3646/138/674 3653/146/681 3640/139/673
f 3647/145/680 3654/153/687 3648/148/682
f 3647/147/680 3660/154/688 3654/155/687
f 3648/148/682 3654/153/687 3655/156/689
f 3648/148/682 3655/156/689 3649/149/683
f 3649/149/683 3655/156/689 3656/157/690
f 3649/149/683 3656/157/690 3650/150/684
f 3650/150/684 3656/157/690 3657/158/691
f 3650/150/684 3657/158/691 3651/151/685
f 3651/151/685 3657/158/691 3658/159/692
f 3651/151/685 3658/159/692 3652/152/686
f 3652/152/686 3658/159/692 3659/160/693
f 3652/152/686 3659/160/693 3653/146/681
f 3653/146/681 3659/160/693 3660/154/688
f 3653/146/681 3660/154/688 3647/147/680
f 3654/153/687 3661/161/694 3655/156/689
f 3654/155/687 3667/162/695 3661/163/694
f 3655/156/689 3661/161/694 3662/164/696
f 3655/156/689 3662/164/696 3656/157/690
f 3656/157/690 3662/164/696 3663/165/697
f 3656/157/690 3663/165/697 3657/158/691
f 3657/158/691 3663/165/697 3664/166/698
f 3657/158/691 3664/166/698 3658/159/692
f 3658/159/692 3664/166/698 3665/167/699
f 3658/159/692 3665/167/699 3659/160/693
f 3659/160/693 3665/167/699 3666/168/700
f 3659/160/693 3666/168/700 3660/154/688
f 3660/154/688 3666/168/700 3667/162/695
f 3660/154/688 3667/162/695 3654/155/687
f 3661/161/694 3668/169/701 3662/164/696
f 3661/163/694 3674/170/702 3668/171/701
f 3662/164/696 3668/169/701 3669/172/703
f 3662/164/696 3669/172/703 3663/165/697
f 3663/165/697 3669/172/703 3670/173/704
f 3663/165/697 3670/173/704 3664/166/698
f 3664/166/698 3670/173/704 3671/174/705
f 3664/166/698 3671/174/705 3665/167/699
f 3665/167/699 3671/174/705 3672/175/706
f 3665/167/699 3672/175/706 3666/168/700
f 3666/168/700 3672/175/706 3673/176/707
f 3666/168/700 3673/176/707 3667/162/695
f 3667/162/695 3673/176/707 3674/170/702
f 3667/162/695 3674/170/702 3661/163/694
f 3668/169/701 3675/177/708 3669/172/703
f 3668/171/701 3681/178/709 3675/179/708
f 3669/172/703 3675/177/708 3676/180/710
f 3669/172/703 3676/180/710 3670/173/704
f 3670/173/704 3676/180/710 3677/181/711
f 3670/173/704 3677/181/711 3671/174/705
f 3671/174/705 3677/181/711 3678/182/712
f 3671/174/705 3678/182/712 3672/175/706
f 3672/175/706 3678/182/712 3679/183/713
f 3672/175/706 3679/183/713 3673/176/707
f 3673/176/707 3679/183/713 3680/184/714
f 3673/176/707 3680/184/714 3674/170/702
f 3674/170/702 3680/184/714 3681/178/709
f 3674/170/702 3681/178/709 3668/171/701
f 3675/177/708 3682/185/715 3676/180/710
f 3675/179/708 3688/186/716 3682/187/715
f 3676/180/710 3682/185/715 3683/188/717
f 3676/180/710 3683/188/717 3677/181/711
f 3677/181/711 3683/188/717 3684/189/718
f 3677/181/711 3684/189/718 3678/182/712
f 3678/182/712 3684/189/718 3685/190/719
f 3678/182/712 3685/190/719 3679/183/713
f 3679/183/713 3685/190/719 3686/191/720
f 3679/183/713 3686/191/720 3680/184/714
f 3680/184/714 3686/191/720 3687/192/721
f 3680/184/714 3687/192/721 3681/178/709
f 3681/178/709 3687/192/721 3688/186/716
f 3681/178/709 3688/186/716 3675/179/708
f 3682/185/715 3689/193/722 3683/188/717
f 3682/187/715 3695/194/723 3689/195/722
f 3683/188/717 3689/193/722 3690/196/724
f 3683/188/717 3690/196/724 3684/189/718
f 3684/189/718 3690/196/724 3691/197/725
f 3684/189/718 3691/197/725 3685/190/719
f 3685/190/719 3691/197/725 3692/198/726
f 3685/190/719 3692/198/726 3686/191/720
f 3686/191/720 3692/198/726 3693/199/727
f 3686/191/720 3693/199/727 3687/192/721
f 3687/192/721 3693/199/727 3694/200/728
f 3687/192/721 3694/200/728 3688/186/716
f 3688/186/716 3694/200/728 3695/194/723
f 3688/186/716 3695/194/723 3682/187/715
f 3696/193/729 3703/201/730 3697/196/731
f 3696/195/729 3709/202/732 3703/203/730
f 3697/196/731 3703/201/730 3704/204/733
f 3697/196/731 3704/204/733 3698/197/734
f 3698/197/734 3704/204/733 3705/205/735
f 3698/197/734 3705/205/735 3699/198/736
f 3699/198/736 3705/205/735 3706/206/737
f 3699/198/736 3706/206/737 3700/199/738
f 3700/199/738 3706/206/737 3707/207/739
f 3700/199/738 3707/207/739 3701/200/740
f 3701/200/740 3707/207/739 3708/208/741
f 3701/200/740 3708/208/741 3702/194/742
f 3702/194/742 3708/208/741 3709/202/732
f 3702/194/742 3709/202/732 3696/195/729
f 3703/201/730 3710/209/743 3704/204/733
f 3703/203/730 3716/210/744 3710/211/743
f 3704/204/733 3710/209/743 3711/212/745
f 3704/204/733 3711/212/745 3705/205/735
f 3705/205/735 3711/212/745 3712/213/746
f 3705/205/735 3712/213/746 3706/206/737
f 3706/206/737 3712/213/746 3713/214/747
f 3706/206/737 3713/214/747 3707/207/739
f 3707/207/739 3713/214/747 3714/215/748
f 3707/207/739 3714/215/748 3708/208/741
f 3708/208/741 3714/215/748 3715/216/749
f 3708/208/741 3715/216/749 3709/202/732
f 3709/202/732 3715/216/749 3716/210/744
f 3709/202/732 3716/210/744 3703/203/730
f 3710/209/743 3717/217/750 3711/212/745
f 3710/211/743 3723/218/751 3717/219/750
f 3711/212/745 3717/217/750 3718/220/752
f 3711/212/745 3718/220/752 3712/213/746
f 3712/213/746 3718/220/752 3719/221/753
f 3712/213/746 3719/221/753 3713/214/747
f 3713/214/747 3719/221/753 3720/222/754
f 3713/214/747 3720/222/754 3714/215/748
f 3714/215/748 3720/222/754 3721/223/755
f 3714/215/748 3721/223/755 3715/216/749
f 3715/216/749 3721/223/755 3722/224/756
f 3715/216/749 3722/224/756 3716/210/744
f 3716/210/744 3722/224/756 3723/218/751
f 3716/210/744 3723/218/751 3710/211/743
f 3717/217/750 3724/225/757 3718/220/752
f 3717/219/750 3730/226/758 3724/227/757
f 3718/220/752 3724/225/757 3725/228/759
f 3718/220/752 3725/228/759 3719/221/753
f 3719/221/753 3725/228/759 3726/229/760
f 3719/221/753 3726/229/760 3720/222/754
f 3720/222/754 3726/229/760 3727/230/761
f 3720/222/754 3727/230/761 3721/223/755
f 3721/223/755 3727/230/761 3728/231/762
f 3721/223/755 3728/231/762 3722/224/756
f 3722/224/756 3728/231/762 3729/232/763
f 3722/224/756 3729/232/763 3723/218/751
f 3723/218/751 3729/232/763 3730/226/758
f 3723/218/751 3730/226/758 3717/219/750
f 3724/225/757 3731/233/764 3725/228/759
f 3724/227/757 3737/234/765 3731/235/764
f 3725/228/759 3731/233/764 3732/236/766
f 3725/228/759 3732/236/766 3726/229/760
f 3726/229/760 3732/236/766 3733/237/767
f 3726/229/760 3733/237/767 3727/230/761
f 3727/230/761 3733/237/767 3734/238/768
f 3727/230/761 3734/238/768 3728/231/762
f 3728/231/762 3734/238/768 3735/239/769
f 3728/231/762 3735/239/769 3729/232/763
f 3729/232/763 3735/239/769 3736/240/770
f 3729/232/763 3736/240/770 3730/226/758
f 3730/226/758 3736/240/770 3737/234/765
f 3730/226/758 3737/234/765 3724/227/757
f 3731/233/764 3738/241/771 3732/236/766
f 3731/235/764 3744/242/772 3738/243/771
f 3732/236/766 3738/241/771 3739/244/773
f 3732/236/766 3739/244/773 3733/237/767
f 3733/237/767 3739/244/773 3740/245/774
f 3733/237/767 3740/245/774 3734/238/768
f 3734/238/768 3740/245/774 3741/246/775
f 3734/238/768 3741/246/775 3735/239/769
f 3735/239/769 3741/246/775 3742/247/776
f 3735/239/769 3742/247/776 3736/240/770
f 3736/240/770 3742/247/776 3743/248/777
f 3736/240/770 3743/248/777 3737/234/765
f 3737/234/765 3743/248/777 3744/242/772
f 3737/234/765 3744/242/772 3731/235/764
f 3738/241/771 3745/249/778 3739/244/773
f 3738/243/771 3751/250/779 3745/251/778
f 3739/244/773 3745/249/778 3746/252/780
f 3739/244/773 3746/252/780 3740/245/774
f 3740/245/774 3746/252/780 3747/253/781
f 3740/245/774 3747/253/781 3741/246/775
f 3741/246/775 3747/253/781 3748/254/782
f 3741/246/775 3748/254/782 3742/247/776
f 3742/247/776 3748/254/782 3749/255/783
f 3742/247/776 3749/255/783 3743/248/777
f 3743/248/777 3749/255/783 3750/256/784
f 3743/248/777 3750/256/784 3744/242/772
f 3744/242/772 3750/256/784 3751/250/779
f 3744/242/772 3751/250/779 3738/243/771
f 3745/249/778 3752/257/785 3746/252/780
f 3745/251/778 3758/258/786 3752/259/785
f 3746/252/780 3752/257/785 3753/260/787
f 3746/252/780 3753/260/787 3747/253/781
f 3747/253/781 3753/260/787 3754/261/788
f 3747/253/781 3754/261/788 3748/254/782
f 3748/254/782 3754/261/788 3755/262/789
f 3748/254/782 3755/262/789 3749/255/783
f 3749/255/783 3755/262/789 3756/263/790
f 3749/255/783 3756/263/790 3750/256/784
f 3750/256/784 3756/263/790 3757/264/791
f 3750/256/784 3757/264/791 3751/250/779
f 3751/250/779 3757/264/791 3758/258/786
f 3751/250/779 3758/258/786 3745/251/778
f 3759/257/792 3766/265/793 3760/260/794
f 3759/259/792 3772/266/795 3766/267/793
f 3760/260/794 3766/265/793 3767/268/796
f 3760/260/794 3767/268/796 3761/261/797
f 3761/261/797 3767/268/796 3768/269/798
f 3761/261/797 3768/269/798 3762/262/799
f 3762/262/799 3768/269/798 3769/270/800
f 3762/262/799 3769/270/800 3763/263/801
f 3763/263/801 3769/270/800 3770/271/802
f 3763/263/801 3770/271/802 3764/264/803
f 3764/264/803 3770/271/802 3771/272/804
f 3764/264/803 3771/272/804 3765/258/805
f 3765/258/805 3771/272/804 3772/266/795
f 3765/258/805 3772/266/795 3759/259/792
f 3766/265/793 3773/273/806 3767/268/796
f 3766/267/793 3779/274/807 3773/275/806
f 3767/268/796 3773/273/806 3774/276/808
f 3767/268/796 3774/276/808 3768/269/798
f 3768/269/798 3774/276/808 3775/277/809
f 3768/269/798 3775/277/809 3769/270/800
f 3769/270/800 3775/277/809 3776/278/810
f 3769/270/800 3776/278/810 3770/271/802
f 3770/271/802 3776/278/810 3777/279/811
f 3770/271/802 3777/279/811 3771/272/804
f 3771/272/804 3777/279/811 3778/280/812
f 3771/272/804 3778/280/812 3772/266/795
f 3772/266/795 3778/280/812 3779/274/807
f 3772/266/795 3779/274/807 3766/267/793
f 3773/273/806 3780/281/813 3774/276/808
f 3773/275/806 3786/282/814 3780/283/813
f 3774/276/808 3780/281/813 3781/284/815
f 3774/276/808 3781/284/815 3775/277/809
f 3775/277/809 3781/284/815 3782/285/816
f 3775/277/809 3782/285/816 3776/278/810
f 3776/278/810 3782/285/816 3783/286/817
f 3776/278/810 3783/286/817 3777/279/811
f 3777/279/811 3783/286/817 3784/287/818
f 3777/279/811 3784/287/818 3778/280/812
f 3778/280/812 3784/287/818 3785/288/819
f 3778/280/812 3785/288/819 3779/274/807
f 3779/274/807 3785/288/819 3786/282/814
f 3779/274/807 3786/282/814 3773/275/806
f 3780/281/813 3787/289/820 3781/284/815
f 3780/283/813 3793/290/821 3787/291/820
f 3781/284/815 3787/289/820 3788/292/822
f 3781/284/815 3788/292/822 3782/285/816
f 3782/285/816 3788/292/822 3789/293/823
f 3782/285/816 3789/293/823 3783/286/817
f 3783/286/817 3789/293/823 3790/294/824
f 3783/286/817 3790/294/824 3784/287/818
f 3784/287/818 3790/294/824 3791/295/825
f 3784/287/818 3791/295/825 3785/288/819
f 3785/288/819 3791/295/825 3792/296/826
f 3785/288/819 3792/296/826 3786/282/814
f 3786/282/814 3792/296/826 3793/290/821
f 3786/282/814 3793/290/821 3780/283/813
f 3787/289/820 3794/297/827 3788/292/822
f 3787/291/820 3800/298/828 3794/299/827
f 3788/292/822 3794/297/827 3795/300/829
f 3788/292/822 3795/300/829 3789/293/823
f 3789/293/823 3795/300/829 3796/301/830
f 3789/293/823 3796/301/830 3790/294/824
f 3790/294/824 3796/301/830 3797/302/831
f 3790/294/824 3797/302/831 3791/295/825
f 3791/295/825 3797/302/831 3798/303/832
f 3791/295/825 3798/303/832 3792/296/826
f 3792/296/826 3798/303/832 3799/304/833
f 3792/296/826 3799/304/833 3793/290/821
f 3793/290/821 3799/304/833 3800/298/828
f 3793/290/821 3800/298/828 3787/291/820
f 3794/297/827 3801/305/834 3795/300/829
f 3794/299/827 3807/306/835 3801/307/834
f 3795/300/829 3801/305/834 3802/308/836
f 3795/300/829 3802/308/836 3796/301/830
f 3796/301/830 3802/308/836 3803/309/837
f 3796/301/830 3803/309/837 3797/302/831
f 3797/302/831 3803/309/837 3804/310/838
f 3797/302/831 3804/310/838 3798/303/832
f 3798/303/832 3804/310/838 3805/311/839
f 3798/303/832 3805/311/839 3799/304/833
f 3799/304/833 3805/311/839 3806/312/840
f 3799/304/833 3806/312/840 3800/298/828
f 3800/298/828 3806/312/840 3807/306/835
f 3800/298/828 3807/306/835 3794/299/827
f 3801/305/834 3808/313/841 3802/308/836
f 3802/308/836 3808/313/841 3803/309/837
f 3803/309/837 3808/313/841 3804/310/838
f 3804/310/838 3808/313/841 3805/311/839
f 3805/311/839 3808/313/841 3806/312/840
f 3806/312/840 3808/313/841 3807/306/835
f 3807/306/835 3808/313/841 3801/307/834
f 3809/225/842 3816/233/843 3810/228/844
f 3809/227/842 3822/234/845 3816/235/843
f 3810/228/844 3816/233/843 3817/236/846
f 3810/228/844 3817/236/846 3811/229/847
f 3811/229/847 3817/236/846 3818/237/848
f 3811/229/847 3818/237/848 3812/230/849
f 3812/230/849 3818/237/848 3819/238/850
f 3812/230/849 3819/238/850 3813/231/851
f 3813/231/851 3819/238/850 3820/239/852
f 3813/231/851 3820/239/852 3814/232/853
f 3814/232/853 3820/239/852 3821/240/854
f 3814/232/853 3821/240/854 3815/226/855
f 3815/226/855 3821/240/854 3822/234/845
f 3815/226/855 3822/234/845 3809/227/842
f 3816/233/843 3823/241/856 3817/236/846
f 3816/235/843 3829/242/857 3823/243/856
f 3817/236/846 3823/241/856 3824/244/858
f 3817/236/846 3824/244/858 3818/237/848
f 3818/237/848 3824/244/858 3825/245/859
f 3818/237/848 3825/245/859 3819/238/850
f 3819/238/850 3825/245/859 3826/246/860
f 3819/238/850 3826/246/860 3820/239/852
f 3820/239/852 3826/246/860 3827/247/861
f 3820/239/852 3827/247/861 3821/240/854
f 3821/240/854 3827/247/861 3828/248/862
f 3821/240/854 3828/248/862 3822/234/845
f 3822/234/845 3828/248/862 3829/242/857
f 3822/234/845 3829/242/857 3816/235/843
f 3823/241/856 3830/249/863 3824/244/858
f 3823/243/856 3836/250/864 3830/251/863
f 3824/244/858 3830/249/863 3831/252/865
f 3824/244/858 3831/252/865 3825/245/859
f 3825/245/859 3831/252/865 3832/253/866
f 3825/245/859 3832/253/866 3826/246/860
f 3826/246/860 3832/253/866 3833/254/867
f 3826/246/860 3833/254/867 3827/247/861
f 3827/247/861 3833/254/867 3834/255/868
f 3827/247/861 3834/255/868 3828/248/862
f 3828/248/862 3834/255/868 3835/256/869
f 3828/248/862 3835/256/869 3829/242/857
f 3829/242/857 3835/256/869 3836/250/864
f 3829/242/857 3836/250/864 3823/243/856
f 3830/249/863 3837/257/870 3831/252/865
f 3830/251/863 3843/258/871 3837/259/870
f 3831/252/865 3837/257/870 3838/260/872
f 3831/252/865 3838/260/872 3832/253/866
f 3832/253/866 3838/260/872 3839/261/873
f 3832/253/866 3839/261/873 3833/254/867
f 3833/254/867 3839/261/873 3840/262/874
f 3833/254/867 3840/262/874 3834/255/868
f 3834/255/868 3840/262/874 3841/263/875
f 3834/255/868 3841/263/875 3835/256/869
f 3835/256/869 3841/263/875 3842/264/876
f 3835/256/869 3842/264/876 3836/250/864
f 3836/250/864 3842/264/876 3843/258/871
f 3836/250/864 3843/258/871 3830/251/863
f 3837/257/870 3844/265/877 3838/260/872
f 3837/259/870 3850/266/878 3844/267/877
f 3838/260/872 3844/265/877 3845/268/879
f 3838/260/872 3845/268/879 3839/261/873
f 3839/261/873 3845/268/879 3846/269/880
f 3839/261/873 3846/269/880 3840/262/874
f 3840/262/874 3846/269/880 3847/270/881
f 3840/262/874 3847/270/881 3841/263/875
f 3841/263/875 3847/270/881 3848/271/882
f 3841/263/875 3848/271/882 3842/264/876
f 3842/264/876 3848/271/882 3849/272/883
f 3842/264/876 3849/272/883 3843/258/871
f 3843/258/871 3849/272/883 3850/266/878
f 3843/258/871 3850/266/878 3837/259/870
f 3844/265/877 3851/273/884 3845/268/879
f 3844/267/877 3857/274/885 3851/275/884
f 3845/268/879 3851/273/884 3852/276/886
f 3845/268/879 3852/276/886 3846/269/880
f 3846/269/880 3852/276/886 3853/277/887
f 3846/269/880 3853/277/887 3847/270/881
f 3847/270/881 3853/277/887 3854/278/888
f 3847/270/881 3854/278/888 3848/271/882
f 3848/271/882 3854/278/888 3855/279/889
f 3848/271/882 3855/279/889 3849/272/883
f 3849/272/883 3855/279/889 3856/280/890
f 3849/272/883 3856/280/890 3850/266/878
f 3850/266/878 3856/280/890 3857/274/885
f 3850/266/878 3857/274/885 3844/267/877
f 3851/273/884 3858/281/891 3852/276/886
f 3851/275/884 3864/282/892 3858/283/891
f 3852/276/886 3858/281/891 3859/284/893
f 3852/276/886 3859/284/893 3853/277/887
f 3853/277/887 3859/284/893 3860/285/894
f 3853/277/887 3860/285/894 3854/278/888
f 3854/278/888 3860/285/894 3861/286/895
f 3854/278/888 3861/286/895 3855/279/889
f 3855/279/889 3861/286/895 3862/287/896
f 3855/279/889 3862/287/896 3856/280/890
f 3856/280/890 3862/287/896 3863/288/897
f 3856/280/890 3863/288/897 3857/274/885
f 3857/274/885 3863/288/897 3864/282/892
f 3857/274/885 3864/282/892 3851/275/884
f 3858/281/891 3865/289/898 3859/284/893
f 3858/283/891 3871/290/899 3865/291/898
f 3859/284/893 3865/289/898 3866/292/900
f 3859/284/893 3866/292/900 3860/285/894
f 3860/285/894 3866/292/900 3867/293/901
f 3860/285/894 3867/293/901 3861/286/895
f 3861/286/895 3867/293/901 3868/294/902
f 3861/286/895 3868/294/902 3862/287/896
f 3862/287/896 3868/294/902 3869/295/903
f 3862/287/896 3869/295/903 3863/288/897
f 3863/288/897 3869/295/903 3870/296/904
f 3863/288/897 3870/296/904 3864/282/892
f 3864/282/892 3870/296/904 3871/290/899
f 3864/282/892 3871/290/899 3858/283/891
f 3865/289/898 3872/297/905 3866/292/900
f 3865/291/898 3878/298/906 3872/299/905
f 3866/292/900 3872/297/905 3873/300/907
f 3866/292/900 3873/300/907 3867/293/901
f 3867/293/901 3873/300/907 3874/301/908
f 3867/293/901 3874/301/908 3868/294/902
f 3868/294/902 3874/301/908 3875/302/909
f 3868/294/902 3875/302/909 3869/295/903
f 3869/295/903 3875/302/909 3876/303/910
f 3869/295/903 3876/303/910 3870/296/904
f 3870/296/904 3876/303/910 3877/304/911
f 3870/296/904 3877/304/911 3871/290/899
f 3871/290/899 3877/304/911 3878/298/906
f 3871/290/899 3878/298/906 3865/291/898
f 3872/297/905 3879/305/912 3873/300/907
f 3872/299/905 3885/306/913 3879/307/912
f 3873/300/907 3879/305/912 3880/308/914
f 3873/300/907 3880/308/914 3874/301/908
f 3874/301/908 3880/308/914 3881/309/915
f 3874/301/908 3881/309/915 3875/302/909
f 3875/302/909 3881/309/915 3882/310/916
f 3875/302/909 3882/310/916 3876/303/910
f 3876/303/910 3882/310/916 3883/311/917
f 3876/303/910 3883/311/917 3877/304/911
f 3877/304/911 3883/311/917 3884/312/918
f 3877/304/911 3884/312/918 3878/298/906
f 3878/298/906 3884/312/918 3885/306/913
f 3878/298/906 3885/306/913 3872/299/905
f 3879/305/912 3886/314/919 3880/308/914
f 3879/307/912 3892/315/920 3886/316/919
f 3880/308/914 3886/314/919 3887/317/921
f 3880/308/914 3887/317/921 3881/309/915
f 3881/309/915 3887/317/921 3888/318/922
f 3881/309/915 3888/318/922 3882/310/916
f 3882/310/916 3888/318/922 3889/319/923
f 3882/310/916 3889/319/923 3883/311/917
f 3883/311/917 3889/319/923 3890/320/924
f 3883/311/917 3890/320/924 3884/312/918
f 3884/312/918 3890/320/924 3891/321/925
f 3884/312/918 3891/321/925 3885/306/913
f 3885/306/913 3891/321/925 3892/315/920
f 3885/306/913 3892/315/920 3879/307/912
f 3886/314/919 3893/1/926 3894/355/927
f 3886/314/919 3894/355/927 3895/357/928
f 3886/314/919 3895/357/928 3887/317/921
f 3886/316/919 3907/382/929 3893/4/926
f 3887/317/921 3895/357/928 3896/360/930
f 3887/317/921 3896/360/930 3897/362/931
f 3887/317/921 3897/362/931 3888/318/922
f 3888/318/922 3897/362/931 3898/364/932
f 3888/318/922 3898/364/932 3899/366/933
f 3888/318/922 3899/366/933 3889/319/923
f 3889/319/923 3899/366/933 3900/368/934
f 3889/319/923 3900/368/934 3901/370/935
f 3889/319/923 3901/370/935 3890/320/924
f 3890/320/924 3901/370/935 3902/372/936
f 3890/320/924 3902/372/936 3903/374/937
f 3890/320/924 3903/374/937 3891/321/925
f 3891/321/925 3903/374/937 3904/376/938
f 3891/321/925 3904/376/938 3905/378/939
f 3891/321/925 3905/378/939 3892/315/920
f 3892/315/920 3905/378/939 3906/380/940
f 3892/315/920 3906/380/940 3907/382/929
f 3892/315/920 3907/382/929 3886/316/919
usemtl VG07lef2.001
f 183/369/941 188/383/942 184/384/943
f 184/384/943 188/383/942 189/385/944
f 184/384/943 189/385/944 185/386/945
f 185/386/945 189/385/944 190/387/946
f 185/386/945 190/387/946 186/388/947
f 186/388/947 190/387/946 191/389/948
f 186/388/947 191/389/948 187/4/949
f 187/4/949 191/389/948 192/390/950
f 188/383/942 193/391/951 189/385/944
f 189/385/944 193/391/951 194/392/952
f 189/385/944 194/392/952 190/387/946
f 190/387/946 194/392/952 195/393/953
f 190/387/946 195/393/953 191/389/948
f 191/389/948 195/393/953 196/394/954
f 191/389/948 196/394/954 192/390/950
f 192/390/950 196/394/954 197/395/955
f 193/391/951 198/396/956 194/392/952
f 194/392/952 198/396/956 199/397/957
f 194/392/952 199/397/957 195/393/953
f 195/393/953 199/397/957 200/398/958
f 195/393/953 200/398/958 196/394/954
f 196/394/954 200/398/958 201/399/959
f 196/394/954 201/399/959 197/395/955
f 197/395/955 201/399/959 202/400/960
f 198/396/956 203/401/961 199/397/957
f 199/397/957 203/401/961 204/402/962
f 199/397/957 204/402/962 200/398/958
f 200/398/958 204/402/962 205/403/963
f 200/398/958 205/403/963 201/399/959
f 201/399/959 205/403/963 206/404/964
f 201/399/959 206/404/964 202/400/960
f 202/400/960 206/404/964 207/405/965
f 203/401/961 208/406/966 204/402/962
f 204/402/962 208/406/966 209/407/967
f 204/402/962 209/407/967 205/403/963
f 205/403/963 209/407/967 210/408/968
f 205/403/963 210/408/968 206/404/964
f 206/404/964 210/408/968 211/409/969
f 206/404/964 211/409/969 207/405/965
f 207/405/965 211/409/969 212/19/970
f 208/406/966 213/410/971 209/407/967
f 209/407/967 213/410/971 214/411/972
f 209/407/967 214/411/972 210/408/968
f 210/408/968 214/411/972 215/412/973
f 210/408/968 215/412/973 211/409/969
f 211/409/969 215/412/973 216/413/974
f 211/409/969 216/413/974 212/19/970
f 212/19/970 216/413/974 217/414/975
f 213/410/971 218/415/976 214/411/972
f 214/411/972 218/415/976 219/416/977
f 214/411/972 219/416/977 215/412/973
f 215/412/973 219/416/977 220/417/978
f 215/412/973 220/417/978 216/413/974
f 216/413/974 220/417/978 221/418/979
f 216/413/974 221/418/979 217/414/975
f 217/414/975 221/418/979 222/419/980
f 218/415/976 223/420/981 219/416/977
f 219/416/977 223/420/981 224/421/982
f 219/416/977 224/421/982 220/417/978
f 220/417/978 224/421/982 225/422/983
f 220/417/978 225/422/983 221/418/979
f 221/418/979 225/422/983 226/423/984
f 221/418/979 226/423/984 222/419/980
f 222/419/980 226/423/984 227/424/985
f 223/420/981 228/425/986 224/421/982
f 224/421/982 228/425/986 229/426/987
f 224/421/982 229/426/987 225/422/983
f 225/422/983 229/426/987 230/427/988
f 225/422/983 230/427/988 226/423/984
f 226/423/984 230/427/988 231/428/989
f 226/423/984 231/428/989 227/424/985
f 227/424/985 231/428/989 232/429/990
f 228/425/986 233/430/991 229/426/987
f 229/426/987 233/430/991 230/427/988
f 230/427/988 233/430/991 231/428/989
f 231/428/989 233/430/991 232/429/990
f 234/369/992 239/383/993 235/384/994
f 235/384/994 239/383/993 240/385/995
f 235/384/994 240/385/995 236/386/996
f 236/386/996 240/385/995 241/387/997
f 236/386/996 241/387/997 237/388/998
f 237/388/998 241/387/997 242/389/999
f 237/388/998 242/389/999 238/4/1000
f 238/4/1000 242/389/999 243/390/1001
f 239/383/993 244/391/1002 240/385/995
f 240/385/995 244/391/1002 245/392/1003
f 240/385/995 245/392/1003 241/387/997
f 241/387/997 245/392/1003 246/393/1004
f 241/387/997 246/393/1004 242/389/999
f 242/389/999 246/393/1004 247/394/1005
f 242/389/999 247/394/1005 243/390/1001
f 243/390/1001 247/394/1005 248/395/1006
f 244/391/1002 249/396/1007 245/392/1003
f 245/392/1003 249/396/1007 250/397/1008
f 245/392/1003 250/397/1008 246/393/1004
f 246/393/1004 250/397/1008 251/398/1009
f 246/393/1004 251/398/1009 247/394/1005
f 247/394/1005 251/398/1009 252/399/1010
f 247/394/1005 252/399/1010 248/395/1006
f 248/395/1006 252/399/1010 253/400/1011
f 249/396/1007 254/401/1012 250/397/1008
f 250/397/1008 254/401/1012 255/402/1013
f 250/397/1008 255/402/1013 251/398/1009
f 251/398/1009 255/402/1013 256/403/1014
f 251/398/1009 256/403/1014 252/399/1010
f 252/399/1010 256/403/1014 257/404/1015
f 252/399/1010 257/404/1015 253/400/1011
f 253/400/1011 257/404/1015 258/405/1016
f 254/401/1012 259/406/1017 255/402/1013
f 255/402/1013 259/406/1017 260/407/1018
f 255/402/1013 260/407/1018 256/403/1014
f 256/403/1014 260/407/1018 261/408/1019
f 256/403/1014 261/408/1019 257/404/1015
f 257/404/1015 261/408/1019 262/409/1020
f 257/404/1015 262/409/1020 258/405/1016
f 258/405/1016 262/409/1020 263/19/1021
f 259/406/1017 264/410/1022 260/407/1018
f 260/407/1018 264/410/1022 265/411/1023
f 260/407/1018 265/411/1023 261/408/1019
f 261/408/1019 265/411/1023 266/412/1024
f 261/408/1019 266/412/1024 262/409/1020
f 262/409/1020 266/412/1024 267/413/1025
f 262/409/1020 267/413/1025 263/19/1021
f 263/19/1021 267/413/1025 268/414/1026
f 264/410/1022 269/415/1027 265/411/1023
f 265/411/1023 269/415/1027 270/416/1028
f 265/411/1023 270/416/1028 266/412/1024
f 266/412/1024 270/416/1028 271/417/1029
f 266/412/1024 271/417/1029 267/413/1025
f 267/413/1025 271/417/1029 272/418/1030
f 267/413/1025 272/418/1030 268/414/1026
f 268/414/1026 272/418/1030 273/419/1031
f 269/415/1027 274/420/1032 270/416/1028
f 270/416/1028 274/420/1032 275/421/1033
f 270/416/1028 275/421/1033 271/417/1029
f 271/417/1029 275/421/1033 276/422/1034
f 271/417/1029 276/422/1034 272/418/1030
f 272/418/1030 276/422/1034 277/423/1035
f 272/418/1030 277/423/1035 273/419/1031
f 273/419/1031 277/423/1035 278/424/1036
f 274/420/1032 279/425/1037 275/421/1033
f 275/421/1033 279/425/1037 280/426/1038
f 275/421/1033 280/426/1038 276/422/1034
f 276/422/1034 280/426/1038 281/427/1039
f 276/422/1034 281/427/1039 277/423/1035
f 277/423/1035 281/427/1039 282/428/1040
f 277/423/1035 282/428/1040 278/424/1036
f 278/424/1036 282/428/1040 283/429/1041
f 279/425/1037 284/430/1042 280/426/1038
f 280/426/1038 284/430/1042 281/427/1039
f 281/427/1039 284/430/1042 282/428/1040
f 282/428/1040 284/430/1042 283/429/1041
usemtl VG07lef1.003
f 398/369/1043 403/383/1044 399/384/1045
f 399/384/1045 403/383/1044 404/385/1046
f 399/384/1045 404/385/1046 400/386/1047
f 400/386/1047 404/385/1046 405/387/1048
f 400/386/1047 405/387/1048 401/388/1049
f 401/388/1049 405/387/1048 406/389/1050
f 401/388/1049 406/389/1050 402/4/1051
f 402/4/1051 406/389/1050 407/390/1052
f 403/383/1044 408/391/1053 404/385/1046
f 404/385/1046 408/391/1053 409/392/1054
f 404/385/1046 409/392/1054 405/387/1048
f 405/387/1048 409/392/1054 410/393/1055
f 405/387/1048 410/393/1055 406/389/1050
f 406/389/1050 410/393/1055 411/394/1056
f 406/389/1050 411/394/1056 407/390/1052
f 407/390/1052 411/394/1056 412/395/1057
f 408/391/1053 413/396/1058 409/392/1054
f 409/392/1054 413/396/1058 414/397/1059
f 409/392/1054 414/397/1059 410/393/1055
f 410/393/1055 414/397/1059 415/398/1060
f 410/393/1055 415/398/1060 411/394/1056
f 411/394/1056 415/398/1060 416/399/1061
f 411/394/1056 416/399/1061 412/395/1057
f 412/395/1057 416/399/1061 417/400/1062
f 413/396/1058 418/401/1063 414/397/1059
f 414/397/1059 418/401/1063 419/402/1064
f 414/397/1059 419/402/1064 415/398/1060
f 415/398/1060 419/402/1064 420/403/1065
f 415/398/1060 420/403/1065 416/399/1061
f 416/399/1061 420/403/1065 421/404/1066
f 416/399/1061 421/404/1066 417/400/1062
f 417/400/1062 421/404/1066 422/405/1067
f 418/401/1063 423/406/1068 419/402/1064
f 419/402/1064 423/406/1068 424/407/1069
f 419/402/1064 424/407/1069 420/403/1065
f 420/403/1065 424/407/1069 425/408/1070
f 420/403/1065 425/408/1070 421/404/1066
f 421/404/1066 425/408/1070 426/409/1071
f 421/404/1066 426/409/1071 422/405/1067
f 422/405/1067 426/409/1071 427/19/1072
f 423/406/1068 428/410/1073 424/407/1069
f 424/407/1069 428/410/1073 429/411/1074
f 424/407/1069 429/411/1074 425/408/1070
f 425/408/1070 429/411/1074 430/412/1075
f 425/408/1070 430/412/1075 426/409/1071
f 426/409/1071 430/412/1075 431/413/1076
f 426/409/1071 431/413/1076 427/19/1072
f 427/19/1072 431/413/1076 432/414/1077
f 428/410/1073 433/415/1078 429/411/1074
f 429/411/1074 433/415/1078 434/416/1079
f 429/411/1074 434/416/1079 430/412/1075
f 430/412/1075 434/416/1079 435/417/1080
f 430/412/1075 435/417/1080 431/413/1076
f 431/413/1076 435/417/1080 436/418/1081
f 431/413/1076 436/418/1081 432/414/1077
f 432/414/1077 436/418/1081 437/419/1082
f 433/415/1078 438/420/1083 434/416/1079
f 434/416/1079 438/420/1083 439/421/1084
f 434/416/1079 439/421/1084 435/417/1080
f 435/417/1080 439/421/1084 440/422/1085
f 435/417/1080 440/422/1085 436/418/1081
f 436/418/1081 440/422/1085 441/423/1086
f 436/418/1081 441/423/1086 437/419/1082
f 437/419/1082 441/423/1086 442/424/1087
f 438/420/1083 443/425/1088 439/421/1084
f 439/421/1084 443/425/1088 444/426/1089
f 439/421/1084 444/426/1089 440/422/1085
f 440/422/1085 444/426/1089 445/427/1090
f 440/422/1085 445/427/1090 441/423/1086
f 441/423/1086 445/427/1090 446/428/1091
f 441/423/1086 446/428/1091 442/424/1087
f 442/424/1087 446/428/1091 447/429/1092
f 443/425/1088 448/430/1093 444/426/1089
f 444/426/1089 448/430/1093 445/427/1090
f 445/427/1090 448/430/1093 446/428/1091
f 446/428/1091 448/430/1093 447/429/1092
f 449/369/1094 454/383/1095 450/384/1096
f 450/384/1096 454/383/1095 455/385/1097
f 450/384/1096 455/385/1097 451/386/1098
f 451/386/1098 455/385/1097 456/387/1099
f 451/386/1098 456/387/1099 452/388/1100
f 452/388/1100 456/387/1099 457/389/1101
f 452/388/1100 457/389/1101 453/4/1102
f 453/4/1102 457/389/1101 458/390/1103
f 454/383/1095 459/391/1104 455/385/1097
f 455/385/1097 459/391/1104 460/392/1105
f 455/385/1097 460/392/1105 456/387/1099
f 456/387/1099 460/392/1105 461/393/1106
f 456/387/1099 461/393/1106 457/389/1101
f 457/389/1101 461/393/1106 462/394/1107
f 457/389/1101 462/394/1107 458/390/1103
f 458/390/1103 462/394/1107 463/395/1108
f 459/391/1104 464/396/1109 460/392/1105
f 460/392/1105 464/396/1109 465/397/1110
f 460/392/1105 465/397/1110 461/393/1106
f 461/393/1106 465/397/1110 466/398/1111
f 461/393/1106 466/398/1111 462/394/1107
f 462/394/1107 466/398/1111 467/399/1112
f 462/394/1107 467/399/1112 463/395/1108
f 463/395/1108 467/399/1112 468/400/1113
f 464/396/1109 469/401/1114 465/397/1110
f 465/397/1110 469/401/1114 470/402/1115
f 465/397/1110 470/402/1115 466/398/1111
f 466/398/1111 470/402/1115 471/403/1116
f 466/398/1111 471/403/1116 467/399/1112
f 467/399/1112 471/403/1116 472/404/1117
f 467/399/1112 472/404/1117 468/400/1113
f 468/400/1113 472/404/1117 473/405/1118
f 469/401/1114 474/406/1119 470/402/1115
f 470/402/1115 474/406/1119 475/407/1120
f 470/402/1115 475/407/1120 471/403/1116
f 471/403/1116 475/407/1120 476/408/1121
f 471/403/1116 476/408/1121 472/404/1117
f 472/404/1117 476/408/1121 477/409/1122
f 472/404/1117 477/409/1122 473/405/1118
f 473/405/1118 477/409/1122 478/19/1123
f 474/406/1119 479/410/1124 475/407/1120
f 475/407/1120 479/410/1124 480/411/1125
f 475/407/1120 480/411/1125 476/408/1121
f 476/408/1121 480/411/1125 481/412/1126
f 476/408/1121 481/412/1126 477/409/1122
f 477/409/1122 481/412/1126 482/413/1127
f 477/409/1122 482/413/1127 478/19/1123
f 478/19/1123 482/413/1127 483/414/1128
f 479/410/1124 484/415/1129 480/411/1125
f 480/411/1125 484/415/1129 485/416/1130
f 480/411/1125 485/416/1130 481/412/1126
f 481/412/1126 485/416/1130 486/417/1131
f 481/412/1126 486/417/1131 482/413/1127
f 482/413/1127 486/417/1131 487/418/1132
f 482/413/1127 487/418/1132 483/414/1128
f 483/414/1128 487/418/1132 488/419/1133
f 484/415/1129 489/420/1134 485/416/1130
f 485/416/1130 489/420/1134 490/421/1135
f 485/416/1130 490/421/1135 486/417/1131
f 486/417/1131 490/421/1135 491/422/1136
f 486/417/1131 491/422/1136 487/418/1132
f 487/418/1132 491/422/1136 492/423/1137
f 487/418/1132 492/423/1137 488/419/1133
f 488/419/1133 492/423/1137 493/424/1138
f 489/420/1134 494/425/1139 490/421/1135
f 490/421/1135 494/425/1139 495/426/1140
f 490/421/1135 495/426/1140 491/422/1136
f 491/422/1136 495/426/1140 496/427/1141
f 491/422/1136 496/427/1141 492/423/1137
f 492/423/1137 496/427/1141 497/428/1142
f 492/423/1137 497/428/1142 493/424/1138
f 493/424/1138 497/428/1142 498/429/1143
f 494/425/1139 499/430/1144 495/426/1140
f 495/426/1140 499/430/1144 496/427/1141
f 496/427/1141 499/430/1144 497/428/1142
f 497/428/1142 499/430/1144 498/429/1143
f 500/369/1145 505/383/1146 501/384/1147
f 501/384/1147 505/383/1146 506/385/1148
f 501/384/1147 506/385/1148 502/386/1149
f 502/386/1149 506/385/1148 507/387/1150
f 502/386/1149 507/387/1150 503/388/1151
f 503/388/1151 507/387/1150 508/389/1152
f 503/388/1151 508/389/1152 504/4/1153
f 504/4/1153 508/389/1152 509/390/1154
f 505/383/1146 510/391/1155 506/385/1148
f 506/385/1148 510/391/1155 511/392/1156
f 506/385/1148 511/392/1156 507/387/1150
f 507/387/1150 511/392/1156 512/393/1157
f 507/387/1150 512/393/1157 508/389/1152
f 508/389/1152 512/393/1157 513/394/1158
f 508/389/1152 513/394/1158 509/390/1154
f 509/390/1154 513/394/1158 514/395/1159
f 510/391/1155 515/396/1160 511/392/1156
f 511/392/1156 515/396/1160 516/397/1161
f 511/392/1156 516/397/1161 512/393/1157
f 512/393/1157 516/397/1161 517/398/1162
f 512/393/1157 517/398/1162 513/394/1158
f 513/394/1158 517/398/1162 518/399/1163
f 513/394/1158 518/399/1163 514/395/1159
f 514/395/1159 518/399/1163 519/400/1164
f 515/396/1160 520/401/1165 516/397/1161
f 516/397/1161 520/401/1165 521/402/1166
f 516/397/1161 521/402/1166 517/398/1162
f 517/398/1162 521/402/1166 522/403/1167
f 517/398/1162 522/403/1167 518/399/1163
f 518/399/1163 522/403/1167 523/404/1168
f 518/399/1163 523/404/1168 519/400/1164
f 519/400/1164 523/404/1168 524/405/1169
f 520/401/1165 525/406/1170 521/402/1166
f 521/402/1166 525/406/1170 526/407/1171
f 521/402/1166 526/407/1171 522/403/1167
f 522/403/1167 526/407/1171 527/408/1172
f 522/403/1167 527/408/1172 523/404/1168
f 523/404/1168 527/408/1172 528/409/1173
f 523/404/1168 528/409/1173 524/405/1169
f 524/405/1169 528/409/1173 529/19/1174
f 525/406/1170 530/410/1175 526/407/1171
f 526/407/1171 530/410/1175 531/411/1176
f 526/407/1171 531/411/1176 527/408/1172
f 527/408/1172 531/411/1176 532/412/1177
f 527/408/1172 532/412/1177 528/409/1173
f 528/409/1173 532/412/1177 533/413/1178
f 528/409/1173 533/413/1178 529/19/1174
f 529/19/1174 533/413/1178 534/414/1179
f 530/410/1175 535/415/1180 531/411/1176
f 531/411/1176 535/415/1180 536/416/1181
f 531/411/1176 536/416/1181 532/412/1177
f 532/412/1177 536/416/1181 537/417/1182
f 532/412/1177 537/417/1182 533/413/1178
f 533/413/1178 537/417/1182 538/418/1183
f 533/413/1178 538/418/1183 534/414/1179
f 534/414/1179 538/418/1183 539/419/1184
f 535/415/1180 540/420/1185 536/416/1181
f 536/416/1181 540/420/1185 541/421/1186
f 536/416/1181 541/421/1186 537/417/1182
f 537/417/1182 541/421/1186 542/422/1187
f 537/417/1182 542/422/1187 538/418/1183
f 538/418/1183 542/422/1187 543/423/1188
f 538/418/1183 543/423/1188 539/419/1184
f 539/419/1184 543/423/1188 544/424/1189
f 540/420/1185 545/425/1190 541/421/1186
f 541/421/1186 545/425/1190 546/426/1191
f 541/421/1186 546/426/1191 542/422/1187
f 542/422/1187 546/426/1191 547/427/1192
f 542/422/1187 547/427/1192 543/423/1188
f 543/423/1188 547/427/1192 548/428/1193
f 543/423/1188 548/428/1193 544/424/1189
f 544/424/1189 548/428/1193 549/429/1194
f 545/425/1190 550/430/1195 546/426/1191
f 546/426/1191 550/430/1195 547/427/1192
f 547/427/1192 550/430/1195 548/428/1193
f 548/428/1193 550/430/1195 549/429/1194
f 551/369/1196 556/383/1197 552/384/1198
f 552/384/1198 556/383/1197 557/385/1199
f 552/384/1198 557/385/1199 553/386/1200
f 553/386/1200 557/385/1199 558/387/1201
f 553/386/1200 558/387/1201 554/388/1202
f 554/388/1202 558/387/1201 559/389/1203
f 554/388/1202 559/389/1203 555/4/1204
f 555/4/1204 559/389/1203 560/390/1205
f 556/383/1197 561/391/1206 557/385/1199
f 557/385/1199 561/391/1206 562/392/1207
f 557/385/1199 562/392/1207 558/387/1201
f 558/387/1201 562/392/1207 563/393/1208
f 558/387/1201 563/393/1208 559/389/1203
f 559/389/1203 563/393/1208 564/394/1209
f 559/389/1203 564/394/1209 560/390/1205
f 560/390/1205 564/394/1209 565/395/1210
f 561/391/1206 566/396/1211 562/392/1207
f 562/392/1207 566/396/1211 567/397/1212
f 562/392/1207 567/397/1212 563/393/1208
f 563/393/1208 567/397/1212 568/398/1213
f 563/393/1208 568/398/1213 564/394/1209
f 564/394/1209 568/398/1213 569/399/1214
f 564/394/1209 569/399/1214 565/395/1210
f 565/395/1210 569/399/1214 570/400/1215
f 566/396/1211 571/401/1216 567/397/1212
f 567/397/1212 571/401/1216 572/402/1217
f 567/397/1212 572/402/1217 568/398/1213
f 568/398/1213 572/402/1217 573/403/1218
f 568/398/1213 573/403/1218 569/399/1214
f 569/399/1214 573/403/1218 574/404/1219
f 569/399/1214 574/404/1219 570/400/1215
f 570/400/1215 574/404/1219 575/405/1220
f 571/401/1216 576/406/1221 572/402/1217
f 572/402/1217 576/406/1221 577/407/1222
f 572/402/1217 577/407/1222 573/403/1218
f 573/403/1218 577/407/1222 578/408/1223
f 573/403/1218 578/408/1223 574/404/1219
f 574/404/1219 578/408/1223 579/409/1224
f 574/404/1219 579/409/1224 575/405/1220
f 575/405/1220 579/409/1224 580/19/1225
f 576/406/1221 581/410/1226 577/407/1222
f 577/407/1222 581/410/1226 582/411/1227
f 577/407/1222 582/411/1227 578/408/1223
f 578/408/1223 582/411/1227 583/412/1228
f 578/408/1223 583/412/1228 579/409/1224
f 579/409/1224 583/412/1228 584/413/1229
f 579/409/1224 584/413/1229 580/19/1225
f 580/19/1225 584/413/1229 585/414/1230
f 581/410/1226 586/415/1231 582/411/1227
f 582/411/1227 586/415/1231 587/416/1232
f 582/411/1227 587/416/1232 583/412/1228
f 583/412/1228 587/416/1232 588/417/1233
f 583/412/1228 588/417/1233 584/413/1229
f 584/413/1229 588/417/1233 589/418/1234
f 584/413/1229 589/418/1234 585/414/1230
f 585/414/1230 589/418/1234 590/419/1235
f 586/415/1231 591/420/1236 587/416/1232
f 587/416/1232 591/420/1236 592/421/1237
f 587/416/1232 592/421/1237 588/417/1233
f 588/417/1233 592/421/1237 593/422/1238
f 588/417/1233 593/422/1238 589/418/1234
f 589/418/1234 593/422/1238 594/423/1239
f 589/418/1234 594/423/1239 590/419/1235
f 590/419/1235 594/423/1239 595/424/1240
f 591/420/1236 596/425/1241 592/421/1237
f 592/421/1237 596/425/1241 597/426/1242
f 592/421/1237 597/426/1242 593/422/1238
f 593/422/1238 597/426/1242 598/427/1243
f 593/422/1238 598/427/1243 594/423/1239
f 594/423/1239 598/427/1243 599/428/1244
f 594/423/1239 599/428/1244 595/424/1240
f 595/424/1240 599/428/1244 600/429/1245
f 596/425/1241 601/430/1246 597/426/1242
f 597/426/1242 601/430/1246 598/427/1243
f 598/427/1243 601/430/1246 599/428/1244
f 599/428/1244 601/430/1246 600/429/1245
f 602/369/1247 607/383/1248 603/384/1249
f 603/384/1249 607/383/1248 608/385/1250
f 603/384/1249 608/385/1250 604/386/1251
f 604/386/1251 608/385/1250 609/387/1252
f 604/386/1251 609/387/1252 605/388/1253
f 605/388/1253 609/387/1252 610/389/1254
f 605/388/1253 610/389/1254 606/4/1255
f 606/4/1255 610/389/1254 611/390/1256
f 607/383/1248 612/391/1257 608/385/1250
f 608/385/1250 612/391/1257 613/392/1258
f 608/385/1250 613/392/1258 609/387/1252
f 609/387/1252 613/392/1258 614/393/1259
f 609/387/1252 614/393/1259 610/389/1254
f 610/389/1254 614/393/1259 615/394/1260
f 610/389/1254 615/394/1260 611/390/1256
f 611/390/1256 615/394/1260 616/395/1261
f 612/391/1257 617/396/1262 613/392/1258
f 613/392/1258 617/396/1262 618/397/1263
f 613/392/1258 618/397/1263 614/393/1259
f 614/393/1259 618/397/1263 619/398/1264
f 614/393/1259 619/398/1264 615/394/1260
f 615/394/1260 619/398/1264 620/399/1265
f 615/394/1260 620/399/1265 616/395/1261
f 616/395/1261 620/399/1265 621/400/1266
f 617/396/1262 622/401/1267 618/397/1263
f 618/397/1263 622/401/1267 623/402/1268
f 618/397/1263 623/402/1268 619/398/1264
f 619/398/1264 623/402/1268 624/403/1269
f 619/398/1264 624/403/1269 620/399/1265
f 620/399/1265 624/403/1269 625/404/1270
f 620/399/1265 625/404/1270 621/400/1266
f 621/400/1266 625/404/1270 626/405/1271
f 622/401/1267 627/406/1272 623/402/1268
f 623/402/1268 627/406/1272 628/407/1273
f 623/402/1268 628/407/1273 624/403/1269
f 624/403/1269 628/407/1273 629/408/1274
f 624/403/1269 629/408/1274 625/404/1270
f 625/404/1270 629/408/1274 630/409/1275
f 625/404/1270 630/409/1275 626/405/1271
f 626/405/1271 630/409/1275 631/19/1276
f 627/406/1272 632/410/1277 628/407/1273
f 628/407/1273 632/410/1277 633/411/1278
f 628/407/1273 633/411/1278 629/408/1274
f 629/408/1274 633/411/1278 634/412/1279
f 629/408/1274 634/412/1279 630/409/1275
f 630/409/1275 634/412/1279 635/413/1280
f 630/409/1275 635/413/1280 631/19/1276
f 631/19/1276 635/413/1280 636/414/1281
f 632/410/1277 637/415/1282 633/411/1278
f 633/411/1278 637/415/1282 638/416/1283
f 633/411/1278 638/416/1283 634/412/1279
f 634/412/1279 638/416/1283 639/417/1284
f 634/412/1279 639/417/1284 635/413/1280
f 635/413/1280 639/417/1284 640/418/1285
f 635/413/1280 640/418/1285 636/414/1281
f 636/414/1281 640/418/1285 641/419/1286
f 637/415/1282 642/420/1287 638/416/1283
f 638/416/1283 642/420/1287 643/421/1288
f 638/416/1283 643/421/1288 639/417/1284
f 639/417/1284 643/421/1288 644/422/1289
f 639/417/1284 644/422/1289 640/418/1285
f 640/418/1285 644/422/1289 645/423/1290
f 640/418/1285 645/423/1290 641/419/1286
f 641/419/1286 645/423/1290 646/424/1291
f 642/420/1287 647/425/1292 643/421/1288
f 643/421/1288 647/425/1292 648/426/1293
f 643/421/1288 648/426/1293 644/422/1289
f 644/422/1289 648/426/1293 649/427/1294
f 644/422/1289 649/427/1294 645/423/1290
f 645/423/1290 649/427/1294 650/428/1295
f 645/423/1290 650/428/1295 646/424/1291
f 646/424/1291 650/428/1295 651/429/1296
f 647/425/1292 652/430/1297 648/426/1293
f 648/426/1293 652/430/1297 649/427/1294
f 649/427/1294 652/430/1297 650/428/1295
f 650/428/1295 652/430/1297 651/429/1296
f 653/369/1298 658/383/1299 654/384/1300
f 654/384/1300 658/383/1299 659/385/1301
f 654/384/1300 659/385/1301 655/386/1302
f 655/386/1302 659/385/1301 660/387/1303
f 655/386/1302 660/387/1303 656/388/1304
f 656/388/1304 660/387/1303 661/389/1305
f 656/388/1304 661/389/1305 657/4/1306
f 657/4/1306 661/389/1305 662/390/1307
f 658/383/1299 663/391/1308 659/385/1301
f 659/385/1301 663/391/1308 664/392/1309
f 659/385/1301 664/392/1309 660/387/1303
f 660/387/1303 664/392/1309 665/393/1310
f 660/387/1303 665/393/1310 661/389/1305
f 661/389/1305 665/393/1310 666/394/1311
f 661/389/1305 666/394/1311 662/390/1307
f 662/390/1307 666/394/1311 667/395/1312
f 663/391/1308 668/396/1313 664/392/1309
f 664/392/1309 668/396/1313 669/397/1314
f 664/392/1309 669/397/1314 665/393/1310
f 665/393/1310 669/397/1314 670/398/1315
f 665/393/1310 670/398/1315 666/394/1311
f 666/394/1311 670/398/1315 671/399/1316
f 666/394/1311 671/399/1316 667/395/1312
f 667/395/1312 671/399/1316 672/400/1317
f 668/396/1313 673/401/1318 669/397/1314
f 669/397/1314 673/401/1318 674/402/1319
f 669/397/1314 674/402/1319 670/398/1315
f 670/398/1315 674/402/1319 675/403/1320
f 670/398/1315 675/403/1320 671/399/1316
f 671/399/1316 675/403/1320 676/404/1321
f 671/399/1316 676/404/1321 672/400/1317
f 672/400/1317 676/404/1321 677/405/1322
f 673/401/1318 678/406/1323 674/402/1319
f 674/402/1319 678/406/1323 679/407/1324
f 674/402/1319 679/407/1324 675/403/1320
f 675/403/1320 679/407/1324 680/408/1325
f 675/403/1320 680/408/1325 676/404/1321
f 676/404/1321 680/408/1325 681/409/1326
f 676/404/1321 681/409/1326 677/405/1322
f 677/405/1322 681/409/1326 682/19/1327
f 678/406/1323 683/410/1328 679/407/1324
f 679/407/1324 683/410/1328 684/411/1329
f 679/407/1324 684/411/1329 680/408/1325
f 680/408/1325 684/411/1329 685/412/1330
f 680/408/1325 685/412/1330 681/409/1326
f 681/409/1326 685/412/1330 686/413/1331
f 681/409/1326 686/413/1331 682/19/1327
f 682/19/1327 686/413/1331 687/414/1332
f 683/410/1328 688/415/1333 684/411/1329
f 684/411/1329 688/415/1333 689/416/1334
f 684/411/1329 689/416/1334 685/412/1330
f 685/412/1330 689/416/1334 690/417/1335
f 685/412/1330 690/417/1335 686/413/1331
f 686/413/1331 690/417/1335 691/418/1336
f 686/413/1331 691/418/1336 687/414/1332
f 687/414/1332 691/418/1336 692/419/1337
f 688/415/1333 693/420/1338 689/416/1334
f 689/416/1334 693/420/1338 694/421/1339
f 689/416/1334 694/421/1339 690/417/1335
f 690/417/1335 694/421/1339 695/422/1340
f 690/417/1335 695/422/1340 691/418/1336
f 691/418/1336 695/422/1340 696/423/1341
f 691/418/1336 696/423/1341 692/419/1337
f 692/419/1337 696/423/1341 697/424/1342
f 693/420/1338 698/425/1343 694/421/1339
f 694/421/1339 698/425/1343 699/426/1344
f 694/421/1339 699/426/1344 695/422/1340
f 695/422/1340 699/426/1344 700/427/1345
f 695/422/1340 700/427/1345 696/423/1341
f 696/423/1341 700/427/1345 701/428/1346
f 696/423/1341 701/428/1346 697/424/1342
f 697/424/1342 701/428/1346 702/429/1347
f 698/425/1343 703/430/1348 699/426/1344
f 699/426/1344 703/430/1348 700/427/1345
f 700/427/1345 703/430/1348 701/428/1346
f 701/428/1346 703/430/1348 702/429/1347
f 704/369/1349 709/383/1350 705/384/1351
f 705/384/1351 709/383/1350 710/385/1352
f 705/384/1351 710/385/1352 706/386/1353
f 706/386/1353 710/385/1352 711/387/1354
f 706/386/1353 711/387/1354 707/388/1355
f 707/388/1355 711/387/1354 712/389/1356
f 707/388/1355 712/389/1356 708/4/1357
f 708/4/1357 712/389/1356 713/390/1358
f 709/383/1350 714/391/1359 710/385/1352
f 710/385/1352 714/391/1359 715/392/1360
f 710/385/1352 715/392/1360 711/387/1354
f 711/387/1354 715/392/1360 716/393/1361
f 711/387/1354 716/393/1361 712/389/1356
f 712/389/1356 716/393/1361 717/394/1362
f 712/389/1356 717/394/1362 713/390/1358
f 713/390/1358 717/394/1362 718/395/1363
f 714/391/1359 719/396/1364 715/392/1360
f 715/392/1360 719/396/1364 720/397/1365
f 715/392/1360 720/397/1365 716/393/1361
f 716/393/1361 720/397/1365 721/398/1366
f 716/393/1361 721/398/1366 717/394/1362
f 717/394/1362 721/398/1366 722/399/1367
f 717/394/1362 722/399/1367 718/395/1363
f 718/395/1363 722/399/1367 723/400/1368
f 719/396/1364 724/401/1369 720/397/1365
f 720/397/1365 724/401/1369 725/402/1370
f 720/397/1365 725/402/1370 721/398/1366
f 721/398/1366 725/402/1370 726/403/1371
f 721/398/1366 726/403/1371 722/399/1367
f 722/399/1367 726/403/1371 727/404/1372
f 722/399/1367 727/404/1372 723/400/1368
f 723/400/1368 727/404/1372 728/405/1373
f 724/401/1369 729/406/1374 725/402/1370
f 725/402/1370 729/406/1374 730/407/1375
f 725/402/1370 730/407/1375 726/403/1371
f 726/403/1371 730/407/1375 731/408/1376
f 726/403/1371 731/408/1376 727/404/1372
f 727/404/1372 731/408/1376 732/409/1377
f 727/404/1372 732/409/1377 728/405/1373
f 728/405/1373 732/409/1377 733/19/1378
f 729/406/1374 734/410/1379 730/407/1375
f 730/407/1375 734/410/1379 735/411/1380
f 730/407/1375 735/411/1380 731/408/1376
f 731/408/1376 735/411/1380 736/412/1381
f 731/408/1376 736/412/1381 732/409/1377
f 732/409/1377 736/412/1381 737/413/1382
f 732/409/1377 737/413/1382 733/19/1378
f 733/19/1378 737/413/1382 738/414/1383
f 734/410/1379 739/415/1384 735/411/1380
f 735/411/1380 739/415/1384 740/416/1385
f 735/411/1380 740/416/1385 736/412/1381
f 736/412/1381 740/416/1385 741/417/1386
f 736/412/1381 741/417/1386 737/413/1382
f 737/413/1382 741/417/1386 742/418/1387
f 737/413/1382 742/418/1387 738/414/1383
f 738/414/1383 742/418/1387 743/419/1388
f 739/415/1384 744/420/1389 740/416/1385
f 740/416/1385 744/420/1389 745/421/1390
f 740/416/1385 745/421/1390 741/417/1386
f 741/417/1386 745/421/1390 746/422/1391
f 741/417/1386 746/422/1391 742/418/1387
f 742/418/1387 746/422/1391 747/423/1392
f 742/418/1387 747/423/1392 743/419/1388
f 743/419/1388 747/423/1392 748/424/1393
f 744/420/1389 749/425/1394 745/421/1390
f 745/421/1390 749/425/1394 750/426/1395
f 745/421/1390 750/426/1395 746/422/1391
f 746/422/1391 750/426/1395 751/427/1396
f 746/422/1391 751/427/1396 747/423/1392
f 747/423/1392 751/427/1396 752/428/1397
f 747/423/1392 752/428/1397 748/424/1393
f 748/424/1393 752/428/1397 753/429/1398
f 749/425/1394 754/430/1399 750/426/1395
f 750/426/1395 754/430/1399 751/427/1396
f 751/427/1396 754/430/1399 752/428/1397
f 752/428/1397 754/430/1399 753/429/1398
f 755/369/1400 760/383/1401 756/384/1402
f 756/384/1402 760/383/1401 761/385/1403
f 756/384/1402 761/385/1403 757/386/1404
f 757/386/1404 761/385/1403 762/387/1405
f 757/386/1404 762/387/1405 758/388/1406
f 758/388/1406 762/387/1405 763/389/1407
f 758/388/1406 763/389/1407 759/4/1408
f 759/4/1408 763/389/1407 764/390/1409
f 760/383/1401 765/391/1410 761/385/1403
f 761/385/1403 765/391/1410 766/392/1411
f 761/385/1403 766/392/1411 762/387/1405
f 762/387/1405 766/392/1411 767/393/1412
f 762/387/1405 767/393/1412 763/389/1407
f 763/389/1407 767/393/1412 768/394/1413
f 763/389/1407 768/394/1413 764/390/1409
f 764/390/1409 768/394/1413 769/395/1414
f 765/391/1410 770/396/1415 766/392/1411
f 766/392/1411 770/396/1415 771/397/1416
f 766/392/1411 771/397/1416 767/393/1412
f 767/393/1412 771/397/1416 772/398/1417
f 767/393/1412 772/398/1417 768/394/1413
f 768/394/1413 772/398/1417 773/399/1418
f 768/394/1413 773/399/1418 769/395/1414
f 769/395/1414 773/399/1418 774/400/1419
f 770/396/1415 775/401/1420 771/397/1416
f 771/397/1416 775/401/1420 776/402/1421
f 771/397/1416 776/402/1421 772/398/1417
f 772/398/1417 776/402/1421 777/403/1422
f 772/398/1417 777/403/1422 773/399/1418
f 773/399/1418 777/403/1422 778/404/1423
f 773/399/1418 778/404/1423 774/400/1419
f 774/400/1419 778/404/1423 779/405/1424
f 775/401/1420 780/406/1425 776/402/1421
f 776/402/1421 780/406/1425 781/407/1426
f 776/402/1421 781/407/1426 777/403/1422
f 777/403/1422 781/407/1426 782/408/1427
f 777/403/1422 782/408/1427 778/404/1423
f 778/404/1423 782/408/1427 783/409/1428
f 778/404/1423 783/409/1428 779/405/1424
f 779/405/1424 783/409/1428 784/19/1429
f 780/406/1425 785/410/1430 781/407/1426
f 781/407/1426 785/410/1430 786/411/1431
f 781/407/1426 786/411/1431 782/408/1427
f 782/408/1427 786/411/1431 787/412/1432
f 782/408/1427 787/412/1432 783/409/1428
f 783/409/1428 787/412/1432 788/413/1433
f 783/409/1428 788/413/1433 784/19/1429
f 784/19/1429 788/413/1433 789/414/1434
f 785/410/1430 790/415/1435 786/411/1431
f 786/411/1431 790/415/1435 791/416/1436
f 786/411/1431 791/416/1436 787/412/1432
f 787/412/1432 791/416/1436 792/417/1437
f 787/412/1432 792/417/1437 788/413/1433
f 788/413/1433 792/417/1437 793/418/1438
f 788/413/1433 793/418/1438 789/414/1434
f 789/414/1434 793/418/1438 794/419/1439
f 790/415/1435 795/420/1440 791/416/1436
f 791/416/1436 795/420/1440 796/421/1441
f 791/416/1436 796/421/1441 792/417/1437
f 792/417/1437 796/421/1441 797/422/1442
f 792/417/1437 797/422/1442 793/418/1438
f 793/418/1438 797/422/1442 798/423/1443
f 793/418/1438 798/423/1443 794/419/1439
f 794/419/1439 798/423/1443 799/424/1444
f 795/420/1440 800/425/1445 796/421/1441
f 796/421/1441 800/425/1445 801/426/1446
f 796/421/1441 801/426/1446 797/422/1442
f 797/422/1442 801/426/1446 802/427/1447
f 797/422/1442 802/427/1447 798/423/1443
f 798/423/1443 802/427/1447 803/428/1448
f 798/423/1443 803/428/1448 799/424/1444
f 799/424/1444 803/428/1448 804/429/1449
f 800/425/1445 805/430/1450 801/426/1446
f 801/426/1446 805/430/1450 802/427/1447
f 802/427/1447 805/430/1450 803/428/1448
f 803/428/1448 805/430/1450 804/429/1449
f 806/369/1451 811/383/1452 807/384/1453
f 807/384/1453 811/383/1452 812/385/1454
f 807/384/1453 812/385/1454 808/386/1455
f 808/386/1455 812/385/1454 813/387/1456
f 808/386/1455 813/387/1456 809/388/1457
f 809/388/1457 813/387/1456 814/389/1458
f 809/388/1457 814/389/1458 810/4/1459
f 810/4/1459 814/389/1458 815/390/1460
f 811/383/1452 816/391/1461 812/385/1454
f 812/385/1454 816/391/1461 817/392/1462
f 812/385/1454 817/392/1462 813/387/1456
f 813/387/1456 817/392/1462 818/393/1463
f 813/387/1456 818/393/1463 814/389/1458
f 814/389/1458 818/393/1463 819/394/1464
f 814/389/1458 819/394/1464 815/390/1460
f 815/390/1460 819/394/1464 820/395/1465
f 816/391/1461 821/396/1466 817/392/1462
f 817/392/1462 821/396/1466 822/397/1467
f 817/392/1462 822/397/1467 818/393/1463
f 818/393/1463 822/397/1467 823/398/1468
f 818/393/1463 823/398/1468 819/394/1464
f 819/394/1464 823/398/1468 824/399/1469
f 819/394/1464 824/399/1469 820/395/1465
f 820/395/1465 824/399/1469 825/400/1470
f 821/396/1466 826/401/1471 822/397/1467
f 822/397/1467 826/401/1471 827/402/1472
f 822/397/1467 827/402/1472 823/398/1468
f 823/398/1468 827/402/1472 828/403/1473
f 823/398/1468 828/403/1473 824/399/1469
f 824/399/1469 828/403/1473 829/404/1474
f 824/399/1469 829/404/1474 825/400/1470
f 825/400/1470 829/404/1474 830/405/1475
f 826/401/1471 831/406/1476 827/402/1472
f 827/402/1472 831/406/1476 832/407/1477
f 827/402/1472 832/407/1477 828/403/1473
f 828/403/1473 832/407/1477 833/408/1478
f 828/403/1473 833/408/1478 829/404/1474
f 829/404/1474 833/408/1478 834/409/1479
f 829/404/1474 834/409/1479 830/405/1475
f 830/405/1475 834/409/1479 835/19/1480
f 831/406/1476 836/410/1481 832/407/1477
f 832/407/1477 836/410/1481 837/411/1482
f 832/407/1477 837/411/1482 833/408/1478
f 833/408/1478 837/411/1482 838/412/1483
f 833/408/1478 838/412/1483 834/409/1479
f 834/409/1479 838/412/1483 839/413/1484
f 834/409/1479 839/413/1484 835/19/1480
f 835/19/1480 839/413/1484 840/414/1485
f 836/410/1481 841/415/1486 837/411/1482
f 837/411/1482 841/415/1486 842/416/1487
f 837/411/1482 842/416/1487 838/412/1483
f 838/412/1483 842/416/1487 843/417/1488
f 838/412/1483 843/417/1488 839/413/1484
f 839/413/1484 843/417/1488 844/418/1489
f 839/413/1484 844/418/1489 840/414/1485
f 840/414/1485 844/418/1489 845/419/1490
f 841/415/1486 846/420/1491 842/416/1487
f 842/416/1487 846/420/1491 847/421/1492
f 842/416/1487 847/421/1492 843/417/1488
f 843/417/1488 847/421/1492 848/422/1493
f 843/417/1488 848/422/1493 844/418/1489
f 844/418/1489 848/422/1493 849/423/1494
f 844/418/1489 849/423/1494 845/419/1490
f 845/419/1490 849/423/1494 850/424/1495
f 846/420/1491 851/425/1496 847/421/1492
f 847/421/1492 851/425/1496 852/426/1497
f 847/421/1492 852/426/1497 848/422/1493
f 848/422/1493 852/426/1497 853/427/1498
f 848/422/1493 853/427/1498 849/423/1494
f 849/423/1494 853/427/1498 854/428/1499
f 849/423/1494 854/428/1499 850/424/1495
f 850/424/1495 854/428/1499 855/429/1500
f 851/425/1496 856/430/1501 852/426/1497
f 852/426/1497 856/430/1501 853/427/1498
f 853/427/1498 856/430/1501 854/428/1499
f 854/428/1499 856/430/1501 855/429/1500
f 857/369/1502 862/383/1503 858/384/1504
f 858/384/1504 862/383/1503 863/385/1505
f 858/384/1504 863/385/1505 859/386/1506
f 859/386/1506 863/385/1505 864/387/1507
f 859/386/1506 864/387/1507 860/388/1508
f 860/388/1508 864/387/1507 865/389/1509
f 860/388/1508 865/389/1509 861/4/1510
f 861/4/1510 865/389/1509 866/390/1511
f 862/383/1503 867/391/1512 863/385/1505
f 863/385/1505 867/391/1512 868/392/1513
f 863/385/1505 868/392/1513 864/387/1507
f 864/387/1507 868/392/1513 869/393/1514
f 864/387/1507 869/393/1514 865/389/1509
f 865/389/1509 869/393/1514 870/394/1515
f 865/389/1509 870/394/1515 866/390/1511
f 866/390/1511 870/394/1515 871/395/1516
f 867/391/1512 872/396/1517 868/392/1513
f 868/392/1513 872/396/1517 873/397/1518
f 868/392/1513 873/397/1518 869/393/1514
f 869/393/1514 873/397/1518 874/398/1519
f 869/393/1514 874/398/1519 870/394/1515
f 870/394/1515 874/398/1519 875/399/1520
f 870/394/1515 875/399/1520 871/395/1516
f 871/395/1516 875/399/1520 876/400/1521
f 872/396/1517 877/401/1522 873/397/1518
f 873/397/1518 877/401/1522 878/402/1523
f 873/397/1518 878/402/1523 874/398/1519
f 874/398/1519 878/402/1523 879/403/1524
f 874/398/1519 879/403/1524 875/399/1520
f 875/399/1520 879/403/1524 880/404/1525
f 875/399/1520 880/404/1525 876/400/1521
f 876/400/1521 880/404/1525 881/405/1526
f 877/401/1522 882/406/1527 878/402/1523
f 878/402/1523 882/406/1527 883/407/1528
f 878/402/1523 883/407/1528 879/403/1524
f 879/403/1524 883/407/1528 884/408/1529
f 879/403/1524 884/408/1529 880/404/1525
f 880/404/1525 884/408/1529 885/409/1530
f 880/404/1525 885/409/1530 881/405/1526
f 881/405/1526 885/409/1530 886/19/1531
f 882/406/1527 887/410/1532 883/407/1528
f 883/407/1528 887/410/1532 888/411/1533
f 883/407/1528 888/411/1533 884/408/1529
f 884/408/1529 888/411/1533 889/412/1534
f 884/408/1529 889/412/1534 885/409/1530
f 885/409/1530 889/412/1534 890/413/1535
f 885/409/1530 890/413/1535 886/19/1531
f 886/19/1531 890/413/1535 891/414/1536
f 887/410/1532 892/415/1537 888/411/1533
f 888/411/1533 892/415/1537 893/416/1538
f 888/411/1533 893/416/1538 889/412/1534
f 889/412/1534 893/416/1538 894/417/1539
f 889/412/1534 894/417/1539 890/413/1535
f 890/413/1535 894/417/1539 895/418/1540
f 890/413/1535 895/418/1540 891/414/1536
f 891/414/1536 895/418/1540 896/419/1541
f 892/415/1537 897/420/1542 893/416/1538
f 893/416/1538 897/420/1542 898/421/1543
f 893/416/1538 898/421/1543 894/417/1539
f 894/417/1539 898/421/1543 899/422/1544
f 894/417/1539 899/422/1544 895/418/1540
f 895/418/1540 899/422/1544 900/423/1545
f 895/418/1540 900/423/1545 896/419/1541
f 896/419/1541 900/423/1545 901/424/1546
f 897/420/1542 902/425/1547 898/421/1543
f 898/421/1543 902/425/1547 903/426/1548
f 898/421/1543 903/426/1548 899/422/1544
f 899/422/1544 903/426/1548 904/427/1549
f 899/422/1544 904/427/1549 900/423/1545
f 900/423/1545 904/427/1549 905/428/1550
f 900/423/1545 905/428/1550 901/424/1546
f 901/424/1546 905/428/1550 906/429/1551
f 902/425/1547 907/430/1552 903/426/1548
f 903/426/1548 907/430/1552 904/427/1549
f 904/427/1549 907/430/1552 905/428/1550
f 905/428/1550 907/430/1552 906/429/1551
f 908/369/1553 913/383/1554 909/384/1555
f 909/384/1555 913/383/1554 914/385/1556
f 909/384/1555 914/385/1556 910/386/1557
f 910/386/1557 914/385/1556 915/387/1558
f 910/386/1557 915/387/1558 911/388/1559
f 911/388/1559 915/387/1558 916/389/1560
f 911/388/1559 916/389/1560 912/4/1561
f 912/4/1561 916/389/1560 917/390/1562
f 913/383/1554 918/391/1563 914/385/1556
f 914/385/1556 918/391/1563 919/392/1564
f 914/385/1556 919/392/1564 915/387/1558
f 915/387/1558 919/392/1564 920/393/1565
f 915/387/1558 920/393/1565 916/389/1560
f 916/389/1560 920/393/1565 921/394/1566
f 916/389/1560 921/394/1566 917/390/1562
f 917/390/1562 921/394/1566 922/395/1567
f 918/391/1563 923/396/1568 919/392/1564
f 919/392/1564 923/396/1568 924/397/1569
f 919/392/1564 924/397/1569 920/393/1565
f 920/393/1565 924/397/1569 925/398/1570
f 920/393/1565 925/398/1570 921/394/1566
f 921/394/1566 925/398/1570 926/399/1571
f 921/394/1566 926/399/1571 922/395/1567
f 922/395/1567 926/399/1571 927/400/1572
f 923/396/1568 928/401/1573 924/397/1569
f 924/397/1569 928/401/1573 929/402/1574
f 924/397/1569 929/402/1574 925/398/1570
f 925/398/1570 929/402/1574 930/403/1575
f 925/398/1570 930/403/1575 926/399/1571
f 926/399/1571 930/403/1575 931/404/1576
f 926/399/1571 931/404/1576 927/400/1572
f 927/400/1572 931/404/1576 932/405/1577
f 928/401/1573 933/406/1578 929/402/1574
f 929/402/1574 933/406/1578 934/407/1579
f 929/402/1574 934/407/1579 930/403/1575
f 930/403/1575 934/407/1579 935/408/1580
f 930/403/1575 935/408/1580 931/404/1576
f 931/404/1576 935/408/1580 936/409/1581
f 931/404/1576 936/409/1581 932/405/1577
f 932/405/1577 936/409/1581 937/19/1582
f 933/406/1578 938/410/1583 934/407/1579
f 934/407/1579 938/410/1583 939/411/1584
f 934/407/1579 939/411/1584 935/408/1580
f 935/408/1580 939/411/1584 940/412/1585
f 935/408/1580 940/412/1585 936/409/1581
f 936/409/1581 940/412/1585 941/413/1586
f 936/409/1581 941/413/1586 937/19/1582
f 937/19/1582 941/413/1586 942/414/1587
f 938/410/1583 943/415/1588 939/411/1584
f 939/411/1584 943/415/1588 944/416/1589
f 939/411/1584 944/416/1589 940/412/1585
f 940/412/1585 944/416/1589 945/417/1590
f 940/412/1585 945/417/1590 941/413/1586
f 941/413/1586 945/417/1590 946/418/1591
f 941/413/1586 946/418/1591 942/414/1587
f 942/414/1587 946/418/1591 947/419/1592
f 943/415/1588 948/420/1593 944/416/1589
f 944/416/1589 948/420/1593 949/421/1594
f 944/416/1589 949/421/1594 945/417/1590
f 945/417/1590 949/421/1594 950/422/1595
f 945/417/1590 950/422/1595 946/418/1591
f 946/418/1591 950/422/1595 951/423/1596
f 946/418/1591 951/423/1596 947/419/1592
f 947/419/1592 951/423/1596 952/424/1597
f 948/420/1593 953/425/1598 949/421/1594
f 949/421/1594 953/425/1598 954/426/1599
f 949/421/1594 954/426/1599 950/422/1595
f 950/422/1595 954/426/1599 955/427/1600
f 950/422/1595 955/427/1600 951/423/1596
f 951/423/1596 955/427/1600 956/428/1601
f 951/423/1596 956/428/1601 952/424/1597
f 952/424/1597 956/428/1601 957/429/1602
f 953/425/1598 958/430/1603 954/426/1599
f 954/426/1599 958/430/1603 955/427/1600
f 955/427/1600 958/430/1603 956/428/1601
f 956/428/1601 958/430/1603 957/429/1602
f 959/369/1604 964/383/1605 960/384/1606
f 960/384/1606 964/383/1605 965/385/1607
f 960/384/1606 965/385/1607 961/386/1608
f 961/386/1608 965/385/1607 966/387/1609
f 961/386/1608 966/387/1609 962/388/1610
f 962/388/1610 966/387/1609 967/389/1611
f 962/388/1610 967/389/1611 963/4/1612
f 963/4/1612 967/389/1611 968/390/1613
f 964/383/1605 969/391/1614 965/385/1607
f 965/385/1607 969/391/1614 970/392/1615
f 965/385/1607 970/392/1615 966/387/1609
f 966/387/1609 970/392/1615 971/393/1616
f 966/387/1609 971/393/1616 967/389/1611
f 967/389/1611 971/393/1616 972/394/1617
f 967/389/1611 972/394/1617 968/390/1613
f 968/390/1613 972/394/1617 973/395/1618
f 969/391/1614 974/396/1619 970/392/1615
f 970/392/1615 974/396/1619 975/397/1620
f 970/392/1615 975/397/1620 971/393/1616
f 971/393/1616 975/397/1620 976/398/1621
f 971/393/1616 976/398/1621 972/394/1617
f 972/394/1617 976/398/1621 977/399/1622
f 972/394/1617 977/399/1622 973/395/1618
f 973/395/1618 977/399/1622 978/400/1623
f 974/396/1619 979/401/1624 975/397/1620
f 975/397/1620 979/401/1624 980/402/1625
f 975/397/1620 980/402/1625 976/398/1621
f 976/398/1621 980/402/1625 981/403/1626
f 976/398/1621 981/403/1626 977/399/1622
f 977/399/1622 981/403/1626 982/404/1627
f 977/399/1622 982/404/1627 978/400/1623
f 978/400/1623 982/404/1627 983/405/1628
f 979/401/1624 984/406/1629 980/402/1625
f 980/402/1625 984/406/1629 985/407/1630
f 980/402/1625 985/407/1630 981/403/1626
f 981/403/1626 985/407/1630 986/408/1631
f 981/403/1626 986/408/1631 982/404/1627
f 982/404/1627 986/408/1631 987/409/1632
f 982/404/1627 987/409/1632 983/405/1628
f 983/405/1628 987/409/1632 988/19/1633
f 984/406/1629 989/410/1634 985/407/1630
f 985/407/1630 989/410/1634 990/411/1635
f 985/407/1630 990/411/1635 986/408/1631
f 986/408/1631 990/411/1635 991/412/1636
f 986/408/1631 991/412/1636 987/409/1632
f 987/409/1632 991/412/1636 992/413/1637
f 987/409/1632 992/413/1637 988/19/1633
f 988/19/1633 992/413/1637 993/414/1638
f 989/410/1634 994/415/1639 990/411/1635
f 990/411/1635 994/415/1639 995/416/1640
f 990/411/1635 995/416/1640 991/412/1636
f 991/412/1636 995/416/1640 996/417/1641
f 991/412/1636 996/417/1641 992/413/1637
f 992/413/1637 996/417/1641 997/418/1642
f 992/413/1637 997/418/1642 993/414/1638
f 993/414/1638 997/418/1642 998/419/1643
f 994/415/1639 999/420/1644 995/416/1640
f 995/416/1640 999/420/1644 1000/421/1645
f 995/416/1640 1000/421/1645 996/417/1641
f 996/417/1641 1000/421/1645 1001/422/1646
f 996/417/1641 1001/422/1646 997/418/1642
f 997/418/1642 1001/422/1646 1002/423/1647
f 997/418/1642 1002/423/1647 998/419/1643
f 998/419/1643 1002/423/1647 1003/424/1648
f 999/420/1644 1004/425/1649 1000/421/1645
f 1000/421/1645 1004/425/1649 1005/426/1650
f 1000/421/1645 1005/426/1650 1001/422/1646
f 1001/422/1646 1005/426/1650 1006/427/1651
f 1001/422/1646 1006/427/1651 1002/423/1647
f 1002/423/1647 1006/427/1651 1007/428/1652
f 1002/423/1647 1007/428/1652 1003/424/1648
f 1003/424/1648 1007/428/1652 1008/429/1653
f 1004/425/1649 1009/430/1654 1005/426/1650
f 1005/426/1650 1009/430/1654 1006/427/1651
f 1006/427/1651 1009/430/1654 1007/428/1652
f 1007/428/1652 1009/430/1654 1008/429/1653
f 1010/369/1655 1015/383/1656 1011/384/1657
f 1011/384/1657 1015/383/1656 1016/385/1658
f 1011/384/1657 1016/385/1658 1012/386/1659
f 1012/386/1659 1016/385/1658 1017/387/1660
f 1012/386/1659 1017/387/1660 1013/388/1661
f 1013/388/1661 1017/387/1660 1018/389/1662
f 1013/388/1661 1018/389/1662 1014/4/1663
f 1014/4/1663 1018/389/1662 1019/390/1664
f 1015/383/1656 1020/391/1665 1016/385/1658
f 1016/385/1658 1020/391/1665 1021/392/1666
f 1016/385/1658 1021/392/1666 1017/387/1660
f 1017/387/1660 1021/392/1666 1022/393/1667
f 1017/387/1660 1022/393/1667 1018/389/1662
f 1018/389/1662 1022/393/1667 1023/394/1668
f 1018/389/1662 1023/394/1668 1019/390/1664
f 1019/390/1664 1023/394/1668 1024/395/1669
f 1020/391/1665 1025/396/1670 1021/392/1666
f 1021/392/1666 1025/396/1670 1026/397/1671
f 1021/392/1666 1026/397/1671 1022/393/1667
f 1022/393/1667 1026/397/1671 1027/398/1672
f 1022/393/1667 1027/398/1672 1023/394/1668
f 1023/394/1668 1027/398/1672 1028/399/1673
f 1023/394/1668 1028/399/1673 1024/395/1669
f 1024/395/1669 1028/399/1673 1029/400/1674
f 1025/396/1670 1030/401/1675 1026/397/1671
f 1026/397/1671 1030/401/1675 1031/402/1676
f 1026/397/1671 1031/402/1676 1027/398/1672
f 1027/398/1672 1031/402/1676 1032/403/1677
f 1027/398/1672 1032/403/1677 1028/399/1673
f 1028/399/1673 1032/403/1677 1033/404/1678
f 1028/399/1673 1033/404/1678 1029/400/1674
f 1029/400/1674 1033/404/1678 1034/405/1679
f 1030/401/1675 1035/406/1680 1031/402/1676
f 1031/402/1676 1035/406/1680 1036/407/1681
f 1031/402/1676 1036/407/1681 1032/403/1677
f 1032/403/1677 1036/407/1681 1037/408/1682
f 1032/403/1677 1037/408/1682 1033/404/1678
f 1033/404/1678 1037/408/1682 1038/409/1683
f 1033/404/1678 1038/409/1683 1034/405/1679
f 1034/405/1679 1038/409/1683 1039/19/1684
f 1035/406/1680 1040/410/1685 1036/407/1681
f 1036/407/1681 1040/410/1685 1041/411/1686
f 1036/407/1681 1041/411/1686 1037/408/1682
f 1037/408/1682 1041/411/1686 1042/412/1687
f 1037/408/1682 1042/412/1687 1038/409/1683
f 1038/409/1683 1042/412/1687 1043/413/1688
f 1038/409/1683 1043/413/1688 1039/19/1684
f 1039/19/1684 1043/413/1688 1044/414/1689
f 1040/410/1685 1045/415/1690 1041/411/1686
f 1041/411/1686 1045/415/1690 1046/416/1691
f 1041/411/1686 1046/416/1691 1042/412/1687
f 1042/412/1687 1046/416/1691 1047/417/1692
f 1042/412/1687 1047/417/1692 1043/413/1688
f 1043/413/1688 1047/417/1692 1048/418/1693
f 1043/413/1688 1048/418/1693 1044/414/1689
f 1044/414/1689 1048/418/1693 1049/419/1694
f 1045/415/1690 1050/420/1695 1046/416/1691
f 1046/416/1691 1050/420/1695 1051/421/1696
f 1046/416/1691 1051/421/1696 1047/417/1692
f 1047/417/1692 1051/421/1696 1052/422/1697
f 1047/417/1692 1052/422/1697 1048/418/1693
f 1048/418/1693 1052/422/1697 1053/423/1698
f 1048/418/1693 1053/423/1698 1049/419/1694
f 1049/419/1694 1053/423/1698 1054/424/1699
f 1050/420/1695 1055/425/1700 1051/421/1696
f 1051/421/1696 1055/425/1700 1056/426/1701
f 1051/421/1696 1056/426/1701 1052/422/1697
f 1052/422/1697 1056/426/1701 1057/427/1702
f 1052/422/1697 1057/427/1702 1053/423/1698
f 1053/423/1698 1057/427/1702 1058/428/1703
f 1053/423/1698 1058/428/1703 1054/424/1699
f 1054/424/1699 1058/428/1703 1059/429/1704
f 1055/425/1700 1060/430/1705 1056/426/1701
f 1056/426/1701 1060/430/1705 1057/427/1702
f 1057/427/1702 1060/430/1705 1058/428/1703
f 1058/428/1703 1060/430/1705 1059/429/1704
f 1061/369/1706 1066/383/1707 1062/384/1708
f 1062/384/1708 1066/383/1707 1067/385/1709
f 1062/384/1708 1067/385/1709 1063/386/1710
f 1063/386/1710 1067/385/1709 1068/387/1711
f 1063/386/1710 1068/387/1711 1064/388/1712
f 1064/388/1712 1068/387/1711 1069/389/1713
f 1064/388/1712 1069/389/1713 1065/4/1714
f 1065/4/1714 1069/389/1713 1070/390/1715
f 1066/383/1707 1071/391/1716 1067/385/1709
f 1067/385/1709 1071/391/1716 1072/392/1717
f 1067/385/1709 1072/392/1717 1068/387/1711
f 1068/387/1711 1072/392/1717 1073/393/1718
f 1068/387/1711 1073/393/1718 1069/389/1713
f 1069/389/1713 1073/393/1718 1074/394/1719
f 1069/389/1713 1074/394/1719 1070/390/1715
f 1070/390/1715 1074/394/1719 1075/395/1720
f 1071/391/1716 1076/396/1721 1072/392/1717
f 1072/392/1717 1076/396/1721 1077/397/1722
f 1072/392/1717 1077/397/1722 1073/393/1718
f 1073/393/1718 1077/397/1722 1078/398/1723
f 1073/393/1718 1078/398/1723 1074/394/1719
f 1074/394/1719 1078/398/1723 1079/399/1724
f 1074/394/1719 1079/399/1724 1075/395/1720
f 1075/395/1720 1079/399/1724 1080/400/1725
f 1076/396/1721 1081/401/1726 1077/397/1722
f 1077/397/1722 1081/401/1726 1082/402/1727
f 1077/397/1722 1082/402/1727 1078/398/1723
f 1078/398/1723 1082/402/1727 1083/403/1728
f 1078/398/1723 1083/403/1728 1079/399/1724
f 1079/399/1724 1083/403/1728 1084/404/1729
f 1079/399/1724 1084/404/1729 1080/400/1725
f 1080/400/1725 1084/404/1729 1085/405/1730
f 1081/401/1726 1086/406/1731 1082/402/1727
f 1082/402/1727 1086/406/1731 1087/407/1732
f 1082/402/1727 1087/407/1732 1083/403/1728
f 1083/403/1728 1087/407/1732 1088/408/1733
f 1083/403/1728 1088/408/1733 1084/404/1729
f 1084/404/1729 1088/408/1733 1089/409/1734
f 1084/404/1729 1089/409/1734 1085/405/1730
f 1085/405/1730 1089/409/1734 1090/19/1735
f 1086/406/1731 1091/410/1736 1087/407/1732
f 1087/407/1732 1091/410/1736 1092/411/1737
f 1087/407/1732 1092/411/1737 1088/408/1733
f 1088/408/1733 1092/411/1737 1093/412/1738
f 1088/408/1733 1093/412/1738 1089/409/1734
f 1089/409/1734 1093/412/1738 1094/413/1739
f 1089/409/1734 1094/413/1739 1090/19/1735
f 1090/19/1735 1094/413/1739 1095/414/1740
f 1091/410/1736 1096/415/1741 1092/411/1737
f 1092/411/1737 1096/415/1741 1097/416/1742
f 1092/411/1737 1097/416/1742 1093/412/1738
f 1093/412/1738 1097/416/1742 1098/417/1743
f 1093/412/1738 1098/417/1743 1094/413/1739
f 1094/413/1739 1098/417/1743 1099/418/1744
f 1094/413/1739 1099/418/1744 1095/414/1740
f 1095/414/1740 1099/418/1744 1100/419/1745
f 1096/415/1741 1101/420/1746 1097/416/1742
f 1097/416/1742 1101/420/1746 1102/421/1747
f 1097/416/1742 1102/421/1747 1098/417/1743
f 1098/417/1743 1102/421/1747 1103/422/1748
f 1098/417/1743 1103/422/1748 1099/418/1744
f 1099/418/1744 1103/422/1748 1104/423/1749
f 1099/418/1744 1104/423/1749 1100/419/1745
f 1100/419/1745 1104/423/1749 1105/424/1750
f 1101/420/1746 1106/425/1751 1102/421/1747
f 1102/421/1747 1106/425/1751 1107/426/1752
f 1102/421/1747 1107/426/1752 1103/422/1748
f 1103/422/1748 1107/426/1752 1108/427/1753
f 1103/422/1748 1108/427/1753 1104/423/1749
f 1104/423/1749 1108/427/1753 1109/428/1754
f 1104/423/1749 1109/428/1754 1105/424/1750
f 1105/424/1750 1109/428/1754 1110/429/1755
f 1106/425/1751 1111/430/1756 1107/426/1752
f 1107/426/1752 1111/430/1756 1108/427/1753
f 1108/427/1753 1111/430/1756 1109/428/1754
f 1109/428/1754 1111/430/1756 1110/429/1755
f 1112/369/1757 1117/383/1758 1113/384/1759
f 1113/384/1759 1117/383/1758 1118/385/1760
f 1113/384/1759 1118/385/1760 1114/386/1761
f 1114/386/1761 1118/385/1760 1119/387/1762
f 1114/386/1761 1119/387/1762 1115/388/1763
f 1115/388/1763 1119/387/1762 1120/389/1764
f 1115/388/1763 1120/389/1764 1116/4/1765
f 1116/4/1765 1120/389/1764 1121/390/1766
f 1117/383/1758 1122/391/1767 1118/385/1760
f 1118/385/1760 1122/391/1767 1123/392/1768
f 1118/385/1760 1123/392/1768 1119/387/1762
f 1119/387/1762 1123/392/1768 1124/393/1769
f 1119/387/1762 1124/393/1769 1120/389/1764
f 1120/389/1764 1124/393/1769 1125/394/1770
f 1120/389/1764 1125/394/1770 1121/390/1766
f 1121/390/1766 1125/394/1770 1126/395/1771
f 1122/391/1767 1127/396/1772 1123/392/1768
f 1123/392/1768 1127/396/1772 1128/397/1773
f 1123/392/1768 1128/397/1773 1124/393/1769
f 1124/393/1769 1128/397/1773 1129/398/1774
f 1124/393/1769 1129/398/1774 1125/394/1770
f 1125/394/1770 1129/398/1774 1130/399/1775
f 1125/394/1770 1130/399/1775 1126/395/1771
f 1126/395/1771 1130/399/1775 1131/400/1776
f 1127/396/1772 1132/401/1777 1128/397/1773
f 1128/397/1773 1132/401/1777 1133/402/1778
f 1128/397/1773 1133/402/1778 1129/398/1774
f 1129/398/1774 1133/402/1778 1134/403/1779
f 1129/398/1774 1134/403/1779 1130/399/1775
f 1130/399/1775 1134/403/1779 1135/404/1780
f 1130/399/1775 1135/404/1780 1131/400/1776
f 1131/400/1776 1135/404/1780 1136/405/1781
f 1132/401/1777 1137/406/1782 1133/402/1778
f 1133/402/1778 1137/406/1782 1138/407/1783
f 1133/402/1778 1138/407/1783 1134/403/1779
f 1134/403/1779 1138/407/1783 1139/408/1784
f 1134/403/1779 1139/408/1784 1135/404/1780
f 1135/404/1780 1139/408/1784 1140/409/1785
f 1135/404/1780 1140/409/1785 1136/405/1781
f 1136/405/1781 1140/409/1785 1141/19/1786
f 1137/406/1782 1142/410/1787 1138/407/1783
f 1138/407/1783 1142/410/1787 1143/411/1788
f 1138/407/1783 1143/411/1788 1139/408/1784
f 1139/408/1784 1143/411/1788 1144/412/1789
f 1139/408/1784 1144/412/1789 1140/409/1785
f 1140/409/1785 1144/412/1789 1145/413/1790
f 1140/409/1785 1145/413/1790 1141/19/1786
f 1141/19/1786 1145/413/1790 1146/414/1791
f 1142/410/1787 1147/415/1792 1143/411/1788
f 1143/411/1788 1147/415/1792 1148/416/1793
f 1143/411/1788 1148/416/1793 1144/412/1789
f 1144/412/1789 1148/416/1793 1149/417/1794
f 1144/412/1789 1149/417/1794 1145/413/1790
f 1145/413/1790 1149/417/1794 1150/418/1795
f 1145/413/1790 1150/418/1795 1146/414/1791
f 1146/414/1791 1150/418/1795 1151/419/1796
f 1147/415/1792 1152/420/1797 1148/416/1793
f 1148/416/1793 1152/420/1797 1153/421/1798
f 1148/416/1793 1153/421/1798 1149/417/1794
f 1149/417/1794 1153/421/1798 1154/422/1799
f 1149/417/1794 1154/422/1799 1150/418/1795
f 1150/418/1795 1154/422/1799 1155/423/1800
f 1150/418/1795 1155/423/1800 1151/419/1796
f 1151/419/1796 1155/423/1800 1156/424/1801
f 1152/420/1797 1157/425/1802 1153/421/1798
f 1153/421/1798 1157/425/1802 1158/426/1803
f 1153/421/1798 1158/426/1803 1154/422/1799
f 1154/422/1799 1158/426/1803 1159/427/1804
f 1154/422/1799 1159/427/1804 1155/423/1800
f 1155/423/1800 1159/427/1804 1160/428/1805
f 1155/423/1800 1160/428/1805 1156/424/1801
f 1156/424/1801 1160/428/1805 1161/429/1806
f 1157/425/1802 1162/430/1807 1158/426/1803
f 1158/426/1803 1162/430/1807 1159/427/1804
f 1159/427/1804 1162/430/1807 1160/428/1805
f 1160/428/1805 1162/430/1807 1161/429/1806
f 1163/369/1808 1168/383/1809 1164/384/1810
f 1164/384/1810 1168/383/1809 1169/385/1811
f 1164/384/1810 1169/385/1811 1165/386/1812
f 1165/386/1812 1169/385/1811 1170/387/1813
f 1165/386/1812 1170/387/1813 1166/388/1814
f 1166/388/1814 1170/387/1813 1171/389/1815
f 1166/388/1814 1171/389/1815 1167/4/1816
f 1167/4/1816 1171/389/1815 1172/390/1817
f 1168/383/1809 1173/391/1818 1169/385/1811
f 1169/385/1811 1173/391/1818 1174/392/1819
f 1169/385/1811 1174/392/1819 1170/387/1813
f 1170/387/1813 1174/392/1819 1175/393/1820
f 1170/387/1813 1175/393/1820 1171/389/1815
f 1171/389/1815 1175/393/1820 1176/394/1821
f 1171/389/1815 1176/394/1821 1172/390/1817
f 1172/390/1817 1176/394/1821 1177/395/1822
f 1173/391/1818 1178/396/1823 1174/392/1819
f 1174/392/1819 1178/396/1823 1179/397/1824
f 1174/392/1819 1179/397/1824 1175/393/1820
f 1175/393/1820 1179/397/1824 1180/398/1825
f 1175/393/1820 1180/398/1825 1176/394/1821
f 1176/394/1821 1180/398/1825 1181/399/1826
f 1176/394/1821 1181/399/1826 1177/395/1822
f 1177/395/1822 1181/399/1826 1182/400/1827
f 1178/396/1823 1183/401/1828 1179/397/1824
f 1179/397/1824 1183/401/1828 1184/402/1829
f 1179/397/1824 1184/402/1829 1180/398/1825
f 1180/398/1825 1184/402/1829 1185/403/1830
f 1180/398/1825 1185/403/1830 1181/399/1826
f 1181/399/1826 1185/403/1830 1186/404/1831
f 1181/399/1826 1186/404/1831 1182/400/1827
f 1182/400/1827 1186/404/1831 1187/405/1832
f 1183/401/1828 1188/406/1833 1184/402/1829
f 1184/402/1829 1188/406/1833 1189/407/1834
f 1184/402/1829 1189/407/1834 1185/403/1830
f 1185/403/1830 1189/407/1834 1190/408/1835
f 1185/403/1830 1190/408/1835 1186/404/1831
f 1186/404/1831 1190/408/1835 1191/409/1836
f 1186/404/1831 1191/409/1836 1187/405/1832
f 1187/405/1832 1191/409/1836 1192/19/1837
f 1188/406/1833 1193/410/1838 1189/407/1834
f 1189/407/1834 1193/410/1838 1194/411/1839
f 1189/407/1834 1194/411/1839 1190/408/1835
f 1190/408/1835 1194/411/1839 1195/412/1840
f 1190/408/1835 1195/412/1840 1191/409/1836
f 1191/409/1836 1195/412/1840 1196/413/1841
f 1191/409/1836 1196/413/1841 1192/19/1837
f 1192/19/1837 1196/413/1841 1197/414/1842
f 1193/410/1838 1198/415/1843 1194/411/1839
f 1194/411/1839 1198/415/1843 1199/416/1844
f 1194/411/1839 1199/416/1844 1195/412/1840
f 1195/412/1840 1199/416/1844 1200/417/1845
f 1195/412/1840 1200/417/1845 1196/413/1841
f 1196/413/1841 1200/417/1845 1201/418/1846
f 1196/413/1841 1201/418/1846 1197/414/1842
f 1197/414/1842 1201/418/1846 1202/419/1847
f 1198/415/1843 1203/420/1848 1199/416/1844
f 1199/416/1844 1203/420/1848 1204/421/1849
f 1199/416/1844 1204/421/1849 1200/417/1845
f 1200/417/1845 1204/421/1849 1205/422/1850
f 1200/417/1845 1205/422/1850 1201/418/1846
f 1201/418/1846 1205/422/1850 1206/423/1851
f 1201/418/1846 1206/423/1851 1202/419/1847
f 1202/419/1847 1206/423/1851 1207/424/1852
f 1203/420/1848 1208/425/1853 1204/421/1849
f 1204/421/1849 1208/425/1853 1209/426/1854
f 1204/421/1849 1209/426/1854 1205/422/1850
f 1205/422/1850 1209/426/1854 1210/427/1855
f 1205/422/1850 1210/427/1855 1206/423/1851
f 1206/423/1851 1210/427/1855 1211/428/1856
f 1206/423/1851 1211/428/1856 1207/424/1852
f 1207/424/1852 1211/428/1856 1212/429/1857
f 1208/425/1853 1213/430/1858 1209/426/1854
f 1209/426/1854 1213/430/1858 1210/427/1855
f 1210/427/1855 1213/430/1858 1211/428/1856
f 1211/428/1856 1213/430/1858 1212/429/1857
f 1214/369/1859 1219/383/1860 1215/384/1861
f 1215/384/1861 1219/383/1860 1220/385/1862
f 1215/384/1861 1220/385/1862 1216/386/1863
f 1216/386/1863 1220/385/1862 1221/387/1864
f 1216/386/1863 1221/387/1864 1217/388/1865
f 1217/388/1865 1221/387/1864 1222/389/1866
f 1217/388/1865 1222/389/1866 1218/4/1867
f 1218/4/1867 1222/389/1866 1223/390/1868
f 1219/383/1860 1224/391/1869 1220/385/1862
f 1220/385/1862 1224/391/1869 1225/392/1870
f 1220/385/1862 1225/392/1870 1221/387/1864
f 1221/387/1864 1225/392/1870 1226/393/1871
f 1221/387/1864 1226/393/1871 1222/389/1866
f 1222/389/1866 1226/393/1871 1227/394/1872
f 1222/389/1866 1227/394/1872 1223/390/1868
f 1223/390/1868 1227/394/1872 1228/395/1873
f 1224/391/1869 1229/396/1874 1225/392/1870
f 1225/392/1870 1229/396/1874 1230/397/1875
f 1225/392/1870 1230/397/1875 1226/393/1871
f 1226/393/1871 1230/397/1875 1231/398/1876
f 1226/393/1871 1231/398/1876 1227/394/1872
f 1227/394/1872 1231/398/1876 1232/399/1877
f 1227/394/1872 1232/399/1877 1228/395/1873
f 1228/395/1873 1232/399/1877 1233/400/1878
f 1229/396/1874 1234/401/1879 1230/397/1875
f 1230/397/1875 1234/401/1879 1235/402/1880
f 1230/397/1875 1235/402/1880 1231/398/1876
f 1231/398/1876 1235/402/1880 1236/403/1881
f 1231/398/1876 1236/403/1881 1232/399/1877
f 1232/399/1877 1236/403/1881 1237/404/1882
f 1232/399/1877 1237/404/1882 1233/400/1878
f 1233/400/1878 1237/404/1882 1238/405/1883
f 1234/401/1879 1239/406/1884 1235/402/1880
f 1235/402/1880 1239/406/1884 1240/407/1885
f 1235/402/1880 1240/407/1885 1236/403/1881
f 1236/403/1881 1240/407/1885 1241/408/1886
f 1236/403/1881 1241/408/1886 1237/404/1882
f 1237/404/1882 1241/408/1886 1242/409/1887
f 1237/404/1882 1242/409/1887 1238/405/1883
f 1238/405/1883 1242/409/1887 1243/19/1888
f 1239/406/1884 1244/410/1889 1240/407/1885
f 1240/407/1885 1244/410/1889 1245/411/1890
f 1240/407/1885 1245/411/1890 1241/408/1886
f 1241/408/1886 1245/411/1890 1246/412/1891
f 1241/408/1886 1246/412/1891 1242/409/1887
f 1242/409/1887 1246/412/1891 1247/413/1892
f 1242/409/1887 1247/413/1892 1243/19/1888
f 1243/19/1888 1247/413/1892 1248/414/1893
f 1244/410/1889 1249/415/1894 1245/411/1890
f 1245/411/1890 1249/415/1894 1250/416/1895
f 1245/411/1890 1250/416/1895 1246/412/1891
f 1246/412/1891 1250/416/1895 1251/417/1896
f 1246/412/1891 1251/417/1896 1247/413/1892
f 1247/413/1892 1251/417/1896 1252/418/1897
f 1247/413/1892 1252/418/1897 1248/414/1893
f 1248/414/1893 1252/418/1897 1253/419/1898
f 1249/415/1894 1254/420/1899 1250/416/1895
f 1250/416/1895 1254/420/1899 1255/421/1900
f 1250/416/1895 1255/421/1900 1251/417/1896
f 1251/417/1896 1255/421/1900 1256/422/1901
f 1251/417/1896 1256/422/1901 1252/418/1897
f 1252/418/1897 1256/422/1901 1257/423/1902
f 1252/418/1897 1257/423/1902 1253/419/1898
f 1253/419/1898 1257/423/1902 1258/424/1903
f 1254/420/1899 1259/425/1904 1255/421/1900
f 1255/421/1900 1259/425/1904 1260/426/1905
f 1255/421/1900 1260/426/1905 1256/422/1901
f 1256/422/1901 1260/426/1905 1261/427/1906
f 1256/422/1901 1261/427/1906 1257/423/1902
f 1257/423/1902 1261/427/1906 1262/428/1907
f 1257/423/1902 1262/428/1907 1258/424/1903
f 1258/424/1903 1262/428/1907 1263/429/1908
f 1259/425/1904 1264/430/1909 1260/426/1905
f 1260/426/1905 1264/430/1909 1261/427/1906
f 1261/427/1906 1264/430/1909 1262/428/1907
f 1262/428/1907 1264/430/1909 1263/429/1908
f 1265/369/1910 1270/383/1911 1266/384/1912
f 1266/384/1912 1270/383/1911 1271/385/1913
f 1266/384/1912 1271/385/1913 1267/386/1914
f 1267/386/1914 1271/385/1913 1272/387/1915
f 1267/386/1914 1272/387/1915 1268/388/1916
f 1268/388/1916 1272/387/1915 1273/389/1917
f 1268/388/1916 1273/389/1917 1269/4/1918
f 1269/4/1918 1273/389/1917 1274/390/1919
f 1270/383/1911 1275/391/1920 1271/385/1913
f 1271/385/1913 1275/391/1920 1276/392/1921
f 1271/385/1913 1276/392/1921 1272/387/1915
f 1272/387/1915 1276/392/1921 1277/393/1922
f 1272/387/1915 1277/393/1922 1273/389/1917
f 1273/389/1917 1277/393/1922 1278/394/1923
f 1273/389/1917 1278/394/1923 1274/390/1919
f 1274/390/1919 1278/394/1923 1279/395/1924
f 1275/391/1920 1280/396/1925 1276/392/1921
f 1276/392/1921 1280/396/1925 1281/397/1926
f 1276/392/1921 1281/397/1926 1277/393/1922
f 1277/393/1922 1281/397/1926 1282/398/1927
f 1277/393/1922 1282/398/1927 1278/394/1923
f 1278/394/1923 1282/398/1927 1283/399/1928
f 1278/394/1923 1283/399/1928 1279/395/1924
f 1279/395/1924 1283/399/1928 1284/400/1929
f 1280/396/1925 1285/401/1930 1281/397/1926
f 1281/397/1926 1285/401/1930 1286/402/1931
f 1281/397/1926 1286/402/1931 1282/398/1927
f 1282/398/1927 1286/402/1931 1287/403/1932
f 1282/398/1927 1287/403/1932 1283/399/1928
f 1283/399/1928 1287/403/1932 1288/404/1933
f 1283/399/1928 1288/404/1933 1284/400/1929
f 1284/400/1929 1288/404/1933 1289/405/1934
f 1285/401/1930 1290/406/1935 1286/402/1931
f 1286/402/1931 1290/406/1935 1291/407/1936
f 1286/402/1931 1291/407/1936 1287/403/1932
f 1287/403/1932 1291/407/1936 1292/408/1937
f 1287/403/1932 1292/408/1937 1288/404/1933
f 1288/404/1933 1292/408/1937 1293/409/1938
f 1288/404/1933 1293/409/1938 1289/405/1934
f 1289/405/1934 1293/409/1938 1294/19/1939
f 1290/406/1935 1295/410/1940 1291/407/1936
f 1291/407/1936 1295/410/1940 1296/411/1941
f 1291/407/1936 1296/411/1941 1292/408/1937
f 1292/408/1937 1296/411/1941 1297/412/1942
f 1292/408/1937 1297/412/1942 1293/409/1938
f 1293/409/1938 1297/412/1942 1298/413/1943
f 1293/409/1938 1298/413/1943 1294/19/1939
f 1294/19/1939 1298/413/1943 1299/414/1944
f 1295/410/1940 1300/415/1945 1296/411/1941
f 1296/411/1941 1300/415/1945 1301/416/1946
f 1296/411/1941 1301/416/1946 1297/412/1942
f 1297/412/1942 1301/416/1946 1302/417/1947
f 1297/412/1942 1302/417/1947 1298/413/1943
f 1298/413/1943 1302/417/1947 1303/418/1948
f 1298/413/1943 1303/418/1948 1299/414/1944
f 1299/414/1944 1303/418/1948 1304/419/1949
f 1300/415/1945 1305/420/1950 1301/416/1946
f 1301/416/1946 1305/420/1950 1306/421/1951
f 1301/416/1946 1306/421/1951 1302/417/1947
f 1302/417/1947 1306/421/1951 1307/422/1952
f 1302/417/1947 1307/422/1952 1303/418/1948
f 1303/418/1948 1307/422/1952 1308/423/1953
f 1303/418/1948 1308/423/1953 1304/419/1949
f 1304/419/1949 1308/423/1953 1309/424/1954
f 1305/420/1950 1310/425/1955 1306/421/1951
f 1306/421/1951 1310/425/1955 1311/426/1956
f 1306/421/1951 1311/426/1956 1307/422/1952
f 1307/422/1952 1311/426/1956 1312/427/1957
f 1307/422/1952 1312/427/1957 1308/423/1953
f 1308/423/1953 1312/427/1957 1313/428/1958
f 1308/423/1953 1313/428/1958 1309/424/1954
f 1309/424/1954 1313/428/1958 1314/429/1959
f 1310/425/1955 1315/430/1960 1311/426/1956
f 1311/426/1956 1315/430/1960 1312/427/1957
f 1312/427/1957 1315/430/1960 1313/428/1958
f 1313/428/1958 1315/430/1960 1314/429/1959
f 1316/369/1961 1321/383/1962 1317/384/1963
f 1317/384/1963 1321/383/1962 1322/385/1964
f 1317/384/1963 1322/385/1964 1318/386/1965
f 1318/386/1965 1322/385/1964 1323/387/1966
f 1318/386/1965 1323/387/1966 1319/388/1967
f 1319/388/1967 1323/387/1966 1324/389/1968
f 1319/388/1967 1324/389/1968 1320/4/1969
f 1320/4/1969 1324/389/1968 1325/390/1970
f 1321/383/1962 1326/391/1971 1322/385/1964
f 1322/385/1964 1326/391/1971 1327/392/1972
f 1322/385/1964 1327/392/1972 1323/387/1966
f 1323/387/1966 1327/392/1972 1328/393/1973
f 1323/387/1966 1328/393/1973 1324/389/1968
f 1324/389/1968 1328/393/1973 1329/394/1974
f 1324/389/1968 1329/394/1974 1325/390/1970
f 1325/390/1970 1329/394/1974 1330/395/1975
f 1326/391/1971 1331/396/1976 1327/392/1972
f 1327/392/1972 1331/396/1976 1332/397/1977
f 1327/392/1972 1332/397/1977 1328/393/1973
f 1328/393/1973 1332/397/1977 1333/398/1978
f 1328/393/1973 1333/398/1978 1329/394/1974
f 1329/394/1974 1333/398/1978 1334/399/1979
f 1329/394/1974 1334/399/1979 1330/395/1975
f 1330/395/1975 1334/399/1979 1335/400/1980
f 1331/396/1976 1336/401/1981 1332/397/1977
f 1332/397/1977 1336/401/1981 1337/402/1982
f 1332/397/1977 1337/402/1982 1333/398/1978
f 1333/398/1978 1337/402/1982 1338/403/1983
f 1333/398/1978 1338/403/1983 1334/399/1979
f 1334/399/1979 1338/403/1983 1339/404/1984
f 1334/399/1979 1339/404/1984 1335/400/1980
f 1335/400/1980 1339/404/1984 1340/405/1985
f 1336/401/1981 1341/406/1986 1337/402/1982
f 1337/402/1982 1341/406/1986 1342/407/1987
f 1337/402/1982 1342/407/1987 1338/403/1983
f 1338/403/1983 1342/407/1987 1343/408/1988
f 1338/403/1983 1343/408/1988 1339/404/1984
f 1339/404/1984 1343/408/1988 1344/409/1989
f 1339/404/1984 1344/409/1989 1340/405/1985
f 1340/405/1985 1344/409/1989 1345/19/1990
f 1341/406/1986 1346/410/1991 1342/407/1987
f 1342/407/1987 1346/410/1991 1347/411/1992
f 1342/407/1987 1347/411/1992 1343/408/1988
f 1343/408/1988 1347/411/1992 1348/412/1993
f 1343/408/1988 1348/412/1993 1344/409/1989
f 1344/409/1989 1348/412/1993 1349/413/1994
f 1344/409/1989 1349/413/1994 1345/19/1990
f 1345/19/1990 1349/413/1994 1350/414/1995
f 1346/410/1991 1351/415/1996 1347/411/1992
f 1347/411/1992 1351/415/1996 1352/416/1997
f 1347/411/1992 1352/416/1997 1348/412/1993
f 1348/412/1993 1352/416/1997 1353/417/1998
f 1348/412/1993 1353/417/1998 1349/413/1994
f 1349/413/1994 1353/417/1998 1354/418/1999
f 1349/413/1994 1354/418/1999 1350/414/1995
f 1350/414/1995 1354/418/1999 1355/419/2000
f 1351/415/1996 1356/420/2001 1352/416/1997
f 1352/416/1997 1356/420/2001 1357/421/2002
f 1352/416/1997 1357/421/2002 1353/417/1998
f 1353/417/1998 1357/421/2002 1358/422/2003
f 1353/417/1998 1358/422/2003 1354/418/1999
f 1354/418/1999 1358/422/2003 1359/423/2004
f 1354/418/1999 1359/423/2004 1355/419/2000
f 1355/419/2000 1359/423/2004 1360/424/2005
f 1356/420/2001 1361/425/2006 1357/421/2002
f 1357/421/2002 1361/425/2006 1362/426/2007
f 1357/421/2002 1362/426/2007 1358/422/2003
f 1358/422/2003 1362/426/2007 1363/427/2008
f 1358/422/2003 1363/427/2008 1359/423/2004
f 1359/423/2004 1363/427/2008 1364/428/2009
f 1359/423/2004 1364/428/2009 1360/424/2005
f 1360/424/2005 1364/428/2009 1365/429/2010
f 1361/425/2006 1366/430/2011 1362/426/2007
f 1362/426/2007 1366/430/2011 1363/427/2008
f 1363/427/2008 1366/430/2011 1364/428/2009
f 1364/428/2009 1366/430/2011 1365/429/2010
f 1367/369/2012 1372/383/2013 1368/384/2014
f 1368/384/2014 1372/383/2013 1373/385/2015
f 1368/384/2014 1373/385/2015 1369/386/2016
f 1369/386/2016 1373/385/2015 1374/387/2017
f 1369/386/2016 1374/387/2017 1370/388/2018
f 1370/388/2018 1374/387/2017 1375/389/2019
f 1370/388/2018 1375/389/2019 1371/4/2020
f 1371/4/2020 1375/389/2019 1376/390/2021
f 1372/383/2013 1377/391/2022 1373/385/2015
f 1373/385/2015 1377/391/2022 1378/392/2023
f 1373/385/2015 1378/392/2023 1374/387/2017
f 1374/387/2017 1378/392/2023 1379/393/2024
f 1374/387/2017 1379/393/2024 1375/389/2019
f 1375/389/2019 1379/393/2024 1380/394/2025
f 1375/389/2019 1380/394/2025 1376/390/2021
f 1376/390/2021 1380/394/2025 1381/395/2026
f 1377/391/2022 1382/396/2027 1378/392/2023
f 1378/392/2023 1382/396/2027 1383/397/2028
f 1378/392/2023 1383/397/2028 1379/393/2024
f 1379/393/2024 1383/397/2028 1384/398/2029
f 1379/393/2024 1384/398/2029 1380/394/2025
f 1380/394/2025 1384/398/2029 1385/399/2030
f 1380/394/2025 1385/399/2030 1381/395/2026
f 1381/395/2026 1385/399/2030 1386/400/2031
f 1382/396/2027 1387/401/2032 1383/397/2028
f 1383/397/2028 1387/401/2032 1388/402/2033
f 1383/397/2028 1388/402/2033 1384/398/2029
f 1384/398/2029 1388/402/2033 1389/403/2034
f 1384/398/2029 1389/403/2034 1385/399/2030
f 1385/399/2030 1389/403/2034 1390/404/2035
f 1385/399/2030 1390/404/2035 1386/400/2031
f 1386/400/2031 1390/404/2035 1391/405/2036
f 1387/401/2032 1392/406/2037 1388/402/2033
f 1388/402/2033 1392/406/2037 1393/407/2038
f 1388/402/2033 1393/407/2038 1389/403/2034
f 1389/403/2034 1393/407/2038 1394/408/2039
f 1389/403/2034 1394/408/2039 1390/404/2035
f 1390/404/2035 1394/408/2039 1395/409/2040
f 1390/404/2035 1395/409/2040 1391/405/2036
f 1391/405/2036 1395/409/2040 1396/19/2041
f 1392/406/2037 1397/410/2042 1393/407/2038
f 1393/407/2038 1397/410/2042 1398/411/2043
f 1393/407/2038 1398/411/2043 1394/408/2039
f 1394/408/2039 1398/411/2043 1399/412/2044
f 1394/408/2039 1399/412/2044 1395/409/2040
f 1395/409/2040 1399/412/2044 1400/413/2045
f 1395/409/2040 1400/413/2045 1396/19/2041
f 1396/19/2041 1400/413/2045 1401/414/2046
f 1397/410/2042 1402/415/2047 1398/411/2043
f 1398/411/2043 1402/415/2047 1403/416/2048
f 1398/411/2043 1403/416/2048 1399/412/2044
f 1399/412/2044 1403/416/2048 1404/417/2049
f 1399/412/2044 1404/417/2049 1400/413/2045
f 1400/413/2045 1404/417/2049 1405/418/2050
f 1400/413/2045 1405/418/2050 1401/414/2046
f 1401/414/2046 1405/418/2050 1406/419/2051
f 1402/415/2047 1407/420/2052 1403/416/2048
f 1403/416/2048 1407/420/2052 1408/421/2053
f 1403/416/2048 1408/421/2053 1404/417/2049
f 1404/417/2049 1408/421/2053 1409/422/2054
f 1404/417/2049 1409/422/2054 1405/418/2050
f 1405/418/2050 1409/422/2054 1410/423/2055
f 1405/418/2050 1410/423/2055 1406/419/2051
f 1406/419/2051 1410/423/2055 1411/424/2056
f 1407/420/2052 1412/425/2057 1408/421/2053
f 1408/421/2053 1412/425/2057 1413/426/2058
f 1408/421/2053 1413/426/2058 1409/422/2054
f 1409/422/2054 1413/426/2058 1414/427/2059
f 1409/422/2054 1414/427/2059 1410/423/2055
f 1410/423/2055 1414/427/2059 1415/428/2060
f 1410/423/2055 1415/428/2060 1411/424/2056
f 1411/424/2056 1415/428/2060 1416/429/2061
f 1412/425/2057 1417/430/2062 1413/426/2058
f 1413/426/2058 1417/430/2062 1414/427/2059
f 1414/427/2059 1417/430/2062 1415/428/2060
f 1415/428/2060 1417/430/2062 1416/429/2061
f 1418/369/2063 1423/383/2064 1419/384/2065
f 1419/384/2065 1423/383/2064 1424/385/2066
f 1419/384/2065 1424/385/2066 1420/386/2067
f 1420/386/2067 1424/385/2066 1425/387/2068
f 1420/386/2067 1425/387/2068 1421/388/2069
f 1421/388/2069 1425/387/2068 1426/389/2070
f 1421/388/2069 1426/389/2070 1422/4/2071
f 1422/4/2071 1426/389/2070 1427/390/2072
f 1423/383/2064 1428/391/2073 1424/385/2066
f 1424/385/2066 1428/391/2073 1429/392/2074
f 1424/385/2066 1429/392/2074 1425/387/2068
f 1425/387/2068 1429/392/2074 1430/393/2075
f 1425/387/2068 1430/393/2075 1426/389/2070
f 1426/389/2070 1430/393/2075 1431/394/2076
f 1426/389/2070 1431/394/2076 1427/390/2072
f 1427/390/2072 1431/394/2076 1432/395/2077
f 1428/391/2073 1433/396/2078 1429/392/2074
f 1429/392/2074 1433/396/2078 1434/397/2079
f 1429/392/2074 1434/397/2079 1430/393/2075
f 1430/393/2075 1434/397/2079 1435/398/2080
f 1430/393/2075 1435/398/2080 1431/394/2076
f 1431/394/2076 1435/398/2080 1436/399/2081
f 1431/394/2076 1436/399/2081 1432/395/2077
f 1432/395/2077 1436/399/2081 1437/400/2082
f 1433/396/2078 1438/401/2083 1434/397/2079
f 1434/397/2079 1438/401/2083 1439/402/2084
f 1434/397/2079 1439/402/2084 1435/398/2080
f 1435/398/2080 1439/402/2084 1440/403/2085
f 1435/398/2080 1440/403/2085 1436/399/2081
f 1436/399/2081 1440/403/2085 1441/404/2086
f 1436/399/2081 1441/404/2086 1437/400/2082
f 1437/400/2082 1441/404/2086 1442/405/2087
f 1438/401/2083 1443/406/2088 1439/402/2084
f 1439/402/2084 1443/406/2088 1444/407/2089
f 1439/402/2084 1444/407/2089 1440/403/2085
f 1440/403/2085 1444/407/2089 1445/408/2090
f 1440/403/2085 1445/408/2090 1441/404/2086
f 1441/404/2086 1445/408/2090 1446/409/2091
f 1441/404/2086 1446/409/2091 1442/405/2087
f 1442/405/2087 1446/409/2091 1447/19/2092
f 1443/406/2088 1448/410/2093 1444/407/2089
f 1444/407/2089 1448/410/2093 1449/411/2094
f 1444/407/2089 1449/411/2094 1445/408/2090
f 1445/408/2090 1449/411/2094 1450/412/2095
f 1445/408/2090 1450/412/2095 1446/409/2091
f 1446/409/2091 1450/412/2095 1451/413/2096
f 1446/409/2091 1451/413/2096 1447/19/2092
f 1447/19/2092 1451/413/2096 1452/414/2097
f 1448/410/2093 1453/415/2098 1449/411/2094
f 1449/411/2094 1453/415/2098 1454/416/2099
f 1449/411/2094 1454/416/2099 1450/412/2095
f 1450/412/2095 1454/416/2099 1455/417/2100
f 1450/412/2095 1455/417/2100 1451/413/2096
f 1451/413/2096 1455/417/2100 1456/418/2101
f 1451/413/2096 1456/418/2101 1452/414/2097
f 1452/414/2097 1456/418/2101 1457/419/2102
f 1453/415/2098 1458/420/2103 1454/416/2099
f 1454/416/2099 1458/420/2103 1459/421/2104
f 1454/416/2099 1459/421/2104 1455/417/2100
f 1455/417/2100 1459/421/2104 1460/422/2105
f 1455/417/2100 1460/422/2105 1456/418/2101
f 1456/418/2101 1460/422/2105 1461/423/2106
f 1456/418/2101 1461/423/2106 1457/419/2102
f 1457/419/2102 1461/423/2106 1462/424/2107
f 1458/420/2103 1463/425/2108 1459/421/2104
f 1459/421/2104 1463/425/2108 1464/426/2109
f 1459/421/2104 1464/426/2109 1460/422/2105
f 1460/422/2105 1464/426/2109 1465/427/2110
f 1460/422/2105 1465/427/2110 1461/423/2106
f 1461/423/2106 1465/427/2110 1466/428/2111
f 1461/423/2106 1466/428/2111 1462/424/2107
f 1462/424/2107 1466/428/2111 1467/429/2112
f 1463/425/2108 1468/430/2113 1464/426/2109
f 1464/426/2109 1468/430/2113 1465/427/2110
f 1465/427/2110 1468/430/2113 1466/428/2111
f 1466/428/2111 1468/430/2113 1467/429/2112
f 1469/369/2114 1474/383/2115 1470/384/2116
f 1470/384/2116 1474/383/2115 1475/385/2117
f 1470/384/2116 1475/385/2117 1471/386/2118
f 1471/386/2118 1475/385/2117 1476/387/2119
f 1471/386/2118 1476/387/2119 1472/388/2120
f 1472/388/2120 1476/387/2119 1477/389/2121
f 1472/388/2120 1477/389/2121 1473/4/2122
f 1473/4/2122 1477/389/2121 1478/390/2123
f 1474/383/2115 1479/391/2124 1475/385/2117
f 1475/385/2117 1479/391/2124 1480/392/2125
f 1475/385/2117 1480/392/2125 1476/387/2119
f 1476/387/2119 1480/392/2125 1481/393/2126
f 1476/387/2119 1481/393/2126 1477/389/2121
f 1477/389/2121 1481/393/2126 1482/394/2127
f 1477/389/2121 1482/394/2127 1478/390/2123
f 1478/390/2123 1482/394/2127 1483/395/2128
f 1479/391/2124 1484/396/2129 1480/392/2125
f 1480/392/2125 1484/396/2129 1485/397/2130
f 1480/392/2125 1485/397/2130 1481/393/2126
f 1481/393/2126 1485/397/2130 1486/398/2131
f 1481/393/2126 1486/398/2131 1482/394/2127
f 1482/394/2127 1486/398/2131 1487/399/2132
f 1482/394/2127 1487/399/2132 1483/395/2128
f 1483/395/2128 1487/399/2132 1488/400/2133
f 1484/396/2129 1489/401/2134 1485/397/2130
f 1485/397/2130 1489/401/2134 1490/402/2135
f 1485/397/2130 1490/402/2135 1486/398/2131
f 1486/398/2131 1490/402/2135 1491/403/2136
f 1486/398/2131 1491/403/2136 1487/399/2132
f 1487/399/2132 1491/403/2136 1492/404/2137
f 1487/399/2132 1492/404/2137 1488/400/2133
f 1488/400/2133 1492/404/2137 1493/405/2138
f 1489/401/2134 1494/406/2139 1490/402/2135
f 1490/402/2135 1494/406/2139 1495/407/2140
f 1490/402/2135 1495/407/2140 1491/403/2136
f 1491/403/2136 1495/407/2140 1496/408/2141
f 1491/403/2136 1496/408/2141 1492/404/2137
f 1492/404/2137 1496/408/2141 1497/409/2142
f 1492/404/2137 1497/409/2142 1493/405/2138
f 1493/405/2138 1497/409/2142 1498/19/2143
f 1494/406/2139 1499/410/2144 1495/407/2140
f 1495/407/2140 1499/410/2144 1500/411/2145
f 1495/407/2140 1500/411/2145 1496/408/2141
f 1496/408/2141 1500/411/2145 1501/412/2146
f 1496/408/2141 1501/412/2146 1497/409/2142
f 1497/409/2142 1501/412/2146 1502/413/2147
f 1497/409/2142 1502/413/2147 1498/19/2143
f 1498/19/2143 1502/413/2147 1503/414/2148
f 1499/410/2144 1504/415/2149 1500/411/2145
f 1500/411/2145 1504/415/2149 1505/416/2150
f 1500/411/2145 1505/416/2150 1501/412/2146
f 1501/412/2146 1505/416/2150 1506/417/2151
f 1501/412/2146 1506/417/2151 1502/413/2147
f 1502/413/2147 1506/417/2151 1507/418/2152
f 1502/413/2147 1507/418/2152 1503/414/2148
f 1503/414/2148 1507/418/2152 1508/419/2153
f 1504/415/2149 1509/420/2154 1505/416/2150
f 1505/416/2150 1509/420/2154 1510/421/2155
f 1505/416/2150 1510/421/2155 1506/417/2151
f 1506/417/2151 1510/421/2155 1511/422/2156
f 1506/417/2151 1511/422/2156 1507/418/2152
f 1507/418/2152 1511/422/2156 1512/423/2157
f 1507/418/2152 1512/423/2157 1508/419/2153
f 1508/419/2153 1512/423/2157 1513/424/2158
f 1509/420/2154 1514/425/2159 1510/421/2155
f 1510/421/2155 1514/425/2159 1515/426/2160
f 1510/421/2155 1515/426/2160 1511/422/2156
f 1511/422/2156 1515/426/2160 1516/427/2161
f 1511/422/2156 1516/427/2161 1512/423/2157
f 1512/423/2157 1516/427/2161 1517/428/2162
f 1512/423/2157 1517/428/2162 1513/424/2158
f 1513/424/2158 1517/428/2162 1518/429/2163
f 1514/425/2159 1519/430/2164 1515/426/2160
f 1515/426/2160 1519/430/2164 1516/427/2161
f 1516/427/2161 1519/430/2164 1517/428/2162
f 1517/428/2162 1519/430/2164 1518/429/2163
f 1520/369/2165 1525/383/2166 1521/384/2167
f 1521/384/2167 1525/383/2166 1526/385/2168
f 1521/384/2167 1526/385/2168 1522/386/2169
f 1522/386/2169 1526/385/2168 1527/387/2170
f 1522/386/2169 1527/387/2170 1523/388/2171
f 1523/388/2171 1527/387/2170 1528/389/2172
f 1523/388/2171 1528/389/2172 1524/4/2173
f 1524/4/2173 1528/389/2172 1529/390/2174
f 1525/383/2166 1530/391/2175 1526/385/2168
f 1526/385/2168 1530/391/2175 1531/392/2176
f 1526/385/2168 1531/392/2176 1527/387/2170
f 1527/387/2170 1531/392/2176 1532/393/2177
f 1527/387/2170 1532/393/2177 1528/389/2172
f 1528/389/2172 1532/393/2177 1533/394/2178
f 1528/389/2172 1533/394/2178 1529/390/2174
f 1529/390/2174 1533/394/2178 1534/395/2179
f 1530/391/2175 1535/396/2180 1531/392/2176
f 1531/392/2176 1535/396/2180 1536/397/2181
f 1531/392/2176 1536/397/2181 1532/393/2177
f 1532/393/2177 1536/397/2181 1537/398/2182
f 1532/393/2177 1537/398/2182 1533/394/2178
f 1533/394/2178 1537/398/2182 1538/399/2183
f 1533/394/2178 1538/399/2183 1534/395/2179
f 1534/395/2179 1538/399/2183 1539/400/2184
f 1535/396/2180 1540/401/2185 1536/397/2181
f 1536/397/2181 1540/401/2185 1541/402/2186
f 1536/397/2181 1541/402/2186 1537/398/2182
f 1537/398/2182 1541/402/2186 1542/403/2187
f 1537/398/2182 1542/403/2187 1538/399/2183
f 1538/399/2183 1542/403/2187 1543/404/2188
f 1538/399/2183 1543/404/2188 1539/400/2184
f 1539/400/2184 1543/404/2188 1544/405/2189
f 1540/401/2185 1545/406/2190 1541/402/2186
f 1541/402/2186 1545/406/2190 1546/407/2191
f 1541/402/2186 1546/407/2191 1542/403/2187
f 1542/403/2187 1546/407/2191 1547/408/2192
f 1542/403/2187 1547/408/2192 1543/404/2188
f 1543/404/2188 1547/408/2192 1548/409/2193
f 1543/404/2188 1548/409/2193 1544/405/2189
f 1544/405/2189 1548/409/2193 1549/19/2194
f 1545/406/2190 1550/410/2195 1546/407/2191
f 1546/407/2191 1550/410/2195 1551/411/2196
f 1546/407/2191 1551/411/2196 1547/408/2192
f 1547/408/2192 1551/411/2196 1552/412/2197
f 1547/408/2192 1552/412/2197 1548/409/2193
f 1548/409/2193 1552/412/2197 1553/413/2198
f 1548/409/2193 1553/413/2198 1549/19/2194
f 1549/19/2194 1553/413/2198 1554/414/2199
f 1550/410/2195 1555/415/2200 1551/411/2196
f 1551/411/2196 1555/415/2200 1556/416/2201
f 1551/411/2196 1556/416/2201 1552/412/2197
f 1552/412/2197 1556/416/2201 1557/417/2202
f 1552/412/2197 1557/417/2202 1553/413/2198
f 1553/413/2198 1557/417/2202 1558/418/2203
f 1553/413/2198 1558/418/2203 1554/414/2199
f 1554/414/2199 1558/418/2203 1559/419/2204
f 1555/415/2200 1560/420/2205 1556/416/2201
f 1556/416/2201 1560/420/2205 1561/421/2206
f 1556/416/2201 1561/421/2206 1557/417/2202
f 1557/417/2202 1561/421/2206 1562/422/2207
f 1557/417/2202 1562/422/2207 1558/418/2203
f 1558/418/2203 1562/422/2207 1563/423/2208
f 1558/418/2203 1563/423/2208 1559/419/2204
f 1559/419/2204 1563/423/2208 1564/424/2209
f 1560/420/2205 1565/425/2210 1561/421/2206
f 1561/421/2206 1565/425/2210 1566/426/2211
f 1561/421/2206 1566/426/2211 1562/422/2207
f 1562/422/2207 1566/426/2211 1567/427/2212
f 1562/422/2207 1567/427/2212 1563/423/2208
f 1563/423/2208 1567/427/2212 1568/428/2213
f 1563/423/2208 1568/428/2213 1564/424/2209
f 1564/424/2209 1568/428/2213 1569/429/2214
f 1565/425/2210 1570/430/2215 1566/426/2211
f 1566/426/2211 1570/430/2215 1567/427/2212
f 1567/427/2212 1570/430/2215 1568/428/2213
f 1568/428/2213 1570/430/2215 1569/429/2214
f 1571/369/2216 1576/383/2217 1572/384/2218
f 1572/384/2218 1576/383/2217 1577/385/2219
f 1572/384/2218 1577/385/2219 1573/386/2220
f 1573/386/2220 1577/385/2219 1578/387/2221
f 1573/386/2220 1578/387/2221 1574/388/2222
f 1574/388/2222 1578/387/2221 1579/389/2223
f 1574/388/2222 1579/389/2223 1575/4/2224
f 1575/4/2224 1579/389/2223 1580/390/2225
f 1576/383/2217 1581/391/2226 1577/385/2219
f 1577/385/2219 1581/391/2226 1582/392/2227
f 1577/385/2219 1582/392/2227 1578/387/2221
f 1578/387/2221 1582/392/2227 1583/393/2228
f 1578/387/2221 1583/393/2228 1579/389/2223
f 1579/389/2223 1583/393/2228 1584/394/2229
f 1579/389/2223 1584/394/2229 1580/390/2225
f 1580/390/2225 1584/394/2229 1585/395/2230
f 1581/391/2226 1586/396/2231 1582/392/2227
f 1582/392/2227 1586/396/2231 1587/397/2232
f 1582/392/2227 1587/397/2232 1583/393/2228
f 1583/393/2228 1587/397/2232 1588/398/2233
f 1583/393/2228 1588/398/2233 1584/394/2229
f 1584/394/2229 1588/398/2233 1589/399/2234
f 1584/394/2229 1589/399/2234 1585/395/2230
f 1585/395/2230 1589/399/2234 1590/400/2235
f 1586/396/2231 1591/401/2236 1587/397/2232
f 1587/397/2232 1591/401/2236 1592/402/2237
f 1587/397/2232 1592/402/2237 1588/398/2233
f 1588/398/2233 1592/402/2237 1593/403/2238
f 1588/398/2233 1593/403/2238 1589/399/2234
f 1589/399/2234 1593/403/2238 1594/404/2239
f 1589/399/2234 1594/404/2239 1590/400/2235
f 1590/400/2235 1594/404/2239 1595/405/2240
f 1591/401/2236 1596/406/2241 1592/402/2237
f 1592/402/2237 1596/406/2241 1597/407/2242
f 1592/402/2237 1597/407/2242 1593/403/2238
f 1593/403/2238 1597/407/2242 1598/408/2243
f 1593/403/2238 1598/408/2243 1594/404/2239
f 1594/404/2239 1598/408/2243 1599/409/2244
f 1594/404/2239 1599/409/2244 1595/405/2240
f 1595/405/2240 1599/409/2244 1600/19/2245
f 1596/406/2241 1601/410/2246 1597/407/2242
f 1597/407/2242 1601/410/2246 1602/411/2247
f 1597/407/2242 1602/411/2247 1598/408/2243
f 1598/408/2243 1602/411/2247 1603/412/2248
f 1598/408/2243 1603/412/2248 1599/409/2244
f 1599/409/2244 1603/412/2248 1604/413/2249
f 1599/409/2244 1604/413/2249 1600/19/2245
f 1600/19/2245 1604/413/2249 1605/414/2250
f 1601/410/2246 1606/415/2251 1602/411/2247
f 1602/411/2247 1606/415/2251 1607/416/2252
f 1602/411/2247 1607/416/2252 1603/412/2248
f 1603/412/2248 1607/416/2252 1608/417/2253
f 1603/412/2248 1608/417/2253 1604/413/2249
f 1604/413/2249 1608/417/2253 1609/418/2254
f 1604/413/2249 1609/418/2254 1605/414/2250
f 1605/414/2250 1609/418/2254 1610/419/2255
f 1606/415/2251 1611/420/2256 1607/416/2252
f 1607/416/2252 1611/420/2256 1612/421/2257
f 1607/416/2252 1612/421/2257 1608/417/2253
f 1608/417/2253 1612/421/2257 1613/422/2258
f 1608/417/2253 1613/422/2258 1609/418/2254
f 1609/418/2254 1613/422/2258 1614/423/2259
f 1609/418/2254 1614/423/2259 1610/419/2255
f 1610/419/2255 1614/423/2259 1615/424/2260
f 1611/420/2256 1616/425/2261 1612/421/2257
f 1612/421/2257 1616/425/2261 1617/426/2262
f 1612/421/2257 1617/426/2262 1613/422/2258
f 1613/422/2258 1617/426/2262 1618/427/2263
f 1613/422/2258 1618/427/2263 1614/423/2259
f 1614/423/2259 1618/427/2263 1619/428/2264
f 1614/423/2259 1619/428/2264 1615/424/2260
f 1615/424/2260 1619/428/2264 1620/429/2265
f 1616/425/2261 1621/430/2266 1617/426/2262
f 1617/426/2262 1621/430/2266 1618/427/2263
f 1618/427/2263 1621/430/2266 1619/428/2264
f 1619/428/2264 1621/430/2266 1620/429/2265
f 2096/369/2267 2101/383/2268 2097/384/2269
f 2097/384/2269 2101/383/2268 2102/385/2270
f 2097/384/2269 2102/385/2270 2098/386/2271
f 2098/386/2271 2102/385/2270 2103/387/2272
f 2098/386/2271 2103/387/2272 2099/388/2273
f 2099/388/2273 2103/387/2272 2104/389/2274
f 2099/388/2273 2104/389/2274 2100/4/2275
f 2100/4/2275 2104/389/2274 2105/390/2276
f 2101/383/2268 2106/391/2277 2102/385/2270
f 2102/385/2270 2106/391/2277 2107/392/2278
f 2102/385/2270 2107/392/2278 2103/387/2272
f 2103/387/2272 2107/392/2278 2108/393/2279
f 2103/387/2272 2108/393/2279 2104/389/2274
f 2104/389/2274 2108/393/2279 2109/394/2280
f 2104/389/2274 2109/394/2280 2105/390/2276
f 2105/390/2276 2109/394/2280 2110/395/2281
f 2106/391/2277 2111/396/2282 2107/392/2278
f 2107/392/2278 2111/396/2282 2112/397/2283
f 2107/392/2278 2112/397/2283 2108/393/2279
f 2108/393/2279 2112/397/2283 2113/398/2284
f 2108/393/2279 2113/398/2284 2109/394/2280
f 2109/394/2280 2113/398/2284 2114/399/2285
f 2109/394/2280 2114/399/2285 2110/395/2281
f 2110/395/2281 2114/399/2285 2115/400/2286
f 2111/396/2282 2116/401/2287 2112/397/2283
f 2112/397/2283 2116/401/2287 2117/402/2288
f 2112/397/2283 2117/402/2288 2113/398/2284
f 2113/398/2284 2117/402/2288 2118/403/2289
f 2113/398/2284 2118/403/2289 2114/399/2285
f 2114/399/2285 2118/403/2289 2119/404/2290
f 2114/399/2285 2119/404/2290 2115/400/2286
f 2115/400/2286 2119/404/2290 2120/405/2291
f 2116/401/2287 2121/406/2292 2117/402/2288
f 2117/402/2288 2121/406/2292 2122/407/2293
f 2117/402/2288 2122/407/2293 2118/403/2289
f 2118/403/2289 2122/407/2293 2123/408/2294
f 2118/403/2289 2123/408/2294 2119/404/2290
f 2119/404/2290 2123/408/2294 2124/409/2295
f 2119/404/2290 2124/409/2295 2120/405/2291
f 2120/405/2291 2124/409/2295 2125/19/2296
f 2121/406/2292 2126/410/2297 2122/407/2293
f 2122/407/2293 2126/410/2297 2127/411/2298
f 2122/407/2293 2127/411/2298 2123/408/2294
f 2123/408/2294 2127/411/2298 2128/412/2299
f 2123/408/2294 2128/412/2299 2124/409/2295
f 2124/409/2295 2128/412/2299 2129/413/2300
f 2124/409/2295 2129/413/2300 2125/19/2296
f 2125/19/2296 2129/413/2300 2130/414/2301
f 2126/410/2297 2131/415/2302 2127/411/2298
f 2127/411/2298 2131/415/2302 2132/416/2303
f 2127/411/2298 2132/416/2303 2128/412/2299
f 2128/412/2299 2132/416/2303 2133/417/2304
f 2128/412/2299 2133/417/2304 2129/413/2300
f 2129/413/2300 2133/417/2304 2134/418/2305
f 2129/413/2300 2134/418/2305 2130/414/2301
f 2130/414/2301 2134/418/2305 2135/419/2306
f 2131/415/2302 2136/420/2307 2132/416/2303
f 2132/416/2303 2136/420/2307 2137/421/2308
f 2132/416/2303 2137/421/2308 2133/417/2304
f 2133/417/2304 2137/421/2308 2138/422/2309
f 2133/417/2304 2138/422/2309 2134/418/2305
f 2134/418/2305 2138/422/2309 2139/423/2310
f 2134/418/2305 2139/423/2310 2135/419/2306
f 2135/419/2306 2139/423/2310 2140/424/2311
f 2136/420/2307 2141/425/2312 2137/421/2308
f 2137/421/2308 2141/425/2312 2142/426/2313
f 2137/421/2308 2142/426/2313 2138/422/2309
f 2138/422/2309 2142/426/2313 2143/427/2314
f 2138/422/2309 2143/427/2314 2139/423/2310
f 2139/423/2310 2143/427/2314 2144/428/2315
f 2139/423/2310 2144/428/2315 2140/424/2311
f 2140/424/2311 2144/428/2315 2145/429/2316
f 2141/425/2312 2146/430/2317 2142/426/2313
f 2142/426/2313 2146/430/2317 2143/427/2314
f 2143/427/2314 2146/430/2317 2144/428/2315
f 2144/428/2315 2146/430/2317 2145/429/2316
f 2147/369/2318 2152/383/2319 2148/384/2320
f 2148/384/2320 2152/383/2319 2153/385/2321
f 2148/384/2320 2153/385/2321 2149/386/2322
f 2149/386/2322 2153/385/2321 2154/387/2323
f 2149/386/2322 2154/387/2323 2150/388/2324
f 2150/388/2324 2154/387/2323 2155/389/2325
f 2150/388/2324 2155/389/2325 2151/4/2326
f 2151/4/2326 2155/389/2325 2156/390/2327
f 2152/383/2319 2157/391/2328 2153/385/2321
f 2153/385/2321 2157/391/2328 2158/392/2329
f 2153/385/2321 2158/392/2329 2154/387/2323
f 2154/387/2323 2158/392/2329 2159/393/2330
f 2154/387/2323 2159/393/2330 2155/389/2325
f 2155/389/2325 2159/393/2330 2160/394/2331
f 2155/389/2325 2160/394/2331 2156/390/2327
f 2156/390/2327 2160/394/2331 2161/395/2332
f 2157/391/2328 2162/396/2333 2158/392/2329
f 2158/392/2329 2162/396/2333 2163/397/2334
f 2158/392/2329 2163/397/2334 2159/393/2330
f 2159/393/2330 2163/397/2334 2164/398/2335
f 2159/393/2330 2164/398/2335 2160/394/2331
f 2160/394/2331 2164/398/2335 2165/399/2336
f 2160/394/2331 2165/399/2336 2161/395/2332
f 2161/395/2332 2165/399/2336 2166/400/2337
f 2162/396/2333 2167/401/2338 2163/397/2334
f 2163/397/2334 2167/401/2338 2168/402/2339
f 2163/397/2334 2168/402/2339 2164/398/2335
f 2164/398/2335 2168/402/2339 2169/403/2340
f 2164/398/2335 2169/403/2340 2165/399/2336
f 2165/399/2336 2169/403/2340 2170/404/2341
f 2165/399/2336 2170/404/2341 2166/400/2337
f 2166/400/2337 2170/404/2341 2171/405/2342
f 2167/401/2338 2172/406/2343 2168/402/2339
f 2168/402/2339 2172/406/2343 2173/407/2344
f 2168/402/2339 2173/407/2344 2169/403/2340
f 2169/403/2340 2173/407/2344 2174/408/2345
f 2169/403/2340 2174/408/2345 2170/404/2341
f 2170/404/2341 2174/408/2345 2175/409/2346
f 2170/404/2341 2175/409/2346 2171/405/2342
f 2171/405/2342 2175/409/2346 2176/19/2347
f 2172/406/2343 2177/410/2348 2173/407/2344
f 2173/407/2344 2177/410/2348 2178/411/2349
f 2173/407/2344 2178/411/2349 2174/408/2345
f 2174/408/2345 2178/411/2349 2179/412/2350
f 2174/408/2345 2179/412/2350 2175/409/2346
f 2175/409/2346 2179/412/2350 2180/413/2351
f 2175/409/2346 2180/413/2351 2176/19/2347
f 2176/19/2347 2180/413/2351 2181/414/2352
f 2177/410/2348 2182/415/2353 2178/411/2349
f 2178/411/2349 2182/415/2353 2183/416/2354
f 2178/411/2349 2183/416/2354 2179/412/2350
f 2179/412/2350 2183/416/2354 2184/417/2355
f 2179/412/2350 2184/417/2355 2180/413/2351
f 2180/413/2351 2184/417/2355 2185/418/2356
f 2180/413/2351 2185/418/2356 2181/414/2352
f 2181/414/2352 2185/418/2356 2186/419/2357
f 2182/415/2353 2187/420/2358 2183/416/2354
f 2183/416/2354 2187/420/2358 2188/421/2359
f 2183/416/2354 2188/421/2359 2184/417/2355
f 2184/417/2355 2188/421/2359 2189/422/2360
f 2184/417/2355 2189/422/2360 2185/418/2356
f 2185/418/2356 2189/422/2360 2190/423/2361
f 2185/418/2356 2190/423/2361 2186/419/2357
f 2186/419/2357 2190/423/2361 2191/424/2362
f 2187/420/2358 2192/425/2363 2188/421/2359
f 2188/421/2359 2192/425/2363 2193/426/2364
f 2188/421/2359 2193/426/2364 2189/422/2360
f 2189/422/2360 2193/426/2364 2194/427/2365
f 2189/422/2360 2194/427/2365 2190/423/2361
f 2190/423/2361 2194/427/2365 2195/428/2366
f 2190/423/2361 2195/428/2366 2191/424/2362
f 2191/424/2362 2195/428/2366 2196/429/2367
f 2192/425/2363 2197/430/2368 2193/426/2364
f 2193/426/2364 2197/430/2368 2194/427/2365
f 2194/427/2365 2197/430/2368 2195/428/2366
f 2195/428/2366 2197/430/2368 2196/429/2367
f 2198/369/2369 2203/383/2370 2199/384/2371
f 2199/384/2371 2203/383/2370 2204/385/2372
f 2199/384/2371 2204/385/2372 2200/386/2373
f 2200/386/2373 2204/385/2372 2205/387/2374
f 2200/386/2373 2205/387/2374 2201/388/2375
f 2201/388/2375 2205/387/2374 2206/389/2376
f 2201/388/2375 2206/389/2376 2202/4/2377
f 2202/4/2377 2206/389/2376 2207/390/2378
f 2203/383/2370 2208/391/2379 2204/385/2372
f 2204/385/2372 2208/391/2379 2209/392/2380
f 2204/385/2372 2209/392/2380 2205/387/2374
f 2205/387/2374 2209/392/2380 2210/393/2381
f 2205/387/2374 2210/393/2381 2206/389/2376
f 2206/389/2376 2210/393/2381 2211/394/2382
f 2206/389/2376 2211/394/2382 2207/390/2378
f 2207/390/2378 2211/394/2382 2212/395/2383
f 2208/391/2379 2213/396/2384 2209/392/2380
f 2209/392/2380 2213/396/2384 2214/397/2385
f 2209/392/2380 2214/397/2385 2210/393/2381
f 2210/393/2381 2214/397/2385 2215/398/2386
f 2210/393/2381 2215/398/2386 2211/394/2382
f 2211/394/2382 2215/398/2386 2216/399/2387
f 2211/394/2382 2216/399/2387 2212/395/2383
f 2212/395/2383 2216/399/2387 2217/400/2388
f 2213/396/2384 2218/401/2389 2214/397/2385
f 2214/397/2385 2218/401/2389 2219/402/2390
f 2214/397/2385 2219/402/2390 2215/398/2386
f 2215/398/2386 2219/402/2390 2220/403/2391
f 2215/398/2386 2220/403/2391 2216/399/2387
f 2216/399/2387 2220/403/2391 2221/404/2392
f 2216/399/2387 2221/404/2392 2217/400/2388
f 2217/400/2388 2221/404/2392 2222/405/2393
f 2218/401/2389 2223/406/2394 2219/402/2390
f 2219/402/2390 2223/406/2394 2224/407/2395
f 2219/402/2390 2224/407/2395 2220/403/2391
f 2220/403/2391 2224/407/2395 2225/408/2396
f 2220/403/2391 2225/408/2396 2221/404/2392
f 2221/404/2392 2225/408/2396 2226/409/2397
f 2221/404/2392 2226/409/2397 2222/405/2393
f 2222/405/2393 2226/409/2397 2227/19/2398
f 2223/406/2394 2228/410/2399 2224/407/2395
f 2224/407/2395 2228/410/2399 2229/411/2400
f 2224/407/2395 2229/411/2400 2225/408/2396
f 2225/408/2396 2229/411/2400 2230/412/2401
f 2225/408/2396 2230/412/2401 2226/409/2397
f 2226/409/2397 2230/412/2401 2231/413/2402
f 2226/409/2397 2231/413/2402 2227/19/2398
f 2227/19/2398 2231/413/2402 2232/414/2403
f 2228/410/2399 2233/415/2404 2229/411/2400
f 2229/411/2400 2233/415/2404 2234/416/2405
f 2229/411/2400 2234/416/2405 2230/412/2401
f 2230/412/2401 2234/416/2405 2235/417/2406
f 2230/412/2401 2235/417/2406 2231/413/2402
f 2231/413/2402 2235/417/2406 2236/418/2407
f 2231/413/2402 2236/418/2407 2232/414/2403
f 2232/414/2403 2236/418/2407 2237/419/2408
f 2233/415/2404 2238/420/2409 2234/416/2405
f 2234/416/2405 2238/420/2409 2239/421/2410
f 2234/416/2405 2239/421/2410 2235/417/2406
f 2235/417/2406 2239/421/2410 2240/422/2411
f 2235/417/2406 2240/422/2411 2236/418/2407
f 2236/418/2407 2240/422/2411 2241/423/2412
f 2236/418/2407 2241/423/2412 2237/419/2408
f 2237/419/2408 2241/423/2412 2242/424/2413
f 2238/420/2409 2243/425/2414 2239/421/2410
f 2239/421/2410 2243/425/2414 2244/426/2415
f 2239/421/2410 2244/426/2415 2240/422/2411
f 2240/422/2411 2244/426/2415 2245/427/2416
f 2240/422/2411 2245/427/2416 2241/423/2412
f 2241/423/2412 2245/427/2416 2246/428/2417
f 2241/423/2412 2246/428/2417 2242/424/2413
f 2242/424/2413 2246/428/2417 2247/429/2418
f 2243/425/2414 2248/430/2419 2244/426/2415
f 2244/426/2415 2248/430/2419 2245/427/2416
f 2245/427/2416 2248/430/2419 2246/428/2417
f 2246/428/2417 2248/430/2419 2247/429/2418
f 2249/369/2420 2254/383/2421 2250/384/2422
f 2250/384/2422 2254/383/2421 2255/385/2423
f 2250/384/2422 2255/385/2423 2251/386/2424
f 2251/386/2424 2255/385/2423 2256/387/2425
f 2251/386/2424 2256/387/2425 2252/388/2426
f 2252/388/2426 2256/387/2425 2257/389/2427
f 2252/388/2426 2257/389/2427 2253/4/2428
f 2253/4/2428 2257/389/2427 2258/390/2429
f 2254/383/2421 2259/391/2430 2255/385/2423
f 2255/385/2423 2259/391/2430 2260/392/2431
f 2255/385/2423 2260/392/2431 2256/387/2425
f 2256/387/2425 2260/392/2431 2261/393/2432
f 2256/387/2425 2261/393/2432 2257/389/2427
f 2257/389/2427 2261/393/2432 2262/394/2433
f 2257/389/2427 2262/394/2433 2258/390/2429
f 2258/390/2429 2262/394/2433 2263/395/2434
f 2259/391/2430 2264/396/2435 2260/392/2431
f 2260/392/2431 2264/396/2435 2265/397/2436
f 2260/392/2431 2265/397/2436 2261/393/2432
f 2261/393/2432 2265/397/2436 2266/398/2437
f 2261/393/2432 2266/398/2437 2262/394/2433
f 2262/394/2433 2266/398/2437 2267/399/2438
f 2262/394/2433 2267/399/2438 2263/395/2434
f 2263/395/2434 2267/399/2438 2268/400/2439
f 2264/396/2435 2269/401/2440 2265/397/2436
f 2265/397/2436 2269/401/2440 2270/402/2441
f 2265/397/2436 2270/402/2441 2266/398/2437
f 2266/398/2437 2270/402/2441 2271/403/2442
f 2266/398/2437 2271/403/2442 2267/399/2438
f 2267/399/2438 2271/403/2442 2272/404/2443
f 2267/399/2438 2272/404/2443 2268/400/2439
f 2268/400/2439 2272/404/2443 2273/405/2444
f 2269/401/2440 2274/406/2445 2270/402/2441
f 2270/402/2441 2274/406/2445 2275/407/2446
f 2270/402/2441 2275/407/2446 2271/403/2442
f 2271/403/2442 2275/407/2446 2276/408/2447
f 2271/403/2442 2276/408/2447 2272/404/2443
f 2272/404/2443 2276/408/2447 2277/409/2448
f 2272/404/2443 2277/409/2448 2273/405/2444
f 2273/405/2444 2277/409/2448 2278/19/2449
f 2274/406/2445 2279/410/2450 2275/407/2446
f 2275/407/2446 2279/410/2450 2280/411/2451
f 2275/407/2446 2280/411/2451 2276/408/2447
f 2276/408/2447 2280/411/2451 2281/412/2452
f 2276/408/2447 2281/412/2452 2277/409/2448
f 2277/409/2448 2281/412/2452 2282/413/2453
f 2277/409/2448 2282/413/2453 2278/19/2449
f 2278/19/2449 2282/413/2453 2283/414/2454
f 2279/410/2450 2284/415/2455 2280/411/2451
f 2280/411/2451 2284/415/2455 2285/416/2456
f 2280/411/2451 2285/416/2456 2281/412/2452
f 2281/412/2452 2285/416/2456 2286/417/2457
f 2281/412/2452 2286/417/2457 2282/413/2453
f 2282/413/2453 2286/417/2457 2287/418/2458
f 2282/413/2453 2287/418/2458 2283/414/2454
f 2283/414/2454 2287/418/2458 2288/419/2459
f 2284/415/2455 2289/420/2460 2285/416/2456
f 2285/416/2456 2289/420/2460 2290/421/2461
f 2285/416/2456 2290/421/2461 2286/417/2457
f 2286/417/2457 2290/421/2461 2291/422/2462
f 2286/417/2457 2291/422/2462 2287/418/2458
f 2287/418/2458 2291/422/2462 2292/423/2463
f 2287/418/2458 2292/423/2463 2288/419/2459
f 2288/419/2459 2292/423/2463 2293/424/2464
f 2289/420/2460 2294/425/2465 2290/421/2461
f 2290/421/2461 2294/425/2465 2295/426/2466
f 2290/421/2461 2295/426/2466 2291/422/2462
f 2291/422/2462 2295/426/2466 2296/427/2467
f 2291/422/2462 2296/427/2467 2292/423/2463
f 2292/423/2463 2296/427/2467 2297/428/2468
f 2292/423/2463 2297/428/2468 2293/424/2464
f 2293/424/2464 2297/428/2468 2298/429/2469
f 2294/425/2465 2299/430/2470 2295/426/2466
f 2295/426/2466 2299/430/2470 2296/427/2467
f 2296/427/2467 2299/430/2470 2297/428/2468
f 2297/428/2468 2299/430/2470 2298/429/2469
f 2300/369/2471 2305/383/2472 2301/384/2473
f 2301/384/2473 2305/383/2472 2306/385/2474
f 2301/384/2473 2306/385/2474 2302/386/2475
f 2302/386/2475 2306/385/2474 2307/387/2476
f 2302/386/2475 2307/387/2476 2303/388/2477
f 2303/388/2477 2307/387/2476 2308/389/2478
f 2303/388/2477 2308/389/2478 2304/4/2479
f 2304/4/2479 2308/389/2478 2309/390/2480
f 2305/383/2472 2310/391/2481 2306/385/2474
f 2306/385/2474 2310/391/2481 2311/392/2482
f 2306/385/2474 2311/392/2482 2307/387/2476
f 2307/387/2476 2311/392/2482 2312/393/2483
f 2307/387/2476 2312/393/2483 2308/389/2478
f 2308/389/2478 2312/393/2483 2313/394/2484
f 2308/389/2478 2313/394/2484 2309/390/2480
f 2309/390/2480 2313/394/2484 2314/395/2485
f 2310/391/2481 2315/396/2486 2311/392/2482
f 2311/392/2482 2315/396/2486 2316/397/2487
f 2311/392/2482 2316/397/2487 2312/393/2483
f 2312/393/2483 2316/397/2487 2317/398/2488
f 2312/393/2483 2317/398/2488 2313/394/2484
f 2313/394/2484 2317/398/2488 2318/399/2489
f 2313/394/2484 2318/399/2489 2314/395/2485
f 2314/395/2485 2318/399/2489 2319/400/2490
f 2315/396/2486 2320/401/2491 2316/397/2487
f 2316/397/2487 2320/401/2491 2321/402/2492
f 2316/397/2487 2321/402/2492 2317/398/2488
f 2317/398/2488 2321/402/2492 2322/403/2493
f 2317/398/2488 2322/403/2493 2318/399/2489
f 2318/399/2489 2322/403/2493 2323/404/2494
f 2318/399/2489 2323/404/2494 2319/400/2490
f 2319/400/2490 2323/404/2494 2324/405/2495
f 2320/401/2491 2325/406/2496 2321/402/2492
f 2321/402/2492 2325/406/2496 2326/407/2497
f 2321/402/2492 2326/407/2497 2322/403/2493
f 2322/403/2493 2326/407/2497 2327/408/2498
f 2322/403/2493 2327/408/2498 2323/404/2494
f 2323/404/2494 2327/408/2498 2328/409/2499
f 2323/404/2494 2328/409/2499 2324/405/2495
f 2324/405/2495 2328/409/2499 2329/19/2500
f 2325/406/2496 2330/410/2501 2326/407/2497
f 2326/407/2497 2330/410/2501 2331/411/2502
f 2326/407/2497 2331/411/2502 2327/408/2498
f 2327/408/2498 2331/411/2502 2332/412/2503
f 2327/408/2498 2332/412/2503 2328/409/2499
f 2328/409/2499 2332/412/2503 2333/413/2504
f 2328/409/2499 2333/413/2504 2329/19/2500
f 2329/19/2500 2333/413/2504 2334/414/2505
f 2330/410/2501 2335/415/2506 2331/411/2502
f 2331/411/2502 2335/415/2506 2336/416/2507
f 2331/411/2502 2336/416/2507 2332/412/2503
f 2332/412/2503 2336/416/2507 2337/417/2508
f 2332/412/2503 2337/417/2508 2333/413/2504
f 2333/413/2504 2337/417/2508 2338/418/2509
f 2333/413/2504 2338/418/2509 2334/414/2505
f 2334/414/2505 2338/418/2509 2339/419/2510
f 2335/415/2506 2340/420/2511 2336/416/2507
f 2336/416/2507 2340/420/2511 2341/421/2512
f 2336/416/2507 2341/421/2512 2337/417/2508
f 2337/417/2508 2341/421/2512 2342/422/2513
f 2337/417/2508 2342/422/2513 2338/418/2509
f 2338/418/2509 2342/422/2513 2343/423/2514
f 2338/418/2509 2343/423/2514 2339/419/2510
f 2339/419/2510 2343/423/2514 2344/424/2515
f 2340/420/2511 2345/425/2516 2341/421/2512
f 2341/421/2512 2345/425/2516 2346/426/2517
f 2341/421/2512 2346/426/2517 2342/422/2513
f 2342/422/2513 2346/426/2517 2347/427/2518
f 2342/422/2513 2347/427/2518 2343/423/2514
f 2343/423/2514 2347/427/2518 2348/428/2519
f 2343/423/2514 2348/428/2519 2344/424/2515
f 2344/424/2515 2348/428/2519 2349/429/2520
f 2345/425/2516 2350/430/2521 2346/426/2517
f 2346/426/2517 2350/430/2521 2347/427/2518
f 2347/427/2518 2350/430/2521 2348/428/2519
f 2348/428/2519 2350/430/2521 2349/429/2520
f 2351/369/2522 2356/383/2523 2352/384/2524
f 2352/384/2524 2356/383/2523 2357/385/2525
f 2352/384/2524 2357/385/2525 2353/386/2526
f 2353/386/2526 2357/385/2525 2358/387/2527
f 2353/386/2526 2358/387/2527 2354/388/2528
f 2354/388/2528 2358/387/2527 2359/389/2529
f 2354/388/2528 2359/389/2529 2355/4/2530
f 2355/4/2530 2359/389/2529 2360/390/2531
f 2356/383/2523 2361/391/2532 2357/385/2525
f 2357/385/2525 2361/391/2532 2362/392/2533
f 2357/385/2525 2362/392/2533 2358/387/2527
f 2358/387/2527 2362/392/2533 2363/393/2534
f 2358/387/2527 2363/393/2534 2359/389/2529
f 2359/389/2529 2363/393/2534 2364/394/2535
f 2359/389/2529 2364/394/2535 2360/390/2531
f 2360/390/2531 2364/394/2535 2365/395/2536
f 2361/391/2532 2366/396/2537 2362/392/2533
f 2362/392/2533 2366/396/2537 2367/397/2538
f 2362/392/2533 2367/397/2538 2363/393/2534
f 2363/393/2534 2367/397/2538 2368/398/2539
f 2363/393/2534 2368/398/2539 2364/394/2535
f 2364/394/2535 2368/398/2539 2369/399/2540
f 2364/394/2535 2369/399/2540 2365/395/2536
f 2365/395/2536 2369/399/2540 2370/400/2541
f 2366/396/2537 2371/401/2542 2367/397/2538
f 2367/397/2538 2371/401/2542 2372/402/2543
f 2367/397/2538 2372/402/2543 2368/398/2539
f 2368/398/2539 2372/402/2543 2373/403/2544
f 2368/398/2539 2373/403/2544 2369/399/2540
f 2369/399/2540 2373/403/2544 2374/404/2545
f 2369/399/2540 2374/404/2545 2370/400/2541
f 2370/400/2541 2374/404/2545 2375/405/2546
f 2371/401/2542 2376/406/2547 2372/402/2543
f 2372/402/2543 2376/406/2547 2377/407/2548
f 2372/402/2543 2377/407/2548 2373/403/2544
f 2373/403/2544 2377/407/2548 2378/408/2549
f 2373/403/2544 2378/408/2549 2374/404/2545
f 2374/404/2545 2378/408/2549 2379/409/2550
f 2374/404/2545 2379/409/2550 2375/405/2546
f 2375/405/2546 2379/409/2550 2380/19/2551
f 2376/406/2547 2381/410/2552 2377/407/2548
f 2377/407/2548 2381/410/2552 2382/411/2553
f 2377/407/2548 2382/411/2553 2378/408/2549
f 2378/408/2549 2382/411/2553 2383/412/2554
f 2378/408/2549 2383/412/2554 2379/409/2550
f 2379/409/2550 2383/412/2554 2384/413/2555
f 2379/409/2550 2384/413/2555 2380/19/2551
f 2380/19/2551 2384/413/2555 2385/414/2556
f 2381/410/2552 2386/415/2557 2382/411/2553
f 2382/411/2553 2386/415/2557 2387/416/2558
f 2382/411/2553 2387/416/2558 2383/412/2554
f 2383/412/2554 2387/416/2558 2388/417/2559
f 2383/412/2554 2388/417/2559 2384/413/2555
f 2384/413/2555 2388/417/2559 2389/418/2560
f 2384/413/2555 2389/418/2560 2385/414/2556
f 2385/414/2556 2389/418/2560 2390/419/2561
f 2386/415/2557 2391/420/2562 2387/416/2558
f 2387/416/2558 2391/420/2562 2392/421/2563
f 2387/416/2558 2392/421/2563 2388/417/2559
f 2388/417/2559 2392/421/2563 2393/422/2564
f 2388/417/2559 2393/422/2564 2389/418/2560
f 2389/418/2560 2393/422/2564 2394/423/2565
f 2389/418/2560 2394/423/2565 2390/419/2561
f 2390/419/2561 2394/423/2565 2395/424/2566
f 2391/420/2562 2396/425/2567 2392/421/2563
f 2392/421/2563 2396/425/2567 2397/426/2568
f 2392/421/2563 2397/426/2568 2393/422/2564
f 2393/422/2564 2397/426/2568 2398/427/2569
f 2393/422/2564 2398/427/2569 2394/423/2565
f 2394/423/2565 2398/427/2569 2399/428/2570
f 2394/423/2565 2399/428/2570 2395/424/2566
f 2395/424/2566 2399/428/2570 2400/429/2571
f 2396/425/2567 2401/430/2572 2397/426/2568
f 2397/426/2568 2401/430/2572 2398/427/2569
f 2398/427/2569 2401/430/2572 2399/428/2570
f 2399/428/2570 2401/430/2572 2400/429/2571
f 2402/369/2573 2407/383/2574 2403/384/2575
f 2403/384/2575 2407/383/2574 2408/385/2576
f 2403/384/2575 2408/385/2576 2404/386/2577
f 2404/386/2577 2408/385/2576 2409/387/2578
f 2404/386/2577 2409/387/2578 2405/388/2579
f 2405/388/2579 2409/387/2578 2410/389/2580
f 2405/388/2579 2410/389/2580 2406/4/2581
f 2406/4/2581 2410/389/2580 2411/390/2582
f 2407/383/2574 2412/391/2583 2408/385/2576
f 2408/385/2576 2412/391/2583 2413/392/2584
f 2408/385/2576 2413/392/2584 2409/387/2578
f 2409/387/2578 2413/392/2584 2414/393/2585
f 2409/387/2578 2414/393/2585 2410/389/2580
f 2410/389/2580 2414/393/2585 2415/394/2586
f 2410/389/2580 2415/394/2586 2411/390/2582
f 2411/390/2582 2415/394/2586 2416/395/2587
f 2412/391/2583 2417/396/2588 2413/392/2584
f 2413/392/2584 2417/396/2588 2418/397/2589
f 2413/392/2584 2418/397/2589 2414/393/2585
f 2414/393/2585 2418/397/2589 2419/398/2590
f 2414/393/2585 2419/398/2590 2415/394/2586
f 2415/394/2586 2419/398/2590 2420/399/2591
f 2415/394/2586 2420/399/2591 2416/395/2587
f 2416/395/2587 2420/399/2591 2421/400/2592
f 2417/396/2588 2422/401/2593 2418/397/2589
f 2418/397/2589 2422/401/2593 2423/402/2594
f 2418/397/2589 2423/402/2594 2419/398/2590
f 2419/398/2590 2423/402/2594 2424/403/2595
f 2419/398/2590 2424/403/2595 2420/399/2591
f 2420/399/2591 2424/403/2595 2425/404/2596
f 2420/399/2591 2425/404/2596 2421/400/2592
f 2421/400/2592 2425/404/2596 2426/405/2597
f 2422/401/2593 2427/406/2598 2423/402/2594
f 2423/402/2594 2427/406/2598 2428/407/2599
f 2423/402/2594 2428/407/2599 2424/403/2595
f 2424/403/2595 2428/407/2599 2429/408/2600
f 2424/403/2595 2429/408/2600 2425/404/2596
f 2425/404/2596 2429/408/2600 2430/409/2601
f 2425/404/2596 2430/409/2601 2426/405/2597
f 2426/405/2597 2430/409/2601 2431/19/2602
f 2427/406/2598 2432/410/2603 2428/407/2599
f 2428/407/2599 2432/410/2603 2433/411/2604
f 2428/407/2599 2433/411/2604 2429/408/2600
f 2429/408/2600 2433/411/2604 2434/412/2605
f 2429/408/2600 2434/412/2605 2430/409/2601
f 2430/409/2601 2434/412/2605 2435/413/2606
f 2430/409/2601 2435/413/2606 2431/19/2602
f 2431/19/2602 2435/413/2606 2436/414/2607
f 2432/410/2603 2437/415/2608 2433/411/2604
f 2433/411/2604 2437/415/2608 2438/416/2609
f 2433/411/2604 2438/416/2609 2434/412/2605
f 2434/412/2605 2438/416/2609 2439/417/2610
f 2434/412/2605 2439/417/2610 2435/413/2606
f 2435/413/2606 2439/417/2610 2440/418/2611
f 2435/413/2606 2440/418/2611 2436/414/2607
f 2436/414/2607 2440/418/2611 2441/419/2612
f 2437/415/2608 2442/420/2613 2438/416/2609
f 2438/416/2609 2442/420/2613 2443/421/2614
f 2438/416/2609 2443/421/2614 2439/417/2610
f 2439/417/2610 2443/421/2614 2444/422/2615
f 2439/417/2610 2444/422/2615 2440/418/2611
f 2440/418/2611 2444/422/2615 2445/423/2616
f 2440/418/2611 2445/423/2616 2441/419/2612
f 2441/419/2612 2445/423/2616 2446/424/2617
f 2442/420/2613 2447/425/2618 2443/421/2614
f 2443/421/2614 2447/425/2618 2448/426/2619
f 2443/421/2614 2448/426/2619 2444/422/2615
f 2444/422/2615 2448/426/2619 2449/427/2620
f 2444/422/2615 2449/427/2620 2445/423/2616
f 2445/423/2616 2449/427/2620 2450/428/2621
f 2445/423/2616 2450/428/2621 2446/424/2617
f 2446/424/2617 2450/428/2621 2451/429/2622
f 2447/425/2618 2452/430/2623 2448/426/2619
f 2448/426/2619 2452/430/2623 2449/427/2620
f 2449/427/2620 2452/430/2623 2450/428/2621
f 2450/428/2621 2452/430/2623 2451/429/2622
f 2453/369/2624 2458/383/2625 2454/384/2626
f 2454/384/2626 2458/383/2625 2459/385/2627
f 2454/384/2626 2459/385/2627 2455/386/2628
f 2455/386/2628 2459/385/2627 2460/387/2629
f 2455/386/2628 2460/387/2629 2456/388/2630
f 2456/388/2630 2460/387/2629 2461/389/2631
f 2456/388/2630 2461/389/2631 2457/4/2632
f 2457/4/2632 2461/389/2631 2462/390/2633
f 2458/383/2625 2463/391/2634 2459/385/2627
f 2459/385/2627 2463/391/2634 2464/392/2635
f 2459/385/2627 2464/392/2635 2460/387/2629
f 2460/387/2629 2464/392/2635 2465/393/2636
f 2460/387/2629 2465/393/2636 2461/389/2631
f 2461/389/2631 2465/393/2636 2466/394/2637
f 2461/389/2631 2466/394/2637 2462/390/2633
f 2462/390/2633 2466/394/2637 2467/395/2638
f 2463/391/2634 2468/396/2639 2464/392/2635
f 2464/392/2635 2468/396/2639 2469/397/2640
f 2464/392/2635 2469/397/2640 2465/393/2636
f 2465/393/2636 2469/397/2640 2470/398/2641
f 2465/393/2636 2470/398/2641 2466/394/2637
f 2466/394/2637 2470/398/2641 2471/399/2642
f 2466/394/2637 2471/399/2642 2467/395/2638
f 2467/395/2638 2471/399/2642 2472/400/2643
f 2468/396/2639 2473/401/2644 2469/397/2640
f 2469/397/2640 2473/401/2644 2474/402/2645
f 2469/397/2640 2474/402/2645 2470/398/2641
f 2470/398/2641 2474/402/2645 2475/403/2646
f 2470/398/2641 2475/403/2646 2471/399/2642
f 2471/399/2642 2475/403/2646 2476/404/2647
f 2471/399/2642 2476/404/2647 2472/400/2643
f 2472/400/2643 2476/404/2647 2477/405/2648
f 2473/401/2644 2478/406/2649 2474/402/2645
f 2474/402/2645 2478/406/2649 2479/407/2650
f 2474/402/2645 2479/407/2650 2475/403/2646
f 2475/403/2646 2479/407/2650 2480/408/2651
f 2475/403/2646 2480/408/2651 2476/404/2647
f 2476/404/2647 2480/408/2651 2481/409/2652
f 2476/404/2647 2481/409/2652 2477/405/2648
f 2477/405/2648 2481/409/2652 2482/19/2653
f 2478/406/2649 2483/410/2654 2479/407/2650
f 2479/407/2650 2483/410/2654 2484/411/2655
f 2479/407/2650 2484/411/2655 2480/408/2651
f 2480/408/2651 2484/411/2655 2485/412/2656
f 2480/408/2651 2485/412/2656 2481/409/2652
f 2481/409/2652 2485/412/2656 2486/413/2657
f 2481/409/2652 2486/413/2657 2482/19/2653
f 2482/19/2653 2486/413/2657 2487/414/2658
f 2483/410/2654 2488/415/2659 2484/411/2655
f 2484/411/2655 2488/415/2659 2489/416/2660
f 2484/411/2655 2489/416/2660 2485/412/2656
f 2485/412/2656 2489/416/2660 2490/417/2661
f 2485/412/2656 2490/417/2661 2486/413/2657
f 2486/413/2657 2490/417/2661 2491/418/2662
f 2486/413/2657 2491/418/2662 2487/414/2658
f 2487/414/2658 2491/418/2662 2492/419/2663
f 2488/415/2659 2493/420/2664 2489/416/2660
f 2489/416/2660 2493/420/2664 2494/421/2665
f 2489/416/2660 2494/421/2665 2490/417/2661
f 2490/417/2661 2494/421/2665 2495/422/2666
f 2490/417/2661 2495/422/2666 2491/418/2662
f 2491/418/2662 2495/422/2666 2496/423/2667
f 2491/418/2662 2496/423/2667 2492/419/2663
f 2492/419/2663 2496/423/2667 2497/424/2668
f 2493/420/2664 2498/425/2669 2494/421/2665
f 2494/421/2665 2498/425/2669 2499/426/2670
f 2494/421/2665 2499/426/2670 2495/422/2666
f 2495/422/2666 2499/426/2670 2500/427/2671
f 2495/422/2666 2500/427/2671 2496/423/2667
f 2496/423/2667 2500/427/2671 2501/428/2672
f 2496/423/2667 2501/428/2672 2497/424/2668
f 2497/424/2668 2501/428/2672 2502/429/2673
f 2498/425/2669 2503/430/2674 2499/426/2670
f 2499/426/2670 2503/430/2674 2500/427/2671
f 2500/427/2671 2503/430/2674 2501/428/2672
f 2501/428/2672 2503/430/2674 2502/429/2673
f 2504/369/2675 2509/383/2676 2505/384/2677
f 2505/384/2677 2509/383/2676 2510/385/2678
f 2505/384/2677 2510/385/2678 2506/386/2679
f 2506/386/2679 2510/385/2678 2511/387/2680
f 2506/386/2679 2511/387/2680 2507/388/2681
f 2507/388/2681 2511/387/2680 2512/389/2682
f 2507/388/2681 2512/389/2682 2508/4/2683
f 2508/4/2683 2512/389/2682 2513/390/2684
f 2509/383/2676 2514/391/2685 2510/385/2678
f 2510/385/2678 2514/391/2685 2515/392/2686
f 2510/385/2678 2515/392/2686 2511/387/2680
f 2511/387/2680 2515/392/2686 2516/393/2687
f 2511/387/2680 2516/393/2687 2512/389/2682
f 2512/389/2682 2516/393/2687 2517/394/2688
f 2512/389/2682 2517/394/2688 2513/390/2684
f 2513/390/2684 2517/394/2688 2518/395/2689
f 2514/391/2685 2519/396/2690 2515/392/2686
f 2515/392/2686 2519/396/2690 2520/397/2691
f 2515/392/2686 2520/397/2691 2516/393/2687
f 2516/393/2687 2520/397/2691 2521/398/2692
f 2516/393/2687 2521/398/2692 2517/394/2688
f 2517/394/2688 2521/398/2692 2522/399/2693
f 2517/394/2688 2522/399/2693 2518/395/2689
f 2518/395/2689 2522/399/2693 2523/400/2694
f 2519/396/2690 2524/401/2695 2520/397/2691
f 2520/397/2691 2524/401/2695 2525/402/2696
f 2520/397/2691 2525/402/2696 2521/398/2692
f 2521/398/2692 2525/402/2696 2526/403/2697
f 2521/398/2692 2526/403/2697 2522/399/2693
f 2522/399/2693 2526/403/2697 2527/404/2698
f 2522/399/2693 2527/404/2698 2523/400/2694
f 2523/400/2694 2527/404/2698 2528/405/2699
f 2524/401/2695 2529/406/2700 2525/402/2696
f 2525/402/2696 2529/406/2700 2530/407/2701
f 2525/402/2696 2530/407/2701 2526/403/2697
f 2526/403/2697 2530/407/2701 2531/408/2702
f 2526/403/2697 2531/408/2702 2527/404/2698
f 2527/404/2698 2531/408/2702 2532/409/2703
f 2527/404/2698 2532/409/2703 2528/405/2699
f 2528/405/2699 2532/409/2703 2533/19/2704
f 2529/406/2700 2534/410/2705 2530/407/2701
f 2530/407/2701 2534/410/2705 2535/411/2706
f 2530/407/2701 2535/411/2706 2531/408/2702
f 2531/408/2702 2535/411/2706 2536/412/2707
f 2531/408/2702 2536/412/2707 2532/409/2703
f 2532/409/2703 2536/412/2707 2537/413/2708
f 2532/409/2703 2537/413/2708 2533/19/2704
f 2533/19/2704 2537/413/2708 2538/414/2709
f 2534/410/2705 2539/415/2710 2535/411/2706
f 2535/411/2706 2539/415/2710 2540/416/2711
f 2535/411/2706 2540/416/2711 2536/412/2707
f 2536/412/2707 2540/416/2711 2541/417/2712
f 2536/412/2707 2541/417/2712 2537/413/2708
f 2537/413/2708 2541/417/2712 2542/418/2713
f 2537/413/2708 2542/418/2713 2538/414/2709
f 2538/414/2709 2542/418/2713 2543/419/2714
f 2539/415/2710 2544/420/2715 2540/416/2711
f 2540/416/2711 2544/420/2715 2545/421/2716
f 2540/416/2711 2545/421/2716 2541/417/2712
f 2541/417/2712 2545/421/2716 2546/422/2717
f 2541/417/2712 2546/422/2717 2542/418/2713
f 2542/418/2713 2546/422/2717 2547/423/2718
f 2542/418/2713 2547/423/2718 2543/419/2714
f 2543/419/2714 2547/423/2718 2548/424/2719
f 2544/420/2715 2549/425/2720 2545/421/2716
f 2545/421/2716 2549/425/2720 2550/426/2721
f 2545/421/2716 2550/426/2721 2546/422/2717
f 2546/422/2717 2550/426/2721 2551/427/2722
f 2546/422/2717 2551/427/2722 2547/423/2718
f 2547/423/2718 2551/427/2722 2552/428/2723
f 2547/423/2718 2552/428/2723 2548/424/2719
f 2548/424/2719 2552/428/2723 2553/429/2724
f 2549/425/2720 2554/430/2725 2550/426/2721
f 2550/426/2721 2554/430/2725 2551/427/2722
f 2551/427/2722 2554/430/2725 2552/428/2723
f 2552/428/2723 2554/430/2725 2553/429/2724
f 2555/369/2726 2560/383/2727 2556/384/2728
f 2556/384/2728 2560/383/2727 2561/385/2729
f 2556/384/2728 2561/385/2729 2557/386/2730
f 2557/386/2730 2561/385/2729 2562/387/2731
f 2557/386/2730 2562/387/2731 2558/388/2732
f 2558/388/2732 2562/387/2731 2563/389/2733
f 2558/388/2732 2563/389/2733 2559/4/2734
f 2559/4/2734 2563/389/2733 2564/390/2735
f 2560/383/2727 2565/391/2736 2561/385/2729
f 2561/385/2729 2565/391/2736 2566/392/2737
f 2561/385/2729 2566/392/2737 2562/387/2731
f 2562/387/2731 2566/392/2737 2567/393/2738
f 2562/387/2731 2567/393/2738 2563/389/2733
f 2563/389/2733 2567/393/2738 2568/394/2739
f 2563/389/2733 2568/394/2739 2564/390/2735
f 2564/390/2735 2568/394/2739 2569/395/2740
f 2565/391/2736 2570/396/2741 2566/392/2737
f 2566/392/2737 2570/396/2741 2571/397/2742
f 2566/392/2737 2571/397/2742 2567/393/2738
f 2567/393/2738 2571/397/2742 2572/398/2743
f 2567/393/2738 2572/398/2743 2568/394/2739
f 2568/394/2739 2572/398/2743 2573/399/2744
f 2568/394/2739 2573/399/2744 2569/395/2740
f 2569/395/2740 2573/399/2744 2574/400/2745
f 2570/396/2741 2575/401/2746 2571/397/2742
f 2571/397/2742 2575/401/2746 2576/402/2747
f 2571/397/2742 2576/402/2747 2572/398/2743
f 2572/398/2743 2576/402/2747 2577/403/2748
f 2572/398/2743 2577/403/2748 2573/399/2744
f 2573/399/2744 2577/403/2748 2578/404/2749
f 2573/399/2744 2578/404/2749 2574/400/2745
f 2574/400/2745 2578/404/2749 2579/405/2750
f 2575/401/2746 2580/406/2751 2576/402/2747
f 2576/402/2747 2580/406/2751 2581/407/2752
f 2576/402/2747 2581/407/2752 2577/403/2748
f 2577/403/2748 2581/407/2752 2582/408/2753
f 2577/403/2748 2582/408/2753 2578/404/2749
f 2578/404/2749 2582/408/2753 2583/409/2754
f 2578/404/2749 2583/409/2754 2579/405/2750
f 2579/405/2750 2583/409/2754 2584/19/2755
f 2580/406/2751 2585/410/2756 2581/407/2752
f 2581/407/2752 2585/410/2756 2586/411/2757
f 2581/407/2752 2586/411/2757 2582/408/2753
f 2582/408/2753 2586/411/2757 2587/412/2758
f 2582/408/2753 2587/412/2758 2583/409/2754
f 2583/409/2754 2587/412/2758 2588/413/2759
f 2583/409/2754 2588/413/2759 2584/19/2755
f 2584/19/2755 2588/413/2759 2589/414/2760
f 2585/410/2756 2590/415/2761 2586/411/2757
f 2586/411/2757 2590/415/2761 2591/416/2762
f 2586/411/2757 2591/416/2762 2587/412/2758
f 2587/412/2758 2591/416/2762 2592/417/2763
f 2587/412/2758 2592/417/2763 2588/413/2759
f 2588/413/2759 2592/417/2763 2593/418/2764
f 2588/413/2759 2593/418/2764 2589/414/2760
f 2589/414/2760 2593/418/2764 2594/419/2765
f 2590/415/2761 2595/420/2766 2591/416/2762
f 2591/416/2762 2595/420/2766 2596/421/2767
f 2591/416/2762 2596/421/2767 2592/417/2763
f 2592/417/2763 2596/421/2767 2597/422/2768
f 2592/417/2763 2597/422/2768 2593/418/2764
f 2593/418/2764 2597/422/2768 2598/423/2769
f 2593/418/2764 2598/423/2769 2594/419/2765
f 2594/419/2765 2598/423/2769 2599/424/2770
f 2595/420/2766 2600/425/2771 2596/421/2767
f 2596/421/2767 2600/425/2771 2601/426/2772
f 2596/421/2767 2601/426/2772 2597/422/2768
f 2597/422/2768 2601/426/2772 2602/427/2773
f 2597/422/2768 2602/427/2773 2598/423/2769
f 2598/423/2769 2602/427/2773 2603/428/2774
f 2598/423/2769 2603/428/2774 2599/424/2770
f 2599/424/2770 2603/428/2774 2604/429/2775
f 2600/425/2771 2605/430/2776 2601/426/2772
f 2601/426/2772 2605/430/2776 2602/427/2773
f 2602/427/2773 2605/430/2776 2603/428/2774
f 2603/428/2774 2605/430/2776 2604/429/2775
f 2606/369/2777 2611/383/2778 2607/384/2779
f 2607/384/2779 2611/383/2778 2612/385/2780
f 2607/384/2779 2612/385/2780 2608/386/2781
f 2608/386/2781 2612/385/2780 2613/387/2782
f 2608/386/2781 2613/387/2782 2609/388/2783
f 2609/388/2783 2613/387/2782 2614/389/2784
f 2609/388/2783 2614/389/2784 2610/4/2785
f 2610/4/2785 2614/389/2784 2615/390/2786
f 2611/383/2778 2616/391/2787 2612/385/2780
f 2612/385/2780 2616/391/2787 2617/392/2788
f 2612/385/2780 2617/392/2788 2613/387/2782
f 2613/387/2782 2617/392/2788 2618/393/2789
f 2613/387/2782 2618/393/2789 2614/389/2784
f 2614/389/2784 2618/393/2789 2619/394/2790
f 2614/389/2784 2619/394/2790 2615/390/2786
f 2615/390/2786 2619/394/2790 2620/395/2791
f 2616/391/2787 2621/396/2792 2617/392/2788
f 2617/392/2788 2621/396/2792 2622/397/2793
f 2617/392/2788 2622/397/2793 2618/393/2789
f 2618/393/2789 2622/397/2793 2623/398/2794
f 2618/393/2789 2623/398/2794 2619/394/2790
f 2619/394/2790 2623/398/2794 2624/399/2795
f 2619/394/2790 2624/399/2795 2620/395/2791
f 2620/395/2791 2624/399/2795 2625/400/2796
f 2621/396/2792 2626/401/2797 2622/397/2793
f 2622/397/2793 2626/401/2797 2627/402/2798
f 2622/397/2793 2627/402/2798 2623/398/2794
f 2623/398/2794 2627/402/2798 2628/403/2799
f 2623/398/2794 2628/403/2799 2624/399/2795
f 2624/399/2795 2628/403/2799 2629/404/2800
f 2624/399/2795 2629/404/2800 2625/400/2796
f 2625/400/2796 2629/404/2800 2630/405/2801
f 2626/401/2797 2631/406/2802 2627/402/2798
f 2627/402/2798 2631/406/2802 2632/407/2803
f 2627/402/2798 2632/407/2803 2628/403/2799
f 2628/403/2799 2632/407/2803 2633/408/2804
f 2628/403/2799 2633/408/2804 2629/404/2800
f 2629/404/2800 2633/408/2804 2634/409/2805
f 2629/404/2800 2634/409/2805 2630/405/2801
f 2630/405/2801 2634/409/2805 2635/19/2806
f 2631/406/2802 2636/410/2807 2632/407/2803
f 2632/407/2803 2636/410/2807 2637/411/2808
f 2632/407/2803 2637/411/2808 2633/408/2804
f 2633/408/2804 2637/411/2808 2638/412/2809
f 2633/408/2804 2638/412/2809 2634/409/2805
f 2634/409/2805 2638/412/2809 2639/413/2810
f 2634/409/2805 2639/413/2810 2635/19/2806
f 2635/19/2806 2639/413/2810 2640/414/2811
f 2636/410/2807 2641/415/2812 2637/411/2808
f 2637/411/2808 2641/415/2812 2642/416/2813
f 2637/411/2808 2642/416/2813 2638/412/2809
f 2638/412/2809 2642/416/2813 2643/417/2814
f 2638/412/2809 2643/417/2814 2639/413/2810
f 2639/413/2810 2643/417/2814 2644/418/2815
f 2639/413/2810 2644/418/2815 2640/414/2811
f 2640/414/2811 2644/418/2815 2645/419/2816
f 2641/415/2812 2646/420/2817 2642/416/2813
f 2642/416/2813 2646/420/2817 2647/421/2818
f 2642/416/2813 2647/421/2818 2643/417/2814
f 2643/417/2814 2647/421/2818 2648/422/2819
f 2643/417/2814 2648/422/2819 2644/418/2815
f 2644/418/2815 2648/422/2819 2649/423/2820
f 2644/418/2815 2649/423/2820 2645/419/2816
f 2645/419/2816 2649/423/2820 2650/424/2821
f 2646/420/2817 2651/425/2822 2647/421/2818
f 2647/421/2818 2651/425/2822 2652/426/2823
f 2647/421/2818 2652/426/2823 2648/422/2819
f 2648/422/2819 2652/426/2823 2653/427/2824
f 2648/422/2819 2653/427/2824 2649/423/2820
f 2649/423/2820 2653/427/2824 2654/428/2825
f 2649/423/2820 2654/428/2825 2650/424/2821
f 2650/424/2821 2654/428/2825 2655/429/2826
f 2651/425/2822 2656/430/2827 2652/426/2823
f 2652/426/2823 2656/430/2827 2653/427/2824
f 2653/427/2824 2656/430/2827 2654/428/2825
f 2654/428/2825 2656/430/2827 2655/429/2826
usemtl VG07frt0.001
f 1736/1/2828 1766/431/2829 1737/354/2830
f 1736/4/2828 1795/432/2831 1766/433/2829
f 1737/354/2830 1766/431/2829 1767/434/2832
f 1737/354/2830 1767/434/2832 1738/355/2833
f 1738/355/2833 1767/434/2832 1768/435/2834
f 1738/355/2833 1768/435/2834 1739/356/2835
f 1739/356/2835 1768/435/2834 1769/436/2836
f 1739/356/2835 1769/436/2836 1740/357/2837
f 1740/357/2837 1769/436/2836 1770/437/2838
f 1740/357/2837 1770/437/2838 1741/359/2839
f 1741/359/2839 1770/437/2838 1771/438/2840
f 1741/359/2839 1771/438/2840 1742/360/2841
f 1742/360/2841 1771/438/2840 1772/439/2842
f 1742/360/2841 1772/439/2842 1743/361/2843
f 1743/361/2843 1772/439/2842 1773/440/2844
f 1743/361/2843 1773/440/2844 1744/362/2845
f 1744/362/2845 1773/440/2844 1774/441/2846
f 1744/362/2845 1774/441/2846 1745/363/2847
f 1745/363/2847 1774/441/2846 1775/442/2848
f 1745/363/2847 1775/442/2848 1746/364/2849
f 1746/364/2849 1775/442/2848 1776/443/2850
f 1746/364/2849 1776/443/2850 1747/365/2851
f 1747/365/2851 1776/443/2850 1777/444/2852
f 1747/365/2851 1777/444/2852 1748/366/2853
f 1748/366/2853 1777/444/2852 1778/445/2854
f 1748/366/2853 1778/445/2854 1749/367/2855
f 1749/367/2855 1778/445/2854 1779/446/2856
f 1749/367/2855 1779/446/2856 1750/368/2857
f 1750/368/2857 1779/446/2856 1780/447/2858
f 1750/368/2857 1780/447/2858 1751/369/2859
f 1751/369/2859 1780/447/2858 1781/448/2860
f 1751/369/2859 1781/448/2860 1752/370/2861
f 1752/370/2861 1781/448/2860 1782/449/2862
f 1752/370/2861 1782/449/2862 1753/371/2863
f 1753/371/2863 1782/449/2862 1783/450/2864
f 1753/371/2863 1783/450/2864 1754/372/2865
f 1754/372/2865 1783/450/2864 1784/451/2866
f 1754/372/2865 1784/451/2866 1755/373/2867
f 1755/373/2867 1784/451/2866 1785/452/2868
f 1755/373/2867 1785/452/2868 1756/374/2869
f 1756/374/2869 1785/452/2868 1786/453/2870
f 1756/374/2869 1786/453/2870 1757/375/2871
f 1757/375/2871 1786/453/2870 1787/454/2872
f 1757/375/2871 1787/454/2872 1758/376/2873
f 1758/376/2873 1787/454/2872 1788/455/2874
f 1758/376/2873 1788/455/2874 1759/377/2875
f 1759/377/2875 1788/455/2874 1789/456/2876
f 1759/377/2875 1789/456/2876 1760/378/2877
f 1760/378/2877 1789/456/2876 1790/457/2878
f 1760/378/2877 1790/457/2878 1761/379/2879
f 1761/379/2879 1790/457/2878 1791/458/2880
f 1761/379/2879 1791/458/2880 1762/380/2881
f 1762/380/2881 1791/458/2880 1792/459/2882
f 1762/380/2881 1792/459/2882 1763/381/2883
f 1763/381/2883 1792/459/2882 1793/460/2884
f 1763/381/2883 1793/460/2884 1764/382/2885
f 1764/382/2885 1793/460/2884 1794/461/2886
f 1764/382/2885 1794/461/2886 1765/358/2887
f 1765/358/2887 1794/461/2886 1795/432/2831
f 1765/358/2887 1795/432/2831 1736/4/2828
f 1766/431/2829 1796/462/2888 1767/434/2832
f 1766/433/2829 1825/463/2889 1796/464/2888
f 1767/434/2832 1796/462/2888 1797/465/2890
f 1767/434/2832 1797/465/2890 1768/435/2834
f 1768/435/2834 1797/465/2890 1798/466/2891
f 1768/435/2834 1798/466/2891 1769/436/2836
f 1769/436/2836 1798/466/2891 1799/467/2892
f 1769/436/2836 1799/467/2892 1770/437/2838
f 1770/437/2838 1799/467/2892 1800/468/2893
f 1770/437/2838 1800/468/2893 1771/438/2840
f 1771/438/2840 1800/468/2893 1801/469/2894
f 1771/438/2840 1801/469/2894 1772/439/2842
f 1772/439/2842 1801/469/2894 1802/470/2895
f 1772/439/2842 1802/470/2895 1773/440/2844
f 1773/440/2844 1802/470/2895 1803/471/2896
f 1773/440/2844 1803/471/2896 1774/441/2846
f 1774/441/2846 1803/471/2896 1804/472/2897
f 1774/441/2846 1804/472/2897 1775/442/2848
f 1775/442/2848 1804/472/2897 1805/473/2898
f 1775/442/2848 1805/473/2898 1776/443/2850
f 1776/443/2850 1805/473/2898 1806/474/2899
f 1776/443/2850 1806/474/2899 1777/444/2852
f 1777/444/2852 1806/474/2899 1807/475/2900
f 1777/444/2852 1807/475/2900 1778/445/2854
f 1778/445/2854 1807/475/2900 1808/476/2901
f 1778/445/2854 1808/476/2901 1779/446/2856
f 1779/446/2856 1808/476/2901 1809/477/2902
f 1779/446/2856 1809/477/2902 1780/447/2858
f 1780/447/2858 1809/477/2902 1810/478/2903
f 1780/447/2858 1810/478/2903 1781/448/2860
f 1781/448/2860 1810/478/2903 1811/479/2904
f 1781/448/2860 1811/479/2904 1782/449/2862
f 1782/449/2862 1811/479/2904 1812/480/2905
f 1782/449/2862 1812/480/2905 1783/450/2864
f 1783/450/2864 1812/480/2905 1813/481/2906
f 1783/450/2864 1813/481/2906 1784/451/2866
f 1784/451/2866 1813/481/2906 1814/482/2907
f 1784/451/2866 1814/482/2907 1785/452/2868
f 1785/452/2868 1814/482/2907 1815/483/2908
f 1785/452/2868 1815/483/2908 1786/453/2870
f 1786/453/2870 1815/483/2908 1816/484/2909
f 1786/453/2870 1816/484/2909 1787/454/2872
f 1787/454/2872 1816/484/2909 1817/485/2910
f 1787/454/2872 1817/485/2910 1788/455/2874
f 1788/455/2874 1817/485/2910 1818/486/2911
f 1788/455/2874 1818/486/2911 1789/456/2876
f 1789/456/2876 1818/486/2911 1819/487/2912
f 1789/456/2876 1819/487/2912 1790/457/2878
f 1790/457/2878 1819/487/2912 1820/488/2913
f 1790/457/2878 1820/488/2913 1791/458/2880
f 1791/458/2880 1820/488/2913 1821/489/2914
f 1791/458/2880 1821/489/2914 1792/459/2882
f 1792/459/2882 1821/489/2914 1822/490/2915
f 1792/459/2882 1822/490/2915 1793/460/2884
f 1793/460/2884 1822/490/2915 1823/491/2916
f 1793/460/2884 1823/491/2916 1794/461/2886
f 1794/461/2886 1823/491/2916 1824/492/2917
f 1794/461/2886 1824/492/2917 1795/432/2831
f 1795/432/2831 1824/492/2917 1825/463/2889
f 1795/432/2831 1825/463/2889 1766/433/2829
f 1796/462/2888 1826/2/2918 1797/465/2890
f 1796/464/2888 1855/493/2919 1826/6/2918
f 1797/465/2890 1826/2/2918 1827/494/2920
f 1797/465/2890 1827/494/2920 1798/466/2891
f 1798/466/2891 1827/494/2920 1828/495/2921
f 1798/466/2891 1828/495/2921 1799/467/2892
f 1799/467/2892 1828/495/2921 1829/496/2922
f 1799/467/2892 1829/496/2922 1800/468/2893
f 1800/468/2893 1829/496/2922 1830/497/2923
f 1800/468/2893 1830/497/2923 1801/469/2894
f 1801/469/2894 1830/497/2923 1831/498/2924
f 1801/469/2894 1831/498/2924 1802/470/2895
f 1802/470/2895 1831/498/2924 1832/499/2925
f 1802/470/2895 1832/499/2925 1803/471/2896
f 1803/471/2896 1832/499/2925 1833/500/2926
f 1803/471/2896 1833/500/2926 1804/472/2897
f 1804/472/2897 1833/500/2926 1834/501/2927
f 1804/472/2897 1834/501/2927 1805/473/2898
f 1805/473/2898 1834/501/2927 1835/502/2928
f 1805/473/2898 1835/502/2928 1806/474/2899
f 1806/474/2899 1835/502/2928 1836/503/2929
f 1806/474/2899 1836/503/2929 1807/475/2900
f 1807/475/2900 1836/503/2929 1837/504/2930
f 1807/475/2900 1837/504/2930 1808/476/2901
f 1808/476/2901 1837/504/2930 1838/505/2931
f 1808/476/2901 1838/505/2931 1809/477/2902
f 1809/477/2902 1838/505/2931 1839/506/2932
f 1809/477/2902 1839/506/2932 1810/478/2903
f 1810/478/2903 1839/506/2932 1840/507/2933
f 1810/478/2903 1840/507/2933 1811/479/2904
f 1811/479/2904 1840/507/2933 1841/508/2934
f 1811/479/2904 1841/508/2934 1812/480/2905
f 1812/480/2905 1841/508/2934 1842/509/2935
f 1812/480/2905 1842/509/2935 1813/481/2906
f 1813/481/2906 1842/509/2935 1843/510/2936
f 1813/481/2906 1843/510/2936 1814/482/2907
f 1814/482/2907 1843/510/2936 1844/511/2937
f 1814/482/2907 1844/511/2937 1815/483/2908
f 1815/483/2908 1844/511/2937 1845/512/2938
f 1815/483/2908 1845/512/2938 1816/484/2909
f 1816/484/2909 1845/512/2938 1846/513/2939
f 1816/484/2909 1846/513/2939 1817/485/2910
f 1817/485/2910 1846/513/2939 1847/514/2940
f 1817/485/2910 1847/514/2940 1818/486/2911
f 1818/486/2911 1847/514/2940 1848/515/2941
f 1818/486/2911 1848/515/2941 1819/487/2912
f 1819/487/2912 1848/515/2941 1849/516/2942
f 1819/487/2912 1849/516/2942 1820/488/2913
f 1820/488/2913 1849/516/2942 1850/517/2943
f 1820/488/2913 1850/517/2943 1821/489/2914
f 1821/489/2914 1850/517/2943 1851/518/2944
f 1821/489/2914 1851/518/2944 1822/490/2915
f 1822/490/2915 1851/518/2944 1852/519/2945
f 1822/490/2915 1852/519/2945 1823/491/2916
f 1823/491/2916 1852/519/2945 1853/520/2946
f 1823/491/2916 1853/520/2946 1824/492/2917
f 1824/492/2917 1853/520/2946 1854/521/2947
f 1824/492/2917 1854/521/2947 1825/463/2889
f 1825/463/2889 1854/521/2947 1855/493/2919
f 1825/463/2889 1855/493/2919 1796/464/2888
f 1826/2/2918 1856/522/2948 1827/494/2920
f 1826/6/2918 1885/523/2949 1856/524/2948
f 1827/494/2920 1856/522/2948 1857/525/2950
f 1827/494/2920 1857/525/2950 1828/495/2921
f 1828/495/2921 1857/525/2950 1858/526/2951
f 1828/495/2921 1858/526/2951 1829/496/2922
f 1829/496/2922 1858/526/2951 1859/527/2952
f 1829/496/2922 1859/527/2952 1830/497/2923
f 1830/497/2923 1859/527/2952 1860/528/2953
f 1830/497/2923 1860/528/2953 1831/498/2924
f 1831/498/2924 1860/528/2953 1861/529/2954
f 1831/498/2924 1861/529/2954 1832/499/2925
f 1832/499/2925 1861/529/2954 1862/530/2955
f 1832/499/2925 1862/530/2955 1833/500/2926
f 1833/500/2926 1862/530/2955 1863/531/2956
f 1833/500/2926 1863/531/2956 1834/501/2927
f 1834/501/2927 1863/531/2956 1864/532/2957
f 1834/501/2927 1864/532/2957 1835/502/2928
f 1835/502/2928 1864/532/2957 1865/533/2958
f 1835/502/2928 1865/533/2958 1836/503/2929
f 1836/503/2929 1865/533/2958 1866/534/2959
f 1836/503/2929 1866/534/2959 1837/504/2930
f 1837/504/2930 1866/534/2959 1867/535/2960
f 1837/504/2930 1867/535/2960 1838/505/2931
f 1838/505/2931 1867/535/2960 1868/536/2961
f 1838/505/2931 1868/536/2961 1839/506/2932
f 1839/506/2932 1868/536/2961 1869/537/2962
f 1839/506/2932 1869/537/2962 1840/507/2933
f 1840/507/2933 1869/537/2962 1870/538/2963
f 1840/507/2933 1870/538/2963 1841/508/2934
f 1841/508/2934 1870/538/2963 1871/539/2964
f 1841/508/2934 1871/539/2964 1842/509/2935
f 1842/509/2935 1871/539/2964 1872/540/2965
f 1842/509/2935 1872/540/2965 1843/510/2936
f 1843/510/2936 1872/540/2965 1873/541/2966
f 1843/510/2936 1873/541/2966 1844/511/2937
f 1844/511/2937 1873/541/2966 1874/542/2967
f 1844/511/2937 1874/542/2967 1845/512/2938
f 1845/512/2938 1874/542/2967 1875/543/2968
f 1845/512/2938 1875/543/2968 1846/513/2939
f 1846/513/2939 1875/543/2968 1876/544/2969
f 1846/513/2939 1876/544/2969 1847/514/2940
f 1847/514/2940 1876/544/2969 1877/545/2970
f 1847/514/2940 1877/545/2970 1848/515/2941
f 1848/515/2941 1877/545/2970 1878/546/2971
f 1848/515/2941 1878/546/2971 1849/516/2942
f 1849/516/2942 1878/546/2971 1879/547/2972
f 1849/516/2942 1879/547/2972 1850/517/2943
f 1850/517/2943 1879/547/2972 1880/548/2973
f 1850/517/2943 1880/548/2973 1851/518/2944
f 1851/518/2944 1880/548/2973 1881/549/2974
f 1851/518/2944 1881/549/2974 1852/519/2945
f 1852/519/2945 1881/549/2974 1882/550/2975
f 1852/519/2945 1882/550/2975 1853/520/2946
f 1853/520/2946 1882/550/2975 1883/551/2976
f 1853/520/2946 1883/551/2976 1854/521/2947
f 1854/521/2947 1883/551/2976 1884/552/2977
f 1854/521/2947 1884/552/2977 1855/493/2919
f 1855/493/2919 1884/552/2977 1885/523/2949
f 1855/493/2919 1885/523/2949 1826/6/2918
f 1856/522/2948 1886/553/2978 1857/525/2950
f 1856/524/2948 1915/554/2979 1886/555/2978
f 1857/525/2950 1886/553/2978 1887/556/2980
f 1857/525/2950 1887/556/2980 1858/526/2951
f 1858/526/2951 1887/556/2980 1888/557/2981
f 1858/526/2951 1888/557/2981 1859/527/2952
f 1859/527/2952 1888/557/2981 1889/558/2982
f 1859/527/2952 1889/558/2982 1860/528/2953
f 1860/528/2953 1889/558/2982 1890/559/2983
f 1860/528/2953 1890/559/2983 1861/529/2954
f 1861/529/2954 1890/559/2983 1891/560/2984
f 1861/529/2954 1891/560/2984 1862/530/2955
f 1862/530/2955 1891/560/2984 1892/561/2985
f 1862/530/2955 1892/561/2985 1863/531/2956
f 1863/531/2956 1892/561/2985 1893/562/2986
f 1863/531/2956 1893/562/2986 1864/532/2957
f 1864/532/2957 1893/562/2986 1894/563/2987
f 1864/532/2957 1894/563/2987 1865/533/2958
f 1865/533/2958 1894/563/2987 1895/564/2988
f 1865/533/2958 1895/564/2988 1866/534/2959
f 1866/534/2959 1895/564/2988 1896/565/2989
f 1866/534/2959 1896/565/2989 1867/535/2960
f 1867/535/2960 1896/565/2989 1897/566/2990
f 1867/535/2960 1897/566/2990 1868/536/2961
f 1868/536/2961 1897/566/2990 1898/567/2991
f 1868/536/2961 1898/567/2991 1869/537/2962
f 1869/537/2962 1898/567/2991 1899/568/2992
f 1869/537/2962 1899/568/2992 1870/538/2963
f 1870/538/2963 1899/568/2992 1900/569/2993
f 1870/538/2963 1900/569/2993 1871/539/2964
f 1871/539/2964 1900/569/2993 1901/570/2994
f 1871/539/2964 1901/570/2994 1872/540/2965
f 1872/540/2965 1901/570/2994 1902/571/2995
f 1872/540/2965 1902/571/2995 1873/541/2966
f 1873/541/2966 1902/571/2995 1903/572/2996
f 1873/541/2966 1903/572/2996 1874/542/2967
f 1874/542/2967 1903/572/2996 1904/573/2997
f 1874/542/2967 1904/573/2997 1875/543/2968
f 1875/543/2968 1904/573/2997 1905/574/2998
f 1875/543/2968 1905/574/2998 1876/544/2969
f 1876/544/2969 1905/574/2998 1906/575/2999
f 1876/544/2969 1906/575/2999 1877/545/2970
f 1877/545/2970 1906/575/2999 1907/576/3000
f 1877/545/2970 1907/576/3000 1878/546/2971
f 1878/546/2971 1907/576/3000 1908/577/3001
f 1878/546/2971 1908/577/3001 1879/547/2972
f 1879/547/2972 1908/577/3001 1909/578/3002
f 1879/547/2972 1909/578/3002 1880/548/2973
f 1880/548/2973 1909/578/3002 1910/579/3003
f 1880/548/2973 1910/579/3003 1881/549/2974
f 1881/549/2974 1910/579/3003 1911/580/3004
f 1881/549/2974 1911/580/3004 1882/550/2975
f 1882/550/2975 1911/580/3004 1912/581/3005
f 1882/550/2975 1912/581/3005 1883/551/2976
f 1883/551/2976 1912/581/3005 1913/582/3006
f 1883/551/2976 1913/582/3006 1884/552/2977
f 1884/552/2977 1913/582/3006 1914/583/3007
f 1884/552/2977 1914/583/3007 1885/523/2949
f 1885/523/2949 1914/583/3007 1915/554/2979
f 1885/523/2949 1915/554/2979 1856/524/2948
f 1886/553/2978 1916/17/3008 1887/556/2980
f 1886/555/2978 1945/584/3009 1916/19/3008
f 1887/556/2980 1916/17/3008 1917/585/3010
f 1887/556/2980 1917/585/3010 1888/557/2981
f 1888/557/2981 1917/585/3010 1918/586/3011
f 1888/557/2981 1918/586/3011 1889/558/2982
f 1889/558/2982 1918/586/3011 1919/587/3012
f 1889/558/2982 1919/587/3012 1890/559/2983
f 1890/559/2983 1919/587/3012 1920/588/3013
f 1890/559/2983 1920/588/3013 1891/560/2984
f 1891/560/2984 1920/588/3013 1921/589/3014
f 1891/560/2984 1921/589/3014 1892/561/2985
f 1892/561/2985 1921/589/3014 1922/590/3015
f 1892/561/2985 1922/590/3015 1893/562/2986
f 1893/562/2986 1922/590/3015 1923/591/3016
f 1893/562/2986 1923/591/3016 1894/563/2987
f 1894/563/2987 1923/591/3016 1924/592/3017
f 1894/563/2987 1924/592/3017 1895/564/2988
f 1895/564/2988 1924/592/3017 1925/593/3018
f 1895/564/2988 1925/593/3018 1896/565/2989
f 1896/565/2989 1925/593/3018 1926/594/3019
f 1896/565/2989 1926/594/3019 1897/566/2990
f 1897/566/2990 1926/594/3019 1927/595/3020
f 1897/566/2990 1927/595/3020 1898/567/2991
f 1898/567/2991 1927/595/3020 1928/596/3021
f 1898/567/2991 1928/596/3021 1899/568/2992
f 1899/568/2992 1928/596/3021 1929/597/3022
f 1899/568/2992 1929/597/3022 1900/569/2993
f 1900/569/2993 1929/597/3022 1930/598/3023
f 1900/569/2993 1930/598/3023 1901/570/2994
f 1901/570/2994 1930/598/3023 1931/406/3024
f 1901/570/2994 1931/406/3024 1902/571/2995
f 1902/571/2995 1931/406/3024 1932/599/3025
f 1902/571/2995 1932/599/3025 1903/572/2996
f 1903/572/2996 1932/599/3025 1933/600/3026
f 1903/572/2996 1933/600/3026 1904/573/2997
f 1904/573/2997 1933/600/3026 1934/601/3027
f 1904/573/2997 1934/601/3027 1905/574/2998
f 1905/574/2998 1934/601/3027 1935/602/3028
f 1905/574/2998 1935/602/3028 1906/575/2999
f 1906/575/2999 1935/602/3028 1936/603/3029
f 1906/575/2999 1936/603/3029 1907/576/3000
f 1907/576/3000 1936/603/3029 1937/604/3030
f 1907/576/3000 1937/604/3030 1908/577/3001
f 1908/577/3001 1937/604/3030 1938/605/3031
f 1908/577/3001 1938/605/3031 1909/578/3002
f 1909/578/3002 1938/605/3031 1939/606/3032
f 1909/578/3002 1939/606/3032 1910/579/3003
f 1910/579/3003 1939/606/3032 1940/607/3033
f 1910/579/3003 1940/607/3033 1911/580/3004
f 1911/580/3004 1940/607/3033 1941/608/3034
f 1911/580/3004 1941/608/3034 1912/581/3005
f 1912/581/3005 1941/608/3034 1942/609/3035
f 1912/581/3005 1942/609/3035 1913/582/3006
f 1913/582/3006 1942/609/3035 1943/610/3036
f 1913/582/3006 1943/610/3036 1914/583/3007
f 1914/583/3007 1943/610/3036 1944/611/3037
f 1914/583/3007 1944/611/3037 1915/554/2979
f 1915/554/2979 1944/611/3037 1945/584/3009
f 1915/554/2979 1945/584/3009 1886/555/2978
f 1916/17/3008 1946/612/3038 1917/585/3010
f 1916/19/3008 1975/613/3039 1946/614/3038
f 1917/585/3010 1946/612/3038 1947/615/3040
f 1917/585/3010 1947/615/3040 1918/586/3011
f 1918/586/3011 1947/615/3040 1948/616/3041
f 1918/586/3011 1948/616/3041 1919/587/3012
f 1919/587/3012 1948/616/3041 1949/617/3042
f 1919/587/3012 1949/617/3042 1920/588/3013
f 1920/588/3013 1949/617/3042 1950/618/3043
f 1920/588/3013 1950/618/3043 1921/589/3014
f 1921/589/3014 1950/618/3043 1951/619/3044
f 1921/589/3014 1951/619/3044 1922/590/3015
f 1922/590/3015 1951/619/3044 1952/620/3045
f 1922/590/3015 1952/620/3045 1923/591/3016
f 1923/591/3016 1952/620/3045 1953/621/3046
f 1923/591/3016 1953/621/3046 1924/592/3017
f 1924/592/3017 1953/621/3046 1954/622/3047
f 1924/592/3017 1954/622/3047 1925/593/3018
f 1925/593/3018 1954/622/3047 1955/623/3048
f 1925/593/3018 1955/623/3048 1926/594/3019
f 1926/594/3019 1955/623/3048 1956/624/3049
f 1926/594/3019 1956/624/3049 1927/595/3020
f 1927/595/3020 1956/624/3049 1957/625/3050
f 1927/595/3020 1957/625/3050 1928/596/3021
f 1928/596/3021 1957/625/3050 1958/626/3051
f 1928/596/3021 1958/626/3051 1929/597/3022
f 1929/597/3022 1958/626/3051 1959/627/3052
f 1929/597/3022 1959/627/3052 1930/598/3023
f 1930/598/3023 1959/627/3052 1960/628/3053
f 1930/598/3023 1960/628/3053 1931/406/3024
f 1931/406/3024 1960/628/3053 1961/629/3054
f 1931/406/3024 1961/629/3054 1932/599/3025
f 1932/599/3025 1961/629/3054 1962/630/3055
f 1932/599/3025 1962/630/3055 1933/600/3026
f 1933/600/3026 1962/630/3055 1963/631/3056
f 1933/600/3026 1963/631/3056 1934/601/3027
f 1934/601/3027 1963/631/3056 1964/632/3057
f 1934/601/3027 1964/632/3057 1935/602/3028
f 1935/602/3028 1964/632/3057 1965/633/3058
f 1935/602/3028 1965/633/3058 1936/603/3029
f 1936/603/3029 1965/633/3058 1966/634/3059
f 1936/603/3029 1966/634/3059 1937/604/3030
f 1937/604/3030 1966/634/3059 1967/635/3060
f 1937/604/3030 1967/635/3060 1938/605/3031
f 1938/605/3031 1967/635/3060 1968/636/3061
f 1938/605/3031 1968/636/3061 1939/606/3032
f 1939/606/3032 1968/636/3061 1969/637/3062
f 1939/606/3032 1969/637/3062 1940/607/3033
f 1940/607/3033 1969/637/3062 1970/638/3063
f 1940/607/3033 1970/638/3063 1941/608/3034
f 1941/608/3034 1970/638/3063 1971/639/3064
f 1941/608/3034 1971/639/3064 1942/609/3035
f 1942/609/3035 1971/639/3064 1972/640/3065
f 1942/609/3035 1972/640/3065 1943/610/3036
f 1943/610/3036 1972/640/3065 1973/641/3066
f 1943/610/3036 1973/641/3066 1944/611/3037
f 1944/611/3037 1973/641/3066 1974/642/3067
f 1944/611/3037 1974/642/3067 1945/584/3009
f 1945/584/3009 1974/642/3067 1975/613/3039
f 1945/584/3009 1975/613/3039 1916/19/3008
f 1946/612/3038 1976/643/3068 1947/615/3040
f 1946/614/3038 2005/644/3069 1976/645/3068
f 1947/615/3040 1976/643/3068 1977/646/3070
f 1947/615/3040 1977/646/3070 1948/616/3041
f 1948/616/3041 1977/646/3070 1978/647/3071
f 1948/616/3041 1978/647/3071 1949/617/3042
f 1949/617/3042 1978/647/3071 1979/648/3072
f 1949/617/3042 1979/648/3072 1950/618/3043
f 1950/618/3043 1979/648/3072 1980/649/3073
f 1950/618/3043 1980/649/3073 1951/619/3044
f 1951/619/3044 1980/649/3073 1981/650/3074
f 1951/619/3044 1981/650/3074 1952/620/3045
f 1952/620/3045 1981/650/3074 1982/651/3075
f 1952/620/3045 1982/651/3075 1953/621/3046
f 1953/621/3046 1982/651/3075 1983/652/3076
f 1953/621/3046 1983/652/3076 1954/622/3047
f 1954/622/3047 1983/652/3076 1984/653/3077
f 1954/622/3047 1984/653/3077 1955/623/3048
f 1955/623/3048 1984/653/3077 1985/654/3078
f 1955/623/3048 1985/654/3078 1956/624/3049
f 1956/624/3049 1985/654/3078 1986/655/3079
f 1956/624/3049 1986/655/3079 1957/625/3050
f 1957/625/3050 1986/655/3079 1987/656/3080
f 1957/625/3050 1987/656/3080 1958/626/3051
f 1958/626/3051 1987/656/3080 1988/657/3081
f 1958/626/3051 1988/657/3081 1959/627/3052
f 1959/627/3052 1988/657/3081 1989/658/3082
f 1959/627/3052 1989/658/3082 1960/628/3053
f 1960/628/3053 1989/658/3082 1990/659/3083
f 1960/628/3053 1990/659/3083 1961/629/3054
f 1961/629/3054 1990/659/3083 1991/660/3084
f 1961/629/3054 1991/660/3084 1962/630/3055
f 1962/630/3055 1991/660/3084 1992/661/3085
f 1962/630/3055 1992/661/3085 1963/631/3056
f 1963/631/3056 1992/661/3085 1993/662/3086
f 1963/631/3056 1993/662/3086 1964/632/3057
f 1964/632/3057 1993/662/3086 1994/663/3087
f 1964/632/3057 1994/663/3087 1965/633/3058
f 1965/633/3058 1994/663/3087 1995/664/3088
f 1965/633/3058 1995/664/3088 1966/634/3059
f 1966/634/3059 1995/664/3088 1996/665/3089
f 1966/634/3059 1996/665/3089 1967/635/3060
f 1967/635/3060 1996/665/3089 1997/666/3090
f 1967/635/3060 1997/666/3090 1968/636/3061
f 1968/636/3061 1997/666/3090 1998/667/3091
f 1968/636/3061 1998/667/3091 1969/637/3062
f 1969/637/3062 1998/667/3091 1999/668/3092
f 1969/637/3062 1999/668/3092 1970/638/3063
f 1970/638/3063 1999/668/3092 2000/669/3093
f 1970/638/3063 2000/669/3093 1971/639/3064
f 1971/639/3064 2000/669/3093 2001/670/3094
f 1971/639/3064 2001/670/3094 1972/640/3065
f 1972/640/3065 2001/670/3094 2002/671/3095
f 1972/640/3065 2002/671/3095 1973/641/3066
f 1973/641/3066 2002/671/3095 2003/672/3096
f 1973/641/3066 2003/672/3096 1974/642/3067
f 1974/642/3067 2003/672/3096 2004/673/3097
f 1974/642/3067 2004/673/3097 1975/613/3039
f 1975/613/3039 2004/673/3097 2005/644/3069
f 1975/613/3039 2005/644/3069 1946/614/3038
f 1976/643/3068 2006/25/3098 1977/646/3070
f 1976/645/3068 2035/674/3099 2006/27/3098
f 1977/646/3070 2006/25/3098 2007/675/3100
f 1977/646/3070 2007/675/3100 1978/647/3071
f 1978/647/3071 2007/675/3100 2008/676/3101
f 1978/647/3071 2008/676/3101 1979/648/3072
f 1979/648/3072 2008/676/3101 2009/677/3102
f 1979/648/3072 2009/677/3102 1980/649/3073
f 1980/649/3073 2009/677/3102 2010/678/3103
f 1980/649/3073 2010/678/3103 1981/650/3074
f 1981/650/3074 2010/678/3103 2011/679/3104
f 1981/650/3074 2011/679/3104 1982/651/3075
f 1982/651/3075 2011/679/3104 2012/680/3105
f 1982/651/3075 2012/680/3105 1983/652/3076
f 1983/652/3076 2012/680/3105 2013/681/3106
f 1983/652/3076 2013/681/3106 1984/653/3077
f 1984/653/3077 2013/681/3106 2014/682/3107
f 1984/653/3077 2014/682/3107 1985/654/3078
f 1985/654/3078 2014/682/3107 2015/683/3108
f 1985/654/3078 2015/683/3108 1986/655/3079
f 1986/655/3079 2015/683/3108 2016/684/3109
f 1986/655/3079 2016/684/3109 1987/656/3080
f 1987/656/3080 2016/684/3109 2017/685/3110
f 1987/656/3080 2017/685/3110 1988/657/3081
f 1988/657/3081 2017/685/3110 2018/686/3111
f 1988/657/3081 2018/686/3111 1989/658/3082
f 1989/658/3082 2018/686/3111 2019/687/3112
f 1989/658/3082 2019/687/3112 1990/659/3083
f 1990/659/3083 2019/687/3112 2020/688/3113
f 1990/659/3083 2020/688/3113 1991/660/3084
f 1991/660/3084 2020/688/3113 2021/689/3114
f 1991/660/3084 2021/689/3114 1992/661/3085
f 1992/661/3085 2021/689/3114 2022/690/3115
f 1992/661/3085 2022/690/3115 1993/662/3086
f 1993/662/3086 2022/690/3115 2023/691/3116
f 1993/662/3086 2023/691/3116 1994/663/3087
f 1994/663/3087 2023/691/3116 2024/692/3117
f 1994/663/3087 2024/692/3117 1995/664/3088
f 1995/664/3088 2024/692/3117 2025/693/3118
f 1995/664/3088 2025/693/3118 1996/665/3089
f 1996/665/3089 2025/693/3118 2026/694/3119
f 1996/665/3089 2026/694/3119 1997/666/3090
f 1997/666/3090 2026/694/3119 2027/695/3120
f 1997/666/3090 2027/695/3120 1998/667/3091
f 1998/667/3091 2027/695/3120 2028/696/3121
f 1998/667/3091 2028/696/3121 1999/668/3092
f 1999/668/3092 2028/696/3121 2029/697/3122
f 1999/668/3092 2029/697/3122 2000/669/3093
f 2000/669/3093 2029/697/3122 2030/698/3123
f 2000/669/3093 2030/698/3123 2001/670/3094
f 2001/670/3094 2030/698/3123 2031/699/3124
f 2001/670/3094 2031/699/3124 2002/671/3095
f 2002/671/3095 2031/699/3124 2032/700/3125
f 2002/671/3095 2032/700/3125 2003/672/3096
f 2003/672/3096 2032/700/3125 2033/701/3126
f 2003/672/3096 2033/701/3126 2004/673/3097
f 2004/673/3097 2033/701/3126 2034/702/3127
f 2004/673/3097 2034/702/3127 2005/644/3069
f 2005/644/3069 2034/702/3127 2035/674/3099
f 2005/644/3069 2035/674/3099 1976/645/3068
f 2006/25/3098 2036/703/3128 2007/675/3100
f 2006/27/3098 2065/704/3129 2036/705/3128
f 2007/675/3100 2036/703/3128 2037/706/3130
f 2007/675/3100 2037/706/3130 2008/676/3101
f 2008/676/3101 2037/706/3130 2038/707/3131
f 2008/676/3101 2038/707/3131 2009/677/3102
f 2009/677/3102 2038/707/3131 2039/708/3132
f 2009/677/3102 2039/708/3132 2010/678/3103
f 2010/678/3103 2039/708/3132 2040/709/3133
f 2010/678/3103 2040/709/3133 2011/679/3104
f 2011/679/3104 2040/709/3133 2041/710/3134
f 2011/679/3104 2041/710/3134 2012/680/3105
f 2012/680/3105 2041/710/3134 2042/711/3135
f 2012/680/3105 2042/711/3135 2013/681/3106
f 2013/681/3106 2042/711/3135 2043/712/3136
f 2013/681/3106 2043/712/3136 2014/682/3107
f 2014/682/3107 2043/712/3136 2044/713/3137
f 2014/682/3107 2044/713/3137 2015/683/3108
f 2015/683/3108 2044/713/3137 2045/714/3138
f 2015/683/3108 2045/714/3138 2016/684/3109
f 2016/684/3109 2045/714/3138 2046/715/3139
f 2016/684/3109 2046/715/3139 2017/685/3110
f 2017/685/3110 2046/715/3139 2047/716/3140
f 2017/685/3110 2047/716/3140 2018/686/3111
f 2018/686/3111 2047/716/3140 2048/717/3141
f 2018/686/3111 2048/717/3141 2019/687/3112
f 2019/687/3112 2048/717/3141 2049/718/3142
f 2019/687/3112 2049/718/3142 2020/688/3113
f 2020/688/3113 2049/718/3142 2050/719/3143
f 2020/688/3113 2050/719/3143 2021/689/3114
f 2021/689/3114 2050/719/3143 2051/720/3144
f 2021/689/3114 2051/720/3144 2022/690/3115
f 2022/690/3115 2051/720/3144 2052/721/3145
f 2022/690/3115 2052/721/3145 2023/691/3116
f 2023/691/3116 2052/721/3145 2053/722/3146
f 2023/691/3116 2053/722/3146 2024/692/3117
f 2024/692/3117 2053/722/3146 2054/723/3147
f 2024/692/3117 2054/723/3147 2025/693/3118
f 2025/693/3118 2054/723/3147 2055/724/3148
f 2025/693/3118 2055/724/3148 2026/694/3119
f 2026/694/3119 2055/724/3148 2056/725/3149
f 2026/694/3119 2056/725/3149 2027/695/3120
f 2027/695/3120 2056/725/3149 2057/726/3150
f 2027/695/3120 2057/726/3150 2028/696/3121
f 2028/696/3121 2057/726/3150 2058/727/3151
f 2028/696/3121 2058/727/3151 2029/697/3122
f 2029/697/3122 2058/727/3151 2059/728/3152
f 2029/697/3122 2059/728/3152 2030/698/3123
f 2030/698/3123 2059/728/3152 2060/729/3153
f 2030/698/3123 2060/729/3153 2031/699/3124
f 2031/699/3124 2060/729/3153 2061/730/3154
f 2031/699/3124 2061/730/3154 2032/700/3125
f 2032/700/3125 2061/730/3154 2062/731/3155
f 2032/700/3125 2062/731/3155 2033/701/3126
f 2033/701/3126 2062/731/3155 2063/732/3156
f 2033/701/3126 2063/732/3156 2034/702/3127
f 2034/702/3127 2063/732/3156 2064/733/3157
f 2034/702/3127 2064/733/3157 2035/674/3099
f 2035/674/3099 2064/733/3157 2065/704/3129
f 2035/674/3099 2065/704/3129 2006/27/3098
f 2036/703/3128 2066/734/3158 2037/706/3130
f 2036/705/3128 2095/735/3159 2066/736/3158
f 2037/706/3130 2066/734/3158 2067/737/3160
f 2037/706/3130 2067/737/3161 2038/707/3131
f 2038/707/3131 2067/737/3161 2068/738/3162
f 2038/707/3131 2068/738/3162 2039/708/3132
f 2039/708/3132 2068/738/3162 2069/739/3163
f 2039/708/3132 2069/739/3163 2040/709/3133
f 2040/709/3133 2069/739/3163 2070/740/3164
f 2040/709/3133 2070/740/3164 2041/710/3134
f 2041/710/3134 2070/740/3164 2071/741/3165
f 2041/710/3134 2071/741/3165 2042/711/3135
f 2042/711/3135 2071/741/3165 2072/742/3166
f 2042/711/3135 2072/742/3167 2043/712/3136
f 2043/712/3136 2072/742/3168 2073/743/3169
f 2043/712/3136 2073/743/3169 2044/713/3137
f 2044/713/3137 2073/743/3169 2074/744/3170
f 2044/713/3137 2074/744/3170 2045/714/3138
f 2045/714/3138 2074/744/3170 2075/745/3171
f 2045/714/3138 2075/745/3171 2046/715/3139
f 2046/715/3139 2075/745/3171 2076/746/3172
f 2046/715/3139 2076/746/3172 2047/716/3140
f 2047/716/3140 2076/746/3172 2077/747/3173
f 2047/716/3140 2077/747/3173 2048/717/3141
f 2048/717/3141 2077/747/3173 2078/748/3174
f 2048/717/3141 2078/748/3174 2049/718/3142
f 2049/718/3142 2078/748/3174 2079/749/3175
f 2049/718/3142 2079/749/3176 2050/719/3143
f 2050/719/3143 2079/749/3176 2080/750/3177
f 2050/719/3143 2080/750/3177 2051/720/3144
f 2051/720/3144 2080/750/3177 2081/751/3178
f 2051/720/3144 2081/751/3178 2052/721/3145
f 2052/721/3145 2081/751/3178 2082/752/3179
f 2052/721/3145 2082/752/3179 2053/722/3146
f 2053/722/3146 2082/752/3179 2083/753/3180
f 2053/722/3146 2083/753/3180 2054/723/3147
f 2054/723/3147 2083/753/3180 2084/754/3181
f 2054/723/3147 2084/754/3181 2055/724/3148
f 2055/724/3148 2084/754/3181 2085/755/3182
f 2055/724/3148 2085/755/3182 2056/725/3149
f 2056/725/3149 2085/755/3182 2086/756/3183
f 2056/725/3149 2086/756/3183 2057/726/3150
f 2057/726/3150 2086/756/3183 2087/757/3184
f 2057/726/3150 2087/757/3185 2058/727/3151
f 2058/727/3151 2087/757/3185 2088/758/3186
f 2058/727/3151 2088/758/3187 2059/728/3152
f 2059/728/3152 2088/758/3187 2089/759/3188
f 2059/728/3152 2089/759/3188 2060/729/3153
f 2060/729/3153 2089/759/3188 2090/760/3189
f 2060/729/3153 2090/760/3189 2061/730/3154
f 2061/730/3154 2090/760/3189 2091/761/3190
f 2061/730/3154 2091/761/3190 2062/731/3155
f 2062/731/3155 2091/761/3190 2092/762/3191
f 2062/731/3155 2092/762/3191 2063/732/3156
f 2063/732/3156 2092/762/3191 2093/763/3192
f 2063/732/3156 2093/763/3192 2064/733/3157
f 2064/733/3157 2093/763/3192 2094/764/3193
f 2064/733/3157 2094/764/3193 2065/704/3129
f 2065/704/3129 2094/764/3193 2095/735/3159
f 2065/704/3129 2095/735/3159 2036/705/3128
usemtl VG07frt1.001
f 2885/1/3194 2915/431/3195 2886/354/3196
f 2885/4/3194 2944/432/3197 2915/433/3195
f 2886/354/3196 2915/431/3195 2916/434/3198
f 2886/354/3196 2916/434/3198 2887/355/3199
f 2887/355/3199 2916/434/3198 2917/435/3200
f 2887/355/3199 2917/435/3200 2888/356/3201
f 2888/356/3201 2917/435/3200 2918/436/3202
f 2888/356/3201 2918/436/3202 2889/357/3203
f 2889/357/3203 2918/436/3202 2919/437/3204
f 2889/357/3203 2919/437/3204 2890/359/3205
f 2890/359/3205 2919/437/3204 2920/438/3206
f 2890/359/3205 2920/438/3206 2891/360/3207
f 2891/360/3207 2920/438/3206 2921/439/3208
f 2891/360/3207 2921/439/3208 2892/361/3209
f 2892/361/3209 2921/439/3208 2922/440/3210
f 2892/361/3209 2922/440/3210 2893/362/3211
f 2893/362/3211 2922/440/3210 2923/441/3212
f 2893/362/3211 2923/441/3212 2894/363/3213
f 2894/363/3213 2923/441/3212 2924/442/3214
f 2894/363/3213 2924/442/3214 2895/364/3215
f 2895/364/3215 2924/442/3214 2925/443/3216
f 2895/364/3215 2925/443/3216 2896/365/3217
f 2896/365/3217 2925/443/3216 2926/444/3218
f 2896/365/3217 2926/444/3218 2897/366/3219
f 2897/366/3219 2926/444/3218 2927/445/3220
f 2897/366/3219 2927/445/3220 2898/367/3221
f 2898/367/3221 2927/445/3220 2928/446/3222
f 2898/367/3221 2928/446/3222 2899/368/3223
f 2899/368/3223 2928/446/3222 2929/447/3224
f 2899/368/3223 2929/447/3224 2900/369/3225
f 2900/369/3225 2929/447/3224 2930/448/3226
f 2900/369/3225 2930/448/3226 2901/370/3227
f 2901/370/3227 2930/448/3226 2931/449/3228
f 2901/370/3227 2931/449/3228 2902/371/3229
f 2902/371/3229 2931/449/3228 2932/450/3230
f 2902/371/3229 2932/450/3230 2903/372/3231
f 2903/372/3231 2932/450/3230 2933/451/3232
f 2903/372/3231 2933/451/3232 2904/373/3233
f 2904/373/3233 2933/451/3232 2934/452/3234
f 2904/373/3233 2934/452/3234 2905/374/3235
f 2905/374/3235 2934/452/3234 2935/453/3236
f 2905/374/3235 2935/453/3236 2906/375/3237
f 2906/375/3237 2935/453/3236 2936/454/3238
f 2906/375/3237 2936/454/3238 2907/376/3239
f 2907/376/3239 2936/454/3238 2937/455/3240
f 2907/376/3239 2937/455/3240 2908/377/3241
f 2908/377/3241 2937/455/3240 2938/456/3242
f 2908/377/3241 2938/456/3242 2909/378/3243
f 2909/378/3243 2938/456/3242 2939/457/3244
f 2909/378/3243 2939/457/3244 2910/379/3245
f 2910/379/3245 2939/457/3244 2940/458/3246
f 2910/379/3245 2940/458/3246 2911/380/3247
f 2911/380/3247 2940/458/3246 2941/459/3248
f 2911/380/3247 2941/459/3248 2912/381/3249
f 2912/381/3249 2941/459/3248 2942/460/3250
f 2912/381/3249 2942/460/3250 2913/382/3251
f 2913/382/3251 2942/460/3250 2943/461/3252
f 2913/382/3251 2943/461/3252 2914/358/3253
f 2914/358/3253 2943/461/3252 2944/432/3197
f 2914/358/3253 2944/432/3197 2885/4/3194
f 2915/431/3195 2945/462/3254 2916/434/3198
f 2915/433/3195 2974/463/3255 2945/464/3254
f 2916/434/3198 2945/462/3254 2946/465/3256
f 2916/434/3198 2946/465/3256 2917/435/3200
f 2917/435/3200 2946/465/3256 2947/466/3257
f 2917/435/3200 2947/466/3257 2918/436/3202
f 2918/436/3202 2947/466/3257 2948/467/3258
f 2918/436/3202 2948/467/3258 2919/437/3204
f 2919/437/3204 2948/467/3258 2949/468/3259
f 2919/437/3204 2949/468/3259 2920/438/3206
f 2920/438/3206 2949/468/3259 2950/469/3260
f 2920/438/3206 2950/469/3260 2921/439/3208
f 2921/439/3208 2950/469/3260 2951/470/3261
f 2921/439/3208 2951/470/3261 2922/440/3210
f 2922/440/3210 2951/470/3261 2952/471/3262
f 2922/440/3210 2952/471/3262 2923/441/3212
f 2923/441/3212 2952/471/3262 2953/472/3263
f 2923/441/3212 2953/472/3263 2924/442/3214
f 2924/442/3214 2953/472/3263 2954/473/3264
f 2924/442/3214 2954/473/3264 2925/443/3216
f 2925/443/3216 2954/473/3264 2955/474/3265
f 2925/443/3216 2955/474/3265 2926/444/3218
f 2926/444/3218 2955/474/3265 2956/475/3266
f 2926/444/3218 2956/475/3266 2927/445/3220
f 2927/445/3220 2956/475/3266 2957/476/3267
f 2927/445/3220 2957/476/3267 2928/446/3222
f 2928/446/3222 2957/476/3267 2958/477/3268
f 2928/446/3222 2958/477/3268 2929/447/3224
f 2929/447/3224 2958/477/3268 2959/478/3269
f 2929/447/3224 2959/478/3269 2930/448/3226
f 2930/448/3226 2959/478/3269 2960/479/3270
f 2930/448/3226 2960/479/3270 2931/449/3228
f 2931/449/3228 2960/479/3270 2961/480/3271
f 2931/449/3228 2961/480/3271 2932/450/3230
f 2932/450/3230 2961/480/3271 2962/481/3272
f 2932/450/3230 2962/481/3272 2933/451/3232
f 2933/451/3232 2962/481/3272 2963/482/3273
f 2933/451/3232 2963/482/3273 2934/452/3234
f 2934/452/3234 2963/482/3273 2964/483/3274
f 2934/452/3234 2964/483/3274 2935/453/3236
f 2935/453/3236 2964/483/3274 2965/484/3275
f 2935/453/3236 2965/484/3275 2936/454/3238
f 2936/454/3238 2965/484/3275 2966/485/3276
f 2936/454/3238 2966/485/3276 2937/455/3240
f 2937/455/3240 2966/485/3276 2967/486/3277
f 2937/455/3240 2967/486/3277 2938/456/3242
f 2938/456/3242 2967/486/3277 2968/487/3278
f 2938/456/3242 2968/487/3278 2939/457/3244
f 2939/457/3244 2968/487/3278 2969/488/3279
f 2939/457/3244 2969/488/3279 2940/458/3246
f 2940/458/3246 2969/488/3279 2970/489/3280
f 2940/458/3246 2970/489/3280 2941/459/3248
f 2941/459/3248 2970/489/3280 2971/490/3281
f 2941/459/3248 2971/490/3281 2942/460/3250
f 2942/460/3250 2971/490/3281 2972/491/3282
f 2942/460/3250 2972/491/3282 2943/461/3252
f 2943/461/3252 2972/491/3282 2973/492/3283
f 2943/461/3252 2973/492/3283 2944/432/3197
f 2944/432/3197 2973/492/3283 2974/463/3255
f 2944/432/3197 2974/463/3255 2915/433/3195
f 2945/462/3254 2975/2/3284 2946/465/3256
f 2945/464/3254 3004/493/3285 2975/6/3284
f 2946/465/3256 2975/2/3284 2976/494/3286
f 2946/465/3256 2976/494/3286 2947/466/3257
f 2947/466/3257 2976/494/3286 2977/495/3287
f 2947/466/3257 2977/495/3287 2948/467/3258
f 2948/467/3258 2977/495/3287 2978/496/3288
f 2948/467/3258 2978/496/3288 2949/468/3259
f 2949/468/3259 2978/496/3288 2979/497/3289
f 2949/468/3259 2979/497/3289 2950/469/3260
f 2950/469/3260 2979/497/3289 2980/498/3290
f 2950/469/3260 2980/498/3290 2951/470/3261
f 2951/470/3261 2980/498/3290 2981/499/3291
f 2951/470/3261 2981/499/3291 2952/471/3262
f 2952/471/3262 2981/499/3291 2982/500/3292
f 2952/471/3262 2982/500/3292 2953/472/3263
f 2953/472/3263 2982/500/3292 2983/501/3293
f 2953/472/3263 2983/501/3293 2954/473/3264
f 2954/473/3264 2983/501/3293 2984/502/3294
f 2954/473/3264 2984/502/3294 2955/474/3265
f 2955/474/3265 2984/502/3294 2985/503/3295
f 2955/474/3265 2985/503/3295 2956/475/3266
f 2956/475/3266 2985/503/3295 2986/504/3296
f 2956/475/3266 2986/504/3296 2957/476/3267
f 2957/476/3267 2986/504/3296 2987/505/3297
f 2957/476/3267 2987/505/3297 2958/477/3268
f 2958/477/3268 2987/505/3297 2988/506/3298
f 2958/477/3268 2988/506/3298 2959/478/3269
f 2959/478/3269 2988/506/3298 2989/507/3299
f 2959/478/3269 2989/507/3299 2960/479/3270
f 2960/479/3270 2989/507/3299 2990/508/3300
f 2960/479/3270 2990/508/3300 2961/480/3271
f 2961/480/3271 2990/508/3300 2991/509/3301
f 2961/480/3271 2991/509/3301 2962/481/3272
f 2962/481/3272 2991/509/3301 2992/510/3302
f 2962/481/3272 2992/510/3302 2963/482/3273
f 2963/482/3273 2992/510/3302 2993/511/3303
f 2963/482/3273 2993/511/3303 2964/483/3274
f 2964/483/3274 2993/511/3303 2994/512/3304
f 2964/483/3274 2994/512/3304 2965/484/3275
f 2965/484/3275 2994/512/3304 2995/513/3305
f 2965/484/3275 2995/513/3305 2966/485/3276
f 2966/485/3276 2995/513/3305 2996/514/3306
f 2966/485/3276 2996/514/3306 2967/486/3277
f 2967/486/3277 2996/514/3306 2997/515/3307
f 2967/486/3277 2997/515/3307 2968/487/3278
f 2968/487/3278 2997/515/3307 2998/516/3308
f 2968/487/3278 2998/516/3308 2969/488/3279
f 2969/488/3279 2998/516/3308 2999/517/3309
f 2969/488/3279 2999/517/3309 2970/489/3280
f 2970/489/3280 2999/517/3309 3000/518/3310
f 2970/489/3280 3000/518/3310 2971/490/3281
f 2971/490/3281 3000/518/3310 3001/519/3311
f 2971/490/3281 3001/519/3311 2972/491/3282
f 2972/491/3282 3001/519/3311 3002/520/3312
f 2972/491/3282 3002/520/3312 2973/492/3283
f 2973/492/3283 3002/520/3312 3003/521/3313
f 2973/492/3283 3003/521/3313 2974/463/3255
f 2974/463/3255 3003/521/3313 3004/493/3285
f 2974/463/3255 3004/493/3285 2945/464/3254
f 2975/2/3284 3005/522/3314 2976/494/3286
f 2975/6/3284 3034/523/3315 3005/524/3314
f 2976/494/3286 3005/522/3314 3006/525/3316
f 2976/494/3286 3006/525/3316 2977/495/3287
f 2977/495/3287 3006/525/3316 3007/526/3317
f 2977/495/3287 3007/526/3317 2978/496/3288
f 2978/496/3288 3007/526/3317 3008/527/3318
f 2978/496/3288 3008/527/3318 2979/497/3289
f 2979/497/3289 3008/527/3318 3009/528/3319
f 2979/497/3289 3009/528/3319 2980/498/3290
f 2980/498/3290 3009/528/3319 3010/529/3320
f 2980/498/3290 3010/529/3320 2981/499/3291
f 2981/499/3291 3010/529/3320 3011/530/3321
f 2981/499/3291 3011/530/3321 2982/500/3292
f 2982/500/3292 3011/530/3321 3012/531/3322
f 2982/500/3292 3012/531/3322 2983/501/3293
f 2983/501/3293 3012/531/3322 3013/532/3323
f 2983/501/3293 3013/532/3323 2984/502/3294
f 2984/502/3294 3013/532/3323 3014/533/3324
f 2984/502/3294 3014/533/3324 2985/503/3295
f 2985/503/3295 3014/533/3324 3015/534/3325
f 2985/503/3295 3015/534/3325 2986/504/3296
f 2986/504/3296 3015/534/3325 3016/535/3326
f 2986/504/3296 3016/535/3326 2987/505/3297
f 2987/505/3297 3016/535/3326 3017/536/3327
f 2987/505/3297 3017/536/3327 2988/506/3298
f 2988/506/3298 3017/536/3327 3018/537/3328
f 2988/506/3298 3018/537/3328 2989/507/3299
f 2989/507/3299 3018/537/3328 3019/538/3329
f 2989/507/3299 3019/538/3329 2990/508/3300
f 2990/508/3300 3019/538/3329 3020/539/3330
f 2990/508/3300 3020/539/3330 2991/509/3301
f 2991/509/3301 3020/539/3330 3021/540/3331
f 2991/509/3301 3021/540/3331 2992/510/3302
f 2992/510/3302 3021/540/3331 3022/541/3332
f 2992/510/3302 3022/541/3332 2993/511/3303
f 2993/511/3303 3022/541/3332 3023/542/3333
f 2993/511/3303 3023/542/3333 2994/512/3304
f 2994/512/3304 3023/542/3333 3024/543/3334
f 2994/512/3304 3024/543/3334 2995/513/3305
f 2995/513/3305 3024/543/3334 3025/544/3335
f 2995/513/3305 3025/544/3335 2996/514/3306
f 2996/514/3306 3025/544/3335 3026/545/3336
f 2996/514/3306 3026/545/3336 2997/515/3307
f 2997/515/3307 3026/545/3336 3027/546/3337
f 2997/515/3307 3027/546/3337 2998/516/3308
f 2998/516/3308 3027/546/3337 3028/547/3338
f 2998/516/3308 3028/547/3338 2999/517/3309
f 2999/517/3309 3028/547/3338 3029/548/3339
f 2999/517/3309 3029/548/3339 3000/518/3310
f 3000/518/3310 3029/548/3339 3030/549/3340
f 3000/518/3310 3030/549/3340 3001/519/3311
f 3001/519/3311 3030/549/3340 3031/550/3341
f 3001/519/3311 3031/550/3341 3002/520/3312
f 3002/520/3312 3031/550/3341 3032/551/3342
f 3002/520/3312 3032/551/3342 3003/521/3313
f 3003/521/3313 3032/551/3342 3033/552/3343
f 3003/521/3313 3033/552/3343 3004/493/3285
f 3004/493/3285 3033/552/3343 3034/523/3315
f 3004/493/3285 3034/523/3315 2975/6/3284
f 3005/522/3314 3035/553/3344 3006/525/3316
f 3005/524/3314 3064/554/3345 3035/555/3344
f 3006/525/3316 3035/553/3344 3036/556/3346
f 3006/525/3316 3036/556/3346 3007/526/3317
f 3007/526/3317 3036/556/3346 3037/557/3347
f 3007/526/3317 3037/557/3347 3008/527/3318
f 3008/527/3318 3037/557/3347 3038/558/3348
f 3008/527/3318 3038/558/3348 3009/528/3319
f 3009/528/3319 3038/558/3348 3039/559/3349
f 3009/528/3319 3039/559/3349 3010/529/3320
f 3010/529/3320 3039/559/3349 3040/560/3350
f 3010/529/3320 3040/560/3350 3011/530/3321
f 3011/530/3321 3040/560/3350 3041/561/3351
f 3011/530/3321 3041/561/3351 3012/531/3322
f 3012/531/3322 3041/561/3351 3042/562/3352
f 3012/531/3322 3042/562/3352 3013/532/3323
f 3013/532/3323 3042/562/3352 3043/563/3353
f 3013/532/3323 3043/563/3353 3014/533/3324
f 3014/533/3324 3043/563/3353 3044/564/3354
f 3014/533/3324 3044/564/3354 3015/534/3325
f 3015/534/3325 3044/564/3354 3045/565/3355
f 3015/534/3325 3045/565/3355 3016/535/3326
f 3016/535/3326 3045/565/3355 3046/566/3356
f 3016/535/3326 3046/566/3356 3017/536/3327
f 3017/536/3327 3046/566/3356 3047/567/3357
f 3017/536/3327 3047/567/3357 3018/537/3328
f 3018/537/3328 3047/567/3357 3048/568/3358
f 3018/537/3328 3048/568/3358 3019/538/3329
f 3019/538/3329 3048/568/3358 3049/569/3359
f 3019/538/3329 3049/569/3359 3020/539/3330
f 3020/539/3330 3049/569/3359 3050/570/3360
f 3020/539/3330 3050/570/3360 3021/540/3331
f 3021/540/3331 3050/570/3360 3051/571/3361
f 3021/540/3331 3051/571/3361 3022/541/3332
f 3022/541/3332 3051/571/3361 3052/572/3362
f 3022/541/3332 3052/572/3362 3023/542/3333
f 3023/542/3333 3052/572/3362 3053/573/3363
f 3023/542/3333 3053/573/3363 3024/543/3334
f 3024/543/3334 3053/573/3363 3054/574/3364
f 3024/543/3334 3054/574/3364 3025/544/3335
f 3025/544/3335 3054/574/3364 3055/575/3365
f 3025/544/3335 3055/575/3365 3026/545/3336
f 3026/545/3336 3055/575/3365 3056/576/3366
f 3026/545/3336 3056/576/3366 3027/546/3337
f 3027/546/3337 3056/576/3366 3057/577/3367
f 3027/546/3337 3057/577/3367 3028/547/3338
f 3028/547/3338 3057/577/3367 3058/578/3368
f 3028/547/3338 3058/578/3368 3029/548/3339
f 3029/548/3339 3058/578/3368 3059/579/3369
f 3029/548/3339 3059/579/3369 3030/549/3340
f 3030/549/3340 3059/579/3369 3060/580/3370
f 3030/549/3340 3060/580/3370 3031/550/3341
f 3031/550/3341 3060/580/3370 3061/581/3371
f 3031/550/3341 3061/581/3371 3032/551/3342
f 3032/551/3342 3061/581/3371 3062/582/3372
f 3032/551/3342 3062/582/3372 3033/552/3343
f 3033/552/3343 3062/582/3372 3063/583/3373
f 3033/552/3343 3063/583/3373 3034/523/3315
f 3034/523/3315 3063/583/3373 3064/554/3345
f 3034/523/3315 3064/554/3345 3005/524/3314
f 3035/553/3344 3065/17/3374 3036/556/3346
f 3035/555/3344 3094/584/3375 3065/19/3374
f 3036/556/3346 3065/17/3374 3066/585/3376
f 3036/556/3346 3066/585/3376 3037/557/3347
f 3037/557/3347 3066/585/3376 3067/586/3377
f 3037/557/3347 3067/586/3377 3038/558/3348
f 3038/558/3348 3067/586/3377 3068/587/3378
f 3038/558/3348 3068/587/3378 3039/559/3349
f 3039/559/3349 3068/587/3378 3069/588/3379
f 3039/559/3349 3069/588/3379 3040/560/3350
f 3040/560/3350 3069/588/3379 3070/589/3380
f 3040/560/3350 3070/589/3380 3041/561/3351
f 3041/561/3351 3070/589/3380 3071/590/3381
f 3041/561/3351 3071/590/3381 3042/562/3352
f 3042/562/3352 3071/590/3381 3072/591/3382
f 3042/562/3352 3072/591/3382 3043/563/3353
f 3043/563/3353 3072/591/3382 3073/592/3383
f 3043/563/3353 3073/592/3383 3044/564/3354
f 3044/564/3354 3073/592/3383 3074/593/3384
f 3044/564/3354 3074/593/3384 3045/565/3355
f 3045/565/3355 3074/593/3384 3075/594/3385
f 3045/565/3355 3075/594/3385 3046/566/3356
f 3046/566/3356 3075/594/3385 3076/595/3386
f 3046/566/3356 3076/595/3386 3047/567/3357
f 3047/567/3357 3076/595/3386 3077/596/3387
f 3047/567/3357 3077/596/3387 3048/568/3358
f 3048/568/3358 3077/596/3387 3078/597/3388
f 3048/568/3358 3078/597/3388 3049/569/3359
f 3049/569/3359 3078/597/3388 3079/598/3389
f 3049/569/3359 3079/598/3389 3050/570/3360
f 3050/570/3360 3079/598/3389 3080/406/3390
f 3050/570/3360 3080/406/3390 3051/571/3361
f 3051/571/3361 3080/406/3390 3081/599/3391
f 3051/571/3361 3081/599/3391 3052/572/3362
f 3052/572/3362 3081/599/3391 3082/600/3392
f 3052/572/3362 3082/600/3392 3053/573/3363
f 3053/573/3363 3082/600/3392 3083/601/3393
f 3053/573/3363 3083/601/3393 3054/574/3364
f 3054/574/3364 3083/601/3393 3084/602/3394
f 3054/574/3364 3084/602/3394 3055/575/3365
f 3055/575/3365 3084/602/3394 3085/603/3395
f 3055/575/3365 3085/603/3395 3056/576/3366
f 3056/576/3366 3085/603/3395 3086/604/3396
f 3056/576/3366 3086/604/3396 3057/577/3367
f 3057/577/3367 3086/604/3396 3087/605/3397
f 3057/577/3367 3087/605/3397 3058/578/3368
f 3058/578/3368 3087/605/3397 3088/606/3398
f 3058/578/3368 3088/606/3398 3059/579/3369
f 3059/579/3369 3088/606/3398 3089/607/3399
f 3059/579/3369 3089/607/3399 3060/580/3370
f 3060/580/3370 3089/607/3399 3090/608/3400
f 3060/580/3370 3090/608/3400 3061/581/3371
f 3061/581/3371 3090/608/3400 3091/609/3401
f 3061/581/3371 3091/609/3401 3062/582/3372
f 3062/582/3372 3091/609/3401 3092/610/3402
f 3062/582/3372 3092/610/3402 3063/583/3373
f 3063/583/3373 3092/610/3402 3093/611/3403
f 3063/583/3373 3093/611/3403 3064/554/3345
f 3064/554/3345 3093/611/3403 3094/584/3375
f 3064/554/3345 3094/584/3375 3035/555/3344
f 3065/17/3374 3095/612/3404 3066/585/3376
f 3065/19/3374 3124/613/3405 3095/614/3404
f 3066/585/3376 3095/612/3404 3096/615/3406
f 3066/585/3376 3096/615/3406 3067/586/3377
f 3067/586/3377 3096/615/3406 3097/616/3407
f 3067/586/3377 3097/616/3407 3068/587/3378
f 3068/587/3378 3097/616/3407 3098/617/3408
f 3068/587/3378 3098/617/3408 3069/588/3379
f 3069/588/3379 3098/617/3408 3099/618/3409
f 3069/588/3379 3099/618/3409 3070/589/3380
f 3070/589/3380 3099/618/3409 3100/619/3410
f 3070/589/3380 3100/619/3410 3071/590/3381
f 3071/590/3381 3100/619/3410 3101/620/3411
f 3071/590/3381 3101/620/3411 3072/591/3382
f 3072/591/3382 3101/620/3411 3102/621/3412
f 3072/591/3382 3102/621/3412 3073/592/3383
f 3073/592/3383 3102/621/3412 3103/622/3413
f 3073/592/3383 3103/622/3413 3074/593/3384
f 3074/593/3384 3103/622/3413 3104/623/3414
f 3074/593/3384 3104/623/3414 3075/594/3385
f 3075/594/3385 3104/623/3414 3105/624/3415
f 3075/594/3385 3105/624/3415 3076/595/3386
f 3076/595/3386 3105/624/3415 3106/625/3416
f 3076/595/3386 3106/625/3416 3077/596/3387
f 3077/596/3387 3106/625/3416 3107/626/3417
f 3077/596/3387 3107/626/3417 3078/597/3388
f 3078/597/3388 3107/626/3417 3108/627/3418
f 3078/597/3388 3108/627/3418 3079/598/3389
f 3079/598/3389 3108/627/3418 3109/628/3419
f 3079/598/3389 3109/628/3419 3080/406/3390
f 3080/406/3390 3109/628/3419 3110/629/3420
f 3080/406/3390 3110/629/3420 3081/599/3391
f 3081/599/3391 3110/629/3420 3111/630/3421
f 3081/599/3391 3111/630/3421 3082/600/3392
f 3082/600/3392 3111/630/3421 3112/631/3422
f 3082/600/3392 3112/631/3422 3083/601/3393
f 3083/601/3393 3112/631/3422 3113/632/3423
f 3083/601/3393 3113/632/3423 3084/602/3394
f 3084/602/3394 3113/632/3423 3114/633/3424
f 3084/602/3394 3114/633/3424 3085/603/3395
f 3085/603/3395 3114/633/3424 3115/634/3425
f 3085/603/3395 3115/634/3425 3086/604/3396
f 3086/604/3396 3115/634/3425 3116/635/3426
f 3086/604/3396 3116/635/3426 3087/605/3397
f 3087/605/3397 3116/635/3426 3117/636/3427
f 3087/605/3397 3117/636/3427 3088/606/3398
f 3088/606/3398 3117/636/3427 3118/637/3428
f 3088/606/3398 3118/637/3428 3089/607/3399
f 3089/607/3399 3118/637/3428 3119/638/3429
f 3089/607/3399 3119/638/3429 3090/608/3400
f 3090/608/3400 3119/638/3429 3120/639/3430
f 3090/608/3400 3120/639/3430 3091/609/3401
f 3091/609/3401 3120/639/3430 3121/640/3431
f 3091/609/3401 3121/640/3431 3092/610/3402
f 3092/610/3402 3121/640/3431 3122/641/3432
f 3092/610/3402 3122/641/3432 3093/611/3403
f 3093/611/3403 3122/641/3432 3123/642/3433
f 3093/611/3403 3123/642/3433 3094/584/3375
f 3094/584/3375 3123/642/3433 3124/613/3405
f 3094/584/3375 3124/613/3405 3065/19/3374
f 3095/612/3404 3125/643/3434 3096/615/3406
f 3095/614/3404 3154/644/3435 3125/645/3434
f 3096/615/3406 3125/643/3434 3126/646/3436
f 3096/615/3406 3126/646/3436 3097/616/3407
f 3097/616/3407 3126/646/3436 3127/647/3437
f 3097/616/3407 3127/647/3437 3098/617/3408
f 3098/617/3408 3127/647/3437 3128/648/3438
f 3098/617/3408 3128/648/3438 3099/618/3409
f 3099/618/3409 3128/648/3438 3129/649/3439
f 3099/618/3409 3129/649/3439 3100/619/3410
f 3100/619/3410 3129/649/3439 3130/650/3440
f 3100/619/3410 3130/650/3440 3101/620/3411
f 3101/620/3411 3130/650/3440 3131/651/3441
f 3101/620/3411 3131/651/3441 3102/621/3412
f 3102/621/3412 3131/651/3441 3132/652/3442
f 3102/621/3412 3132/652/3442 3103/622/3413
f 3103/622/3413 3132/652/3442 3133/653/3443
f 3103/622/3413 3133/653/3443 3104/623/3414
f 3104/623/3414 3133/653/3443 3134/654/3444
f 3104/623/3414 3134/654/3444 3105/624/3415
f 3105/624/3415 3134/654/3444 3135/655/3445
f 3105/624/3415 3135/655/3445 3106/625/3416
f 3106/625/3416 3135/655/3445 3136/656/3446
f 3106/625/3416 3136/656/3446 3107/626/3417
f 3107/626/3417 3136/656/3446 3137/657/3447
f 3107/626/3417 3137/657/3447 3108/627/3418
f 3108/627/3418 3137/657/3447 3138/658/3448
f 3108/627/3418 3138/658/3448 3109/628/3419
f 3109/628/3419 3138/658/3448 3139/659/3449
f 3109/628/3419 3139/659/3449 3110/629/3420
f 3110/629/3420 3139/659/3449 3140/660/3450
f 3110/629/3420 3140/660/3450 3111/630/3421
f 3111/630/3421 3140/660/3450 3141/661/3451
f 3111/630/3421 3141/661/3451 3112/631/3422
f 3112/631/3422 3141/661/3451 3142/662/3452
f 3112/631/3422 3142/662/3452 3113/632/3423
f 3113/632/3423 3142/662/3452 3143/663/3453
f 3113/632/3423 3143/663/3453 3114/633/3424
f 3114/633/3424 3143/663/3453 3144/664/3454
f 3114/633/3424 3144/664/3454 3115/634/3425
f 3115/634/3425 3144/664/3454 3145/665/3455
f 3115/634/3425 3145/665/3455 3116/635/3426
f 3116/635/3426 3145/665/3455 3146/666/3456
f 3116/635/3426 3146/666/3456 3117/636/3427
f 3117/636/3427 3146/666/3456 3147/667/3457
f 3117/636/3427 3147/667/3457 3118/637/3428
f 3118/637/3428 3147/667/3457 3148/668/3458
f 3118/637/3428 3148/668/3458 3119/638/3429
f 3119/638/3429 3148/668/3458 3149/669/3459
f 3119/638/3429 3149/669/3459 3120/639/3430
f 3120/639/3430 3149/669/3459 3150/670/3460
f 3120/639/3430 3150/670/3460 3121/640/3431
f 3121/640/3431 3150/670/3460 3151/671/3461
f 3121/640/3431 3151/671/3461 3122/641/3432
f 3122/641/3432 3151/671/3461 3152/672/3462
f 3122/641/3432 3152/672/3462 3123/642/3433
f 3123/642/3433 3152/672/3462 3153/673/3463
f 3123/642/3433 3153/673/3463 3124/613/3405
f 3124/613/3405 3153/673/3463 3154/644/3435
f 3124/613/3405 3154/644/3435 3095/614/3404
f 3125/643/3434 3155/25/3464 3126/646/3436
f 3125/645/3434 3184/674/3465 3155/27/3464
f 3126/646/3436 3155/25/3464 3156/675/3466
f 3126/646/3436 3156/675/3466 3127/647/3437
f 3127/647/3437 3156/675/3466 3157/676/3467
f 3127/647/3437 3157/676/3467 3128/648/3438
f 3128/648/3438 3157/676/3467 3158/677/3468
f 3128/648/3438 3158/677/3468 3129/649/3439
f 3129/649/3439 3158/677/3468 3159/678/3469
f 3129/649/3439 3159/678/3469 3130/650/3440
f 3130/650/3440 3159/678/3469 3160/679/3470
f 3130/650/3440 3160/679/3470 3131/651/3441
f 3131/651/3441 3160/679/3470 3161/680/3471
f 3131/651/3441 3161/680/3471 3132/652/3442
f 3132/652/3442 3161/680/3471 3162/681/3472
f 3132/652/3442 3162/681/3472 3133/653/3443
f 3133/653/3443 3162/681/3472 3163/682/3473
f 3133/653/3443 3163/682/3473 3134/654/3444
f 3134/654/3444 3163/682/3473 3164/683/3474
f 3134/654/3444 3164/683/3474 3135/655/3445
f 3135/655/3445 3164/683/3474 3165/684/3475
f 3135/655/3445 3165/684/3475 3136/656/3446
f 3136/656/3446 3165/684/3475 3166/685/3476
f 3136/656/3446 3166/685/3476 3137/657/3447
f 3137/657/3447 3166/685/3476 3167/686/3477
f 3137/657/3447 3167/686/3477 3138/658/3448
f 3138/658/3448 3167/686/3477 3168/687/3478
f 3138/658/3448 3168/687/3478 3139/659/3449
f 3139/659/3449 3168/687/3478 3169/688/3479
f 3139/659/3449 3169/688/3479 3140/660/3450
f 3140/660/3450 3169/688/3479 3170/689/3480
f 3140/660/3450 3170/689/3480 3141/661/3451
f 3141/661/3451 3170/689/3480 3171/690/3481
f 3141/661/3451 3171/690/3481 3142/662/3452
f 3142/662/3452 3171/690/3481 3172/691/3482
f 3142/662/3452 3172/691/3482 3143/663/3453
f 3143/663/3453 3172/691/3482 3173/692/3483
f 3143/663/3453 3173/692/3483 3144/664/3454
f 3144/664/3454 3173/692/3483 3174/693/3484
f 3144/664/3454 3174/693/3484 3145/665/3455
f 3145/665/3455 3174/693/3484 3175/694/3485
f 3145/665/3455 3175/694/3485 3146/666/3456
f 3146/666/3456 3175/694/3485 3176/695/3486
f 3146/666/3456 3176/695/3486 3147/667/3457
f 3147/667/3457 3176/695/3486 3177/696/3487
f 3147/667/3457 3177/696/3487 3148/668/3458
f 3148/668/3458 3177/696/3487 3178/697/3488
f 3148/668/3458 3178/697/3488 3149/669/3459
f 3149/669/3459 3178/697/3488 3179/698/3489
f 3149/669/3459 3179/698/3489 3150/670/3460
f 3150/670/3460 3179/698/3489 3180/699/3490
f 3150/670/3460 3180/699/3490 3151/671/3461
f 3151/671/3461 3180/699/3490 3181/700/3491
f 3151/671/3461 3181/700/3491 3152/672/3462
f 3152/672/3462 3181/700/3491 3182/701/3492
f 3152/672/3462 3182/701/3492 3153/673/3463
f 3153/673/3463 3182/701/3492 3183/702/3493
f 3153/673/3463 3183/702/3493 3154/644/3435
f 3154/644/3435 3183/702/3493 3184/674/3465
f 3154/644/3435 3184/674/3465 3125/645/3434
f 3155/25/3464 3185/703/3494 3156/675/3466
f 3155/27/3464 3214/704/3495 3185/705/3494
f 3156/675/3466 3185/703/3494 3186/706/3496
f 3156/675/3466 3186/706/3496 3157/676/3467
f 3157/676/3467 3186/706/3496 3187/707/3497
f 3157/676/3467 3187/707/3497 3158/677/3468
f 3158/677/3468 3187/707/3497 3188/708/3498
f 3158/677/3468 3188/708/3498 3159/678/3469
f 3159/678/3469 3188/708/3498 3189/709/3499
f 3159/678/3469 3189/709/3499 3160/679/3470
f 3160/679/3470 3189/709/3499 3190/710/3500
f 3160/679/3470 3190/710/3500 3161/680/3471
f 3161/680/3471 3190/710/3500 3191/711/3501
f 3161/680/3471 3191/711/3501 3162/681/3472
f 3162/681/3472 3191/711/3501 3192/712/3502
f 3162/681/3472 3192/712/3502 3163/682/3473
f 3163/682/3473 3192/712/3502 3193/713/3503
f 3163/682/3473 3193/713/3503 3164/683/3474
f 3164/683/3474 3193/713/3503 3194/714/3504
f 3164/683/3474 3194/714/3504 3165/684/3475
f 3165/684/3475 3194/714/3504 3195/715/3505
f 3165/684/3475 3195/715/3505 3166/685/3476
f 3166/685/3476 3195/715/3505 3196/716/3506
f 3166/685/3476 3196/716/3506 3167/686/3477
f 3167/686/3477 3196/716/3506 3197/717/3507
f 3167/686/3477 3197/717/3507 3168/687/3478
f 3168/687/3478 3197/717/3507 3198/718/3508
f 3168/687/3478 3198/718/3508 3169/688/3479
f 3169/688/3479 3198/718/3508 3199/719/3509
f 3169/688/3479 3199/719/3509 3170/689/3480
f 3170/689/3480 3199/719/3509 3200/720/3510
f 3170/689/3480 3200/720/3510 3171/690/3481
f 3171/690/3481 3200/720/3510 3201/721/3511
f 3171/690/3481 3201/721/3511 3172/691/3482
f 3172/691/3482 3201/721/3511 3202/722/3512
f 3172/691/3482 3202/722/3512 3173/692/3483
f 3173/692/3483 3202/722/3512 3203/723/3513
f 3173/692/3483 3203/723/3513 3174/693/3484
f 3174/693/3484 3203/723/3513 3204/724/3514
f 3174/693/3484 3204/724/3514 3175/694/3485
f 3175/694/3485 3204/724/3514 3205/725/3515
f 3175/694/3485 3205/725/3515 3176/695/3486
f 3176/695/3486 3205/725/3515 3206/726/3516
f 3176/695/3486 3206/726/3516 3177/696/3487
f 3177/696/3487 3206/726/3516 3207/727/3517
f 3177/696/3487 3207/727/3517 3178/697/3488
f 3178/697/3488 3207/727/3517 3208/728/3518
f 3178/697/3488 3208/728/3518 3179/698/3489
f 3179/698/3489 3208/728/3518 3209/729/3519
f 3179/698/3489 3209/729/3519 3180/699/3490
f 3180/699/3490 3209/729/3519 3210/730/3520
f 3180/699/3490 3210/730/3520 3181/700/3491
f 3181/700/3491 3210/730/3520 3211/731/3521
f 3181/700/3491 3211/731/3521 3182/701/3492
f 3182/701/3492 3211/731/3521 3212/732/3522
f 3182/701/3492 3212/732/3522 3183/702/3493
f 3183/702/3493 3212/732/3522 3213/733/3523
f 3183/702/3493 3213/733/3523 3184/674/3465
f 3184/674/3465 3213/733/3523 3214/704/3495
f 3184/674/3465 3214/704/3495 3155/27/3464
f 3185/703/3494 3215/734/3524 3186/706/3496
f 3185/705/3494 3244/735/3525 3215/736/3524
f 3186/706/3496 3215/734/3526 3216/737/3527
f 3186/706/3496 3216/737/3527 3187/707/3497
f 3187/707/3497 3216/737/3528 3217/738/3529
f 3187/707/3497 3217/738/3529 3188/708/3498
f 3188/708/3498 3217/738/3529 3218/739/3530
f 3188/708/3498 3218/739/3530 3189/709/3499
f 3189/709/3499 3218/739/3530 3219/740/3531
f 3189/709/3499 3219/740/3531 3190/710/3500
f 3190/710/3500 3219/740/3531 3220/741/3532
f 3190/710/3500 3220/741/3532 3191/711/3501
f 3191/711/3501 3220/741/3532 3221/742/3533
f 3191/711/3501 3221/742/3533 3192/712/3502
f 3192/712/3502 3221/742/3533 3222/743/3534
f 3192/712/3502 3222/743/3534 3193/713/3503
f 3193/713/3503 3222/743/3535 3223/744/3536
f 3193/713/3503 3223/744/3536 3194/714/3504
f 3194/714/3504 3223/744/3536 3224/745/3537
f 3194/714/3504 3224/745/3537 3195/715/3505
f 3195/715/3505 3224/745/3537 3225/746/3538
f 3195/715/3505 3225/746/3538 3196/716/3506
f 3196/716/3506 3225/746/3538 3226/747/3539
f 3196/716/3506 3226/747/3539 3197/717/3507
f 3197/717/3507 3226/747/3539 3227/748/3540
f 3197/717/3507 3227/748/3540 3198/718/3508
f 3198/718/3508 3227/748/3540 3228/749/3541
f 3198/718/3508 3228/749/3541 3199/719/3509
f 3199/719/3509 3228/749/3541 3229/750/3542
f 3199/719/3509 3229/750/3542 3200/720/3510
f 3200/720/3510 3229/750/3542 3230/751/3543
f 3200/720/3510 3230/751/3543 3201/721/3511
f 3201/721/3511 3230/751/3543 3231/752/3544
f 3201/721/3511 3231/752/3544 3202/722/3512
f 3202/722/3512 3231/752/3544 3232/753/3545
f 3202/722/3512 3232/753/3545 3203/723/3513
f 3203/723/3513 3232/753/3545 3233/754/3546
f 3203/723/3513 3233/754/3546 3204/724/3514
f 3204/724/3514 3233/754/3546 3234/755/3547
f 3204/724/3514 3234/755/3547 3205/725/3515
f 3205/725/3515 3234/755/3547 3235/756/3548
f 3205/725/3515 3235/756/3548 3206/726/3516
f 3206/726/3516 3235/756/3548 3236/757/3549
f 3206/726/3516 3236/757/3550 3207/727/3517
f 3207/727/3517 3236/757/3550 3237/758/3551
f 3207/727/3517 3237/758/3551 3208/728/3518
f 3208/728/3518 3237/758/3551 3238/759/3552
f 3208/728/3518 3238/759/3552 3209/729/3519
f 3209/729/3519 3238/759/3552 3239/760/3553
f 3209/729/3519 3239/760/3553 3210/730/3520
f 3210/730/3520 3239/760/3553 3240/761/3554
f 3210/730/3520 3240/761/3554 3211/731/3521
f 3211/731/3521 3240/761/3554 3241/762/3555
f 3211/731/3521 3241/762/3555 3212/732/3522
f 3212/732/3522 3241/762/3555 3242/763/3556
f 3212/732/3522 3242/763/3556 3213/733/3523
f 3213/733/3523 3242/763/3557 3243/764/3558
f 3213/733/3523 3243/764/3558 3214/704/3495
f 3214/704/3495 3243/764/3558 3244/735/3525
f 3214/704/3495 3244/735/3525 3185/705/3494
f 3245/1/3559 3275/431/3560 3246/354/3561
f 3245/4/3559 3304/432/3562 3275/433/3560
f 3246/354/3561 3275/431/3560 3276/434/3563
f 3246/354/3561 3276/434/3563 3247/355/3564
f 3247/355/3564 3276/434/3563 3277/435/3565
f 3247/355/3564 3277/435/3565 3248/356/3566
f 3248/356/3566 3277/435/3565 3278/436/3567
f 3248/356/3566 3278/436/3567 3249/357/3568
f 3249/357/3568 3278/436/3567 3279/437/3569
f 3249/357/3568 3279/437/3569 3250/359/3570
f 3250/359/3570 3279/437/3569 3280/438/3571
f 3250/359/3570 3280/438/3571 3251/360/3572
f 3251/360/3572 3280/438/3571 3281/439/3573
f 3251/360/3572 3281/439/3573 3252/361/3574
f 3252/361/3574 3281/439/3573 3282/440/3575
f 3252/361/3574 3282/440/3575 3253/362/3576
f 3253/362/3576 3282/440/3575 3283/441/3577
f 3253/362/3576 3283/441/3577 3254/363/3578
f 3254/363/3578 3283/441/3577 3284/442/3579
f 3254/363/3578 3284/442/3579 3255/364/3580
f 3255/364/3580 3284/442/3579 3285/443/3581
f 3255/364/3580 3285/443/3581 3256/365/3582
f 3256/365/3582 3285/443/3581 3286/444/3583
f 3256/365/3582 3286/444/3583 3257/366/3584
f 3257/366/3584 3286/444/3583 3287/445/3585
f 3257/366/3584 3287/445/3585 3258/367/3586
f 3258/367/3586 3287/445/3585 3288/446/3587
f 3258/367/3586 3288/446/3587 3259/368/3588
f 3259/368/3588 3288/446/3587 3289/447/3589
f 3259/368/3588 3289/447/3589 3260/369/3590
f 3260/369/3590 3289/447/3589 3290/448/3591
f 3260/369/3590 3290/448/3591 3261/370/3592
f 3261/370/3592 3290/448/3591 3291/449/3593
f 3261/370/3592 3291/449/3593 3262/371/3594
f 3262/371/3594 3291/449/3593 3292/450/3595
f 3262/371/3594 3292/450/3595 3263/372/3596
f 3263/372/3596 3292/450/3595 3293/451/3597
f 3263/372/3596 3293/451/3597 3264/373/3598
f 3264/373/3598 3293/451/3597 3294/452/3599
f 3264/373/3598 3294/452/3599 3265/374/3600
f 3265/374/3600 3294/452/3599 3295/453/3601
f 3265/374/3600 3295/453/3601 3266/375/3602
f 3266/375/3602 3295/453/3601 3296/454/3603
f 3266/375/3602 3296/454/3603 3267/376/3604
f 3267/376/3604 3296/454/3603 3297/455/3605
f 3267/376/3604 3297/455/3605 3268/377/3606
f 3268/377/3606 3297/455/3605 3298/456/3607
f 3268/377/3606 3298/456/3607 3269/378/3608
f 3269/378/3608 3298/456/3607 3299/457/3609
f 3269/378/3608 3299/457/3609 3270/379/3610
f 3270/379/3610 3299/457/3609 3300/458/3611
f 3270/379/3610 3300/458/3611 3271/380/3612
f 3271/380/3612 3300/458/3611 3301/459/3613
f 3271/380/3612 3301/459/3613 3272/381/3614
f 3272/381/3614 3301/459/3613 3302/460/3615
f 3272/381/3614 3302/460/3615 3273/382/3616
f 3273/382/3616 3302/460/3615 3303/461/3617
f 3273/382/3616 3303/461/3617 3274/358/3618
f 3274/358/3618 3303/461/3617 3304/432/3562
f 3274/358/3618 3304/432/3562 3245/4/3559
f 3275/431/3560 3305/462/3619 3276/434/3563
f 3275/433/3560 3334/463/3620 3305/464/3619
f 3276/434/3563 3305/462/3619 3306/465/3621
f 3276/434/3563 3306/465/3621 3277/435/3565
f 3277/435/3565 3306/465/3621 3307/466/3622
f 3277/435/3565 3307/466/3622 3278/436/3567
f 3278/436/3567 3307/466/3622 3308/467/3623
f 3278/436/3567 3308/467/3623 3279/437/3569
f 3279/437/3569 3308/467/3623 3309/468/3624
f 3279/437/3569 3309/468/3624 3280/438/3571
f 3280/438/3571 3309/468/3624 3310/469/3625
f 3280/438/3571 3310/469/3625 3281/439/3573
f 3281/439/3573 3310/469/3625 3311/470/3626
f 3281/439/3573 3311/470/3626 3282/440/3575
f 3282/440/3575 3311/470/3626 3312/471/3627
f 3282/440/3575 3312/471/3627 3283/441/3577
f 3283/441/3577 3312/471/3627 3313/472/3628
f 3283/441/3577 3313/472/3628 3284/442/3579
f 3284/442/3579 3313/472/3628 3314/473/3629
f 3284/442/3579 3314/473/3629 3285/443/3581
f 3285/443/3581 3314/473/3629 3315/474/3630
f 3285/443/3581 3315/474/3630 3286/444/3583
f 3286/444/3583 3315/474/3630 3316/475/3631
f 3286/444/3583 3316/475/3631 3287/445/3585
f 3287/445/3585 3316/475/3631 3317/476/3632
f 3287/445/3585 3317/476/3632 3288/446/3587
f 3288/446/3587 3317/476/3632 3318/477/3633
f 3288/446/3587 3318/477/3633 3289/447/3589
f 3289/447/3589 3318/477/3633 3319/478/3634
f 3289/447/3589 3319/478/3634 3290/448/3591
f 3290/448/3591 3319/478/3634 3320/479/3635
f 3290/448/3591 3320/479/3635 3291/449/3593
f 3291/449/3593 3320/479/3635 3321/480/3636
f 3291/449/3593 3321/480/3636 3292/450/3595
f 3292/450/3595 3321/480/3636 3322/481/3637
f 3292/450/3595 3322/481/3637 3293/451/3597
f 3293/451/3597 3322/481/3637 3323/482/3638
f 3293/451/3597 3323/482/3638 3294/452/3599
f 3294/452/3599 3323/482/3638 3324/483/3639
f 3294/452/3599 3324/483/3639 3295/453/3601
f 3295/453/3601 3324/483/3639 3325/484/3640
f 3295/453/3601 3325/484/3640 3296/454/3603
f 3296/454/3603 3325/484/3640 3326/485/3641
f 3296/454/3603 3326/485/3641 3297/455/3605
f 3297/455/3605 3326/485/3641 3327/486/3642
f 3297/455/3605 3327/486/3642 3298/456/3607
f 3298/456/3607 3327/486/3642 3328/487/3643
f 3298/456/3607 3328/487/3643 3299/457/3609
f 3299/457/3609 3328/487/3643 3329/488/3644
f 3299/457/3609 3329/488/3644 3300/458/3611
f 3300/458/3611 3329/488/3644 3330/489/3645
f 3300/458/3611 3330/489/3645 3301/459/3613
f 3301/459/3613 3330/489/3645 3331/490/3646
f 3301/459/3613 3331/490/3646 3302/460/3615
f 3302/460/3615 3331/490/3646 3332/491/3647
f 3302/460/3615 3332/491/3647 3303/461/3617
f 3303/461/3617 3332/491/3647 3333/492/3648
f 3303/461/3617 3333/492/3648 3304/432/3562
f 3304/432/3562 3333/492/3648 3334/463/3620
f 3304/432/3562 3334/463/3620 3275/433/3560
f 3305/462/3619 3335/2/3649 3306/465/3621
f 3305/464/3619 3364/493/3650 3335/6/3649
f 3306/465/3621 3335/2/3649 3336/494/3651
f 3306/465/3621 3336/494/3651 3307/466/3622
f 3307/466/3622 3336/494/3651 3337/495/3652
f 3307/466/3622 3337/495/3652 3308/467/3623
f 3308/467/3623 3337/495/3652 3338/496/3653
f 3308/467/3623 3338/496/3653 3309/468/3624
f 3309/468/3624 3338/496/3653 3339/497/3654
f 3309/468/3624 3339/497/3654 3310/469/3625
f 3310/469/3625 3339/497/3654 3340/498/3655
f 3310/469/3625 3340/498/3655 3311/470/3626
f 3311/470/3626 3340/498/3655 3341/499/3656
f 3311/470/3626 3341/499/3656 3312/471/3627
f 3312/471/3627 3341/499/3656 3342/500/3657
f 3312/471/3627 3342/500/3657 3313/472/3628
f 3313/472/3628 3342/500/3657 3343/501/3658
f 3313/472/3628 3343/501/3658 3314/473/3629
f 3314/473/3629 3343/501/3658 3344/502/3659
f 3314/473/3629 3344/502/3659 3315/474/3630
f 3315/474/3630 3344/502/3659 3345/503/3660
f 3315/474/3630 3345/503/3660 3316/475/3631
f 3316/475/3631 3345/503/3660 3346/504/3661
f 3316/475/3631 3346/504/3661 3317/476/3632
f 3317/476/3632 3346/504/3661 3347/505/3662
f 3317/476/3632 3347/505/3662 3318/477/3633
f 3318/477/3633 3347/505/3662 3348/506/3663
f 3318/477/3633 3348/506/3663 3319/478/3634
f 3319/478/3634 3348/506/3663 3349/507/3664
f 3319/478/3634 3349/507/3664 3320/479/3635
f 3320/479/3635 3349/507/3664 3350/508/3665
f 3320/479/3635 3350/508/3665 3321/480/3636
f 3321/480/3636 3350/508/3665 3351/509/3666
f 3321/480/3636 3351/509/3666 3322/481/3637
f 3322/481/3637 3351/509/3666 3352/510/3667
f 3322/481/3637 3352/510/3667 3323/482/3638
f 3323/482/3638 3352/510/3667 3353/511/3668
f 3323/482/3638 3353/511/3668 3324/483/3639
f 3324/483/3639 3353/511/3668 3354/512/3669
f 3324/483/3639 3354/512/3669 3325/484/3640
f 3325/484/3640 3354/512/3669 3355/513/3670
f 3325/484/3640 3355/513/3670 3326/485/3641
f 3326/485/3641 3355/513/3670 3356/514/3671
f 3326/485/3641 3356/514/3671 3327/486/3642
f 3327/486/3642 3356/514/3671 3357/515/3672
f 3327/486/3642 3357/515/3672 3328/487/3643
f 3328/487/3643 3357/515/3672 3358/516/3673
f 3328/487/3643 3358/516/3673 3329/488/3644
f 3329/488/3644 3358/516/3673 3359/517/3674
f 3329/488/3644 3359/517/3674 3330/489/3645
f 3330/489/3645 3359/517/3674 3360/518/3675
f 3330/489/3645 3360/518/3675 3331/490/3646
f 3331/490/3646 3360/518/3675 3361/519/3676
f 3331/490/3646 3361/519/3676 3332/491/3647
f 3332/491/3647 3361/519/3676 3362/520/3677
f 3332/491/3647 3362/520/3677 3333/492/3648
f 3333/492/3648 3362/520/3677 3363/521/3678
f 3333/492/3648 3363/521/3678 3334/463/3620
f 3334/463/3620 3363/521/3678 3364/493/3650
f 3334/463/3620 3364/493/3650 3305/464/3619
f 3335/2/3649 3365/522/3679 3336/494/3651
f 3335/6/3649 3394/523/3680 3365/524/3679
f 3336/494/3651 3365/522/3679 3366/525/3681
f 3336/494/3651 3366/525/3681 3337/495/3652
f 3337/495/3652 3366/525/3681 3367/526/3682
f 3337/495/3652 3367/526/3682 3338/496/3653
f 3338/496/3653 3367/526/3682 3368/527/3683
f 3338/496/3653 3368/527/3683 3339/497/3654
f 3339/497/3654 3368/527/3683 3369/528/3684
f 3339/497/3654 3369/528/3684 3340/498/3655
f 3340/498/3655 3369/528/3684 3370/529/3685
f 3340/498/3655 3370/529/3685 3341/499/3656
f 3341/499/3656 3370/529/3685 3371/530/3686
f 3341/499/3656 3371/530/3686 3342/500/3657
f 3342/500/3657 3371/530/3686 3372/531/3687
f 3342/500/3657 3372/531/3687 3343/501/3658
f 3343/501/3658 3372/531/3687 3373/532/3688
f 3343/501/3658 3373/532/3688 3344/502/3659
f 3344/502/3659 3373/532/3688 3374/533/3689
f 3344/502/3659 3374/533/3689 3345/503/3660
f 3345/503/3660 3374/533/3689 3375/534/3690
f 3345/503/3660 3375/534/3690 3346/504/3661
f 3346/504/3661 3375/534/3690 3376/535/3691
f 3346/504/3661 3376/535/3691 3347/505/3662
f 3347/505/3662 3376/535/3691 3377/536/3692
f 3347/505/3662 3377/536/3692 3348/506/3663
f 3348/506/3663 3377/536/3692 3378/537/3693
f 3348/506/3663 3378/537/3693 3349/507/3664
f 3349/507/3664 3378/537/3693 3379/538/3694
f 3349/507/3664 3379/538/3694 3350/508/3665
f 3350/508/3665 3379/538/3694 3380/539/3695
f 3350/508/3665 3380/539/3695 3351/509/3666
f 3351/509/3666 3380/539/3695 3381/540/3696
f 3351/509/3666 3381/540/3696 3352/510/3667
f 3352/510/3667 3381/540/3696 3382/541/3697
f 3352/510/3667 3382/541/3697 3353/511/3668
f 3353/511/3668 3382/541/3697 3383/542/3698
f 3353/511/3668 3383/542/3698 3354/512/3669
f 3354/512/3669 3383/542/3698 3384/543/3699
f 3354/512/3669 3384/543/3699 3355/513/3670
f 3355/513/3670 3384/543/3699 3385/544/3700
f 3355/513/3670 3385/544/3700 3356/514/3671
f 3356/514/3671 3385/544/3700 3386/545/3701
f 3356/514/3671 3386/545/3701 3357/515/3672
f 3357/515/3672 3386/545/3701 3387/546/3702
f 3357/515/3672 3387/546/3702 3358/516/3673
f 3358/516/3673 3387/546/3702 3388/547/3703
f 3358/516/3673 3388/547/3703 3359/517/3674
f 3359/517/3674 3388/547/3703 3389/548/3704
f 3359/517/3674 3389/548/3704 3360/518/3675
f 3360/518/3675 3389/548/3704 3390/549/3705
f 3360/518/3675 3390/549/3705 3361/519/3676
f 3361/519/3676 3390/549/3705 3391/550/3706
f 3361/519/3676 3391/550/3706 3362/520/3677
f 3362/520/3677 3391/550/3706 3392/551/3707
f 3362/520/3677 3392/551/3707 3363/521/3678
f 3363/521/3678 3392/551/3707 3393/552/3708
f 3363/521/3678 3393/552/3708 3364/493/3650
f 3364/493/3650 3393/552/3708 3394/523/3680
f 3364/493/3650 3394/523/3680 3335/6/3649
f 3365/522/3679 3395/553/3709 3366/525/3681
f 3365/524/3679 3424/554/3710 3395/555/3709
f 3366/525/3681 3395/553/3709 3396/556/3711
f 3366/525/3681 3396/556/3711 3367/526/3682
f 3367/526/3682 3396/556/3711 3397/557/3712
f 3367/526/3682 3397/557/3712 3368/527/3683
f 3368/527/3683 3397/557/3712 3398/558/3713
f 3368/527/3683 3398/558/3713 3369/528/3684
f 3369/528/3684 3398/558/3713 3399/559/3714
f 3369/528/3684 3399/559/3714 3370/529/3685
f 3370/529/3685 3399/559/3714 3400/560/3715
f 3370/529/3685 3400/560/3715 3371/530/3686
f 3371/530/3686 3400/560/3715 3401/561/3716
f 3371/530/3686 3401/561/3716 3372/531/3687
f 3372/531/3687 3401/561/3716 3402/562/3717
f 3372/531/3687 3402/562/3717 3373/532/3688
f 3373/532/3688 3402/562/3717 3403/563/3718
f 3373/532/3688 3403/563/3718 3374/533/3689
f 3374/533/3689 3403/563/3718 3404/564/3719
f 3374/533/3689 3404/564/3719 3375/534/3690
f 3375/534/3690 3404/564/3719 3405/565/3720
f 3375/534/3690 3405/565/3720 3376/535/3691
f 3376/535/3691 3405/565/3720 3406/566/3721
f 3376/535/3691 3406/566/3721 3377/536/3692
f 3377/536/3692 3406/566/3721 3407/567/3722
f 3377/536/3692 3407/567/3722 3378/537/3693
f 3378/537/3693 3407/567/3722 3408/568/3723
f 3378/537/3693 3408/568/3723 3379/538/3694
f 3379/538/3694 3408/568/3723 3409/569/3724
f 3379/538/3694 3409/569/3724 3380/539/3695
f 3380/539/3695 3409/569/3724 3410/570/3725
f 3380/539/3695 3410/570/3725 3381/540/3696
f 3381/540/3696 3410/570/3725 3411/571/3726
f 3381/540/3696 3411/571/3726 3382/541/3697
f 3382/541/3697 3411/571/3726 3412/572/3727
f 3382/541/3697 3412/572/3727 3383/542/3698
f 3383/542/3698 3412/572/3727 3413/573/3728
f 3383/542/3698 3413/573/3728 3384/543/3699
f 3384/543/3699 3413/573/3728 3414/574/3729
f 3384/543/3699 3414/574/3729 3385/544/3700
f 3385/544/3700 3414/574/3729 3415/575/3730
f 3385/544/3700 3415/575/3730 3386/545/3701
f 3386/545/3701 3415/575/3730 3416/576/3731
f 3386/545/3701 3416/576/3731 3387/546/3702
f 3387/546/3702 3416/576/3731 3417/577/3732
f 3387/546/3702 3417/577/3732 3388/547/3703
f 3388/547/3703 3417/577/3732 3418/578/3733
f 3388/547/3703 3418/578/3733 3389/548/3704
f 3389/548/3704 3418/578/3733 3419/579/3734
f 3389/548/3704 3419/579/3734 3390/549/3705
f 3390/549/3705 3419/579/3734 3420/580/3735
f 3390/549/3705 3420/580/3735 3391/550/3706
f 3391/550/3706 3420/580/3735 3421/581/3736
f 3391/550/3706 3421/581/3736 3392/551/3707
f 3392/551/3707 3421/581/3736 3422/582/3737
f 3392/551/3707 3422/582/3737 3393/552/3708
f 3393/552/3708 3422/582/3737 3423/583/3738
f 3393/552/3708 3423/583/3738 3394/523/3680
f 3394/523/3680 3423/583/3738 3424/554/3710
f 3394/523/3680 3424/554/3710 3365/524/3679
f 3395/553/3709 3425/17/3739 3396/556/3711
f 3395/555/3709 3454/584/3740 3425/19/3739
f 3396/556/3711 3425/17/3739 3426/585/3741
f 3396/556/3711 3426/585/3741 3397/557/3712
f 3397/557/3712 3426/585/3741 3427/586/3742
f 3397/557/3712 3427/586/3742 3398/558/3713
f 3398/558/3713 3427/586/3742 3428/587/3743
f 3398/558/3713 3428/587/3743 3399/559/3714
f 3399/559/3714 3428/587/3743 3429/588/3744
f 3399/559/3714 3429/588/3744 3400/560/3715
f 3400/560/3715 3429/588/3744 3430/589/3745
f 3400/560/3715 3430/589/3745 3401/561/3716
f 3401/561/3716 3430/589/3745 3431/590/3746
f 3401/561/3716 3431/590/3746 3402/562/3717
f 3402/562/3717 3431/590/3746 3432/591/3747
f 3402/562/3717 3432/591/3747 3403/563/3718
f 3403/563/3718 3432/591/3747 3433/592/3748
f 3403/563/3718 3433/592/3748 3404/564/3719
f 3404/564/3719 3433/592/3748 3434/593/3749
f 3404/564/3719 3434/593/3749 3405/565/3720
f 3405/565/3720 3434/593/3749 3435/594/3750
f 3405/565/3720 3435/594/3750 3406/566/3721
f 3406/566/3721 3435/594/3750 3436/595/3751
f 3406/566/3721 3436/595/3751 3407/567/3722
f 3407/567/3722 3436/595/3751 3437/596/3752
f 3407/567/3722 3437/596/3752 3408/568/3723
f 3408/568/3723 3437/596/3752 3438/597/3753
f 3408/568/3723 3438/597/3753 3409/569/3724
f 3409/569/3724 3438/597/3753 3439/598/3754
f 3409/569/3724 3439/598/3754 3410/570/3725
f 3410/570/3725 3439/598/3754 3440/406/3755
f 3410/570/3725 3440/406/3755 3411/571/3726
f 3411/571/3726 3440/406/3755 3441/599/3756
f 3411/571/3726 3441/599/3756 3412/572/3727
f 3412/572/3727 3441/599/3756 3442/600/3757
f 3412/572/3727 3442/600/3757 3413/573/3728
f 3413/573/3728 3442/600/3757 3443/601/3758
f 3413/573/3728 3443/601/3758 3414/574/3729
f 3414/574/3729 3443/601/3758 3444/602/3759
f 3414/574/3729 3444/602/3759 3415/575/3730
f 3415/575/3730 3444/602/3759 3445/603/3760
f 3415/575/3730 3445/603/3760 3416/576/3731
f 3416/576/3731 3445/603/3760 3446/604/3761
f 3416/576/3731 3446/604/3761 3417/577/3732
f 3417/577/3732 3446/604/3761 3447/605/3762
f 3417/577/3732 3447/605/3762 3418/578/3733
f 3418/578/3733 3447/605/3762 3448/606/3763
f 3418/578/3733 3448/606/3763 3419/579/3734
f 3419/579/3734 3448/606/3763 3449/607/3764
f 3419/579/3734 3449/607/3764 3420/580/3735
f 3420/580/3735 3449/607/3764 3450/608/3765
f 3420/580/3735 3450/608/3765 3421/581/3736
f 3421/581/3736 3450/608/3765 3451/609/3766
f 3421/581/3736 3451/609/3766 3422/582/3737
f 3422/582/3737 3451/609/3766 3452/610/3767
f 3422/582/3737 3452/610/3767 3423/583/3738
f 3423/583/3738 3452/610/3767 3453/611/3768
f 3423/583/3738 3453/611/3768 3424/554/3710
f 3424/554/3710 3453/611/3768 3454/584/3740
f 3424/554/3710 3454/584/3740 3395/555/3709
f 3425/17/3739 3455/612/3769 3426/585/3741
f 3425/19/3739 3484/613/3770 3455/614/3769
f 3426/585/3741 3455/612/3769 3456/615/3771
f 3426/585/3741 3456/615/3771 3427/586/3742
f 3427/586/3742 3456/615/3771 3457/616/3772
f 3427/586/3742 3457/616/3772 3428/587/3743
f 3428/587/3743 3457/616/3772 3458/617/3773
f 3428/587/3743 3458/617/3773 3429/588/3744
f 3429/588/3744 3458/617/3773 3459/618/3774
f 3429/588/3744 3459/618/3774 3430/589/3745
f 3430/589/3745 3459/618/3774 3460/619/3775
f 3430/589/3745 3460/619/3775 3431/590/3746
f 3431/590/3746 3460/619/3775 3461/620/3776
f 3431/590/3746 3461/620/3776 3432/591/3747
f 3432/591/3747 3461/620/3776 3462/621/3777
f 3432/591/3747 3462/621/3777 3433/592/3748
f 3433/592/3748 3462/621/3777 3463/622/3778
f 3433/592/3748 3463/622/3778 3434/593/3749
f 3434/593/3749 3463/622/3778 3464/623/3779
f 3434/593/3749 3464/623/3779 3435/594/3750
f 3435/594/3750 3464/623/3779 3465/624/3780
f 3435/594/3750 3465/624/3780 3436/595/3751
f 3436/595/3751 3465/624/3780 3466/625/3781
f 3436/595/3751 3466/625/3781 3437/596/3752
f 3437/596/3752 3466/625/3781 3467/626/3782
f 3437/596/3752 3467/626/3782 3438/597/3753
f 3438/597/3753 3467/626/3782 3468/627/3783
f 3438/597/3753 3468/627/3783 3439/598/3754
f 3439/598/3754 3468/627/3783 3469/628/3784
f 3439/598/3754 3469/628/3784 3440/406/3755
f 3440/406/3755 3469/628/3784 3470/629/3785
f 3440/406/3755 3470/629/3785 3441/599/3756
f 3441/599/3756 3470/629/3785 3471/630/3786
f 3441/599/3756 3471/630/3786 3442/600/3757
f 3442/600/3757 3471/630/3786 3472/631/3787
f 3442/600/3757 3472/631/3787 3443/601/3758
f 3443/601/3758 3472/631/3787 3473/632/3788
f 3443/601/3758 3473/632/3788 3444/602/3759
f 3444/602/3759 3473/632/3788 3474/633/3789
f 3444/602/3759 3474/633/3789 3445/603/3760
f 3445/603/3760 3474/633/3789 3475/634/3790
f 3445/603/3760 3475/634/3790 3446/604/3761
f 3446/604/3761 3475/634/3790 3476/635/3791
f 3446/604/3761 3476/635/3791 3447/605/3762
f 3447/605/3762 3476/635/3791 3477/636/3792
f 3447/605/3762 3477/636/3792 3448/606/3763
f 3448/606/3763 3477/636/3792 3478/637/3793
f 3448/606/3763 3478/637/3793 3449/607/3764
f 3449/607/3764 3478/637/3793 3479/638/3794
f 3449/607/3764 3479/638/3794 3450/608/3765
f 3450/608/3765 3479/638/3794 3480/639/3795
f 3450/608/3765 3480/639/3795 3451/609/3766
f 3451/609/3766 3480/639/3795 3481/640/3796
f 3451/609/3766 3481/640/3796 3452/610/3767
f 3452/610/3767 3481/640/3796 3482/641/3797
f 3452/610/3767 3482/641/3797 3453/611/3768
f 3453/611/3768 3482/641/3797 3483/642/3798
f 3453/611/3768 3483/642/3798 3454/584/3740
f 3454/584/3740 3483/642/3798 3484/613/3770
f 3454/584/3740 3484/613/3770 3425/19/3739
f 3455/612/3769 3485/643/3799 3456/615/3771
f 3455/614/3769 3514/644/3800 3485/645/3799
f 3456/615/3771 3485/643/3799 3486/646/3801
f 3456/615/3771 3486/646/3801 3457/616/3772
f 3457/616/3772 3486/646/3801 3487/647/3802
f 3457/616/3772 3487/647/3802 3458/617/3773
f 3458/617/3773 3487/647/3802 3488/648/3803
f 3458/617/3773 3488/648/3803 3459/618/3774
f 3459/618/3774 3488/648/3803 3489/649/3804
f 3459/618/3774 3489/649/3804 3460/619/3775
f 3460/619/3775 3489/649/3804 3490/650/3805
f 3460/619/3775 3490/650/3805 3461/620/3776
f 3461/620/3776 3490/650/3805 3491/651/3806
f 3461/620/3776 3491/651/3806 3462/621/3777
f 3462/621/3777 3491/651/3806 3492/652/3807
f 3462/621/3777 3492/652/3807 3463/622/3778
f 3463/622/3778 3492/652/3807 3493/653/3808
f 3463/622/3778 3493/653/3808 3464/623/3779
f 3464/623/3779 3493/653/3808 3494/654/3809
f 3464/623/3779 3494/654/3809 3465/624/3780
f 3465/624/3780 3494/654/3809 3495/655/3810
f 3465/624/3780 3495/655/3810 3466/625/3781
f 3466/625/3781 3495/655/3810 3496/656/3811
f 3466/625/3781 3496/656/3811 3467/626/3782
f 3467/626/3782 3496/656/3811 3497/657/3812
f 3467/626/3782 3497/657/3812 3468/627/3783
f 3468/627/3783 3497/657/3812 3498/658/3813
f 3468/627/3783 3498/658/3813 3469/628/3784
f 3469/628/3784 3498/658/3813 3499/659/3814
f 3469/628/3784 3499/659/3814 3470/629/3785
f 3470/629/3785 3499/659/3814 3500/660/3815
f 3470/629/3785 3500/660/3815 3471/630/3786
f 3471/630/3786 3500/660/3815 3501/661/3816
f 3471/630/3786 3501/661/3816 3472/631/3787
f 3472/631/3787 3501/661/3816 3502/662/3817
f 3472/631/3787 3502/662/3817 3473/632/3788
f 3473/632/3788 3502/662/3817 3503/663/3818
f 3473/632/3788 3503/663/3818 3474/633/3789
f 3474/633/3789 3503/663/3818 3504/664/3819
f 3474/633/3789 3504/664/3819 3475/634/3790
f 3475/634/3790 3504/664/3819 3505/665/3820
f 3475/634/3790 3505/665/3820 3476/635/3791
f 3476/635/3791 3505/665/3820 3506/666/3821
f 3476/635/3791 3506/666/3821 3477/636/3792
f 3477/636/3792 3506/666/3821 3507/667/3822
f 3477/636/3792 3507/667/3822 3478/637/3793
f 3478/637/3793 3507/667/3822 3508/668/3823
f 3478/637/3793 3508/668/3823 3479/638/3794
f 3479/638/3794 3508/668/3823 3509/669/3824
f 3479/638/3794 3509/669/3824 3480/639/3795
f 3480/639/3795 3509/669/3824 3510/670/3825
f 3480/639/3795 3510/670/3825 3481/640/3796
f 3481/640/3796 3510/670/3825 3511/671/3826
f 3481/640/3796 3511/671/3826 3482/641/3797
f 3482/641/3797 3511/671/3826 3512/672/3827
f 3482/641/3797 3512/672/3827 3483/642/3798
f 3483/642/3798 3512/672/3827 3513/673/3828
f 3483/642/3798 3513/673/3828 3484/613/3770
f 3484/613/3770 3513/673/3828 3514/644/3800
f 3484/613/3770 3514/644/3800 3455/614/3769
f 3485/643/3799 3515/25/3829 3486/646/3801
f 3485/645/3799 3544/674/3830 3515/27/3829
f 3486/646/3801 3515/25/3829 3516/675/3831
f 3486/646/3801 3516/675/3831 3487/647/3802
f 3487/647/3802 3516/675/3831 3517/676/3832
f 3487/647/3802 3517/676/3832 3488/648/3803
f 3488/648/3803 3517/676/3832 3518/677/3833
f 3488/648/3803 3518/677/3833 3489/649/3804
f 3489/649/3804 3518/677/3833 3519/678/3834
f 3489/649/3804 3519/678/3834 3490/650/3805
f 3490/650/3805 3519/678/3834 3520/679/3835
f 3490/650/3805 3520/679/3835 3491/651/3806
f 3491/651/3806 3520/679/3835 3521/680/3836
f 3491/651/3806 3521/680/3836 3492/652/3807
f 3492/652/3807 3521/680/3836 3522/681/3837
f 3492/652/3807 3522/681/3837 3493/653/3808
f 3493/653/3808 3522/681/3837 3523/682/3838
f 3493/653/3808 3523/682/3838 3494/654/3809
f 3494/654/3809 3523/682/3838 3524/683/3839
f 3494/654/3809 3524/683/3839 3495/655/3810
f 3495/655/3810 3524/683/3839 3525/684/3840
f 3495/655/3810 3525/684/3840 3496/656/3811
f 3496/656/3811 3525/684/3840 3526/685/3841
f 3496/656/3811 3526/685/3841 3497/657/3812
f 3497/657/3812 3526/685/3841 3527/686/3842
f 3497/657/3812 3527/686/3842 3498/658/3813
f 3498/658/3813 3527/686/3842 3528/687/3843
f 3498/658/3813 3528/687/3843 3499/659/3814
f 3499/659/3814 3528/687/3843 3529/688/3844
f 3499/659/3814 3529/688/3844 3500/660/3815
f 3500/660/3815 3529/688/3844 3530/689/3845
f 3500/660/3815 3530/689/3845 3501/661/3816
f 3501/661/3816 3530/689/3845 3531/690/3846
f 3501/661/3816 3531/690/3846 3502/662/3817
f 3502/662/3817 3531/690/3846 3532/691/3847
f 3502/662/3817 3532/691/3847 3503/663/3818
f 3503/663/3818 3532/691/3847 3533/692/3848
f 3503/663/3818 3533/692/3848 3504/664/3819
f 3504/664/3819 3533/692/3848 3534/693/3849
f 3504/664/3819 3534/693/3849 3505/665/3820
f 3505/665/3820 3534/693/3849 3535/694/3850
f 3505/665/3820 3535/694/3850 3506/666/3821
f 3506/666/3821 3535/694/3850 3536/695/3851
f 3506/666/3821 3536/695/3851 3507/667/3822
f 3507/667/3822 3536/695/3851 3537/696/3852
f 3507/667/3822 3537/696/3852 3508/668/3823
f 3508/668/3823 3537/696/3852 3538/697/3853
f 3508/668/3823 3538/697/3853 3509/669/3824
f 3509/669/3824 3538/697/3853 3539/698/3854
f 3509/669/3824 3539/698/3854 3510/670/3825
f 3510/670/3825 3539/698/3854 3540/699/3855
f 3510/670/3825 3540/699/3855 3511/671/3826
f 3511/671/3826 3540/699/3855 3541/700/3856
f 3511/671/3826 3541/700/3856 3512/672/3827
f 3512/672/3827 3541/700/3856 3542/701/3857
f 3512/672/3827 3542/701/3857 3513/673/3828
f 3513/673/3828 3542/701/3857 3543/702/3858
f 3513/673/3828 3543/702/3858 3514/644/3800
f 3514/644/3800 3543/702/3858 3544/674/3830
f 3514/644/3800 3544/674/3830 3485/645/3799
f 3515/25/3829 3545/703/3859 3516/675/3831
f 3515/27/3829 3574/704/3860 3545/705/3859
f 3516/675/3831 3545/703/3859 3546/706/3861
f 3516/675/3831 3546/706/3861 3517/676/3832
f 3517/676/3832 3546/706/3861 3547/707/3862
f 3517/676/3832 3547/707/3862 3518/677/3833
f 3518/677/3833 3547/707/3862 3548/708/3863
f 3518/677/3833 3548/708/3863 3519/678/3834
f 3519/678/3834 3548/708/3863 3549/709/3864
f 3519/678/3834 3549/709/3864 3520/679/3835
f 3520/679/3835 3549/709/3864 3550/710/3865
f 3520/679/3835 3550/710/3865 3521/680/3836
f 3521/680/3836 3550/710/3865 3551/711/3866
f 3521/680/3836 3551/711/3866 3522/681/3837
f 3522/681/3837 3551/711/3866 3552/712/3867
f 3522/681/3837 3552/712/3867 3523/682/3838
f 3523/682/3838 3552/712/3867 3553/713/3868
f 3523/682/3838 3553/713/3868 3524/683/3839
f 3524/683/3839 3553/713/3868 3554/714/3869
f 3524/683/3839 3554/714/3869 3525/684/3840
f 3525/684/3840 3554/714/3869 3555/715/3870
f 3525/684/3840 3555/715/3870 3526/685/3841
f 3526/685/3841 3555/715/3870 3556/716/3871
f 3526/685/3841 3556/716/3871 3527/686/3842
f 3527/686/3842 3556/716/3871 3557/717/3872
f 3527/686/3842 3557/717/3872 3528/687/3843
f 3528/687/3843 3557/717/3872 3558/718/3873
f 3528/687/3843 3558/718/3873 3529/688/3844
f 3529/688/3844 3558/718/3873 3559/719/3874
f 3529/688/3844 3559/719/3874 3530/689/3845
f 3530/689/3845 3559/719/3874 3560/720/3875
f 3530/689/3845 3560/720/3875 3531/690/3846
f 3531/690/3846 3560/720/3875 3561/721/3876
f 3531/690/3846 3561/721/3876 3532/691/3847
f 3532/691/3847 3561/721/3876 3562/722/3877
f 3532/691/3847 3562/722/3877 3533/692/3848
f 3533/692/3848 3562/722/3877 3563/723/3878
f 3533/692/3848 3563/723/3878 3534/693/3849
f 3534/693/3849 3563/723/3878 3564/724/3879
f 3534/693/3849 3564/724/3879 3535/694/3850
f 3535/694/3850 3564/724/3879 3565/725/3880
f 3535/694/3850 3565/725/3880 3536/695/3851
f 3536/695/3851 3565/725/3880 3566/726/3881
f 3536/695/3851 3566/726/3881 3537/696/3852
f 3537/696/3852 3566/726/3881 3567/727/3882
f 3537/696/3852 3567/727/3882 3538/697/3853
f 3538/697/3853 3567/727/3882 3568/728/3883
f 3538/697/3853 3568/728/3883 3539/698/3854
f 3539/698/3854 3568/728/3883 3569/729/3884
f 3539/698/3854 3569/729/3884 3540/699/3855
f 3540/699/3855 3569/729/3884 3570/730/3885
f 3540/699/3855 3570/730/3885 3541/700/3856
f 3541/700/3856 3570/730/3885 3571/731/3886
f 3541/700/3856 3571/731/3886 3542/701/3857
f 3542/701/3857 3571/731/3886 3572/732/3887
f 3542/701/3857 3572/732/3887 3543/702/3858
f 3543/702/3858 3572/732/3887 3573/733/3888
f 3543/702/3858 3573/733/3888 3544/674/3830
f 3544/674/3830 3573/733/3888 3574/704/3860
f 3544/674/3830 3574/704/3860 3515/27/3829
f 3545/703/3859 3575/734/3889 3546/706/3861
f 3545/705/3859 3604/735/3890 3575/736/3889
f 3546/706/3861 3575/734/3889 3576/737/3891
f 3546/706/3861 3576/737/3891 3547/707/3862
f 3547/707/3862 3576/737/3891 3577/738/3892
f 3547/707/3862 3577/738/3892 3548/708/3863
f 3548/708/3863 3577/738/3892 3578/739/3893
f 3548/708/3863 3578/739/3893 3549/709/3864
f 3549/709/3864 3578/739/3893 3579/740/3894
f 3549/709/3864 3579/740/3894 3550/710/3865
f 3550/710/3865 3579/740/3894 3580/741/3895
f 3550/710/3865 3580/741/3895 3551/711/3866
f 3551/711/3866 3580/741/3895 3581/742/3896
f 3551/711/3866 3581/742/3896 3552/712/3867
f 3552/712/3867 3581/742/3896 3582/743/3897
f 3552/712/3867 3582/743/3897 3553/713/3868
f 3553/713/3868 3582/743/3898 3583/744/3899
f 3553/713/3868 3583/744/3899 3554/714/3869
f 3554/714/3869 3583/744/3899 3584/745/3900
f 3554/714/3869 3584/745/3900 3555/715/3870
f 3555/715/3870 3584/745/3900 3585/746/3901
f 3555/715/3870 3585/746/3901 3556/716/3871
f 3556/716/3871 3585/746/3901 3586/747/3902
f 3556/716/3871 3586/747/3902 3557/717/3872
f 3557/717/3872 3586/747/3902 3587/748/3903
f 3557/717/3872 3587/748/3903 3558/718/3873
f 3558/718/3873 3587/748/3903 3588/749/3904
f 3558/718/3873 3588/749/3904 3559/719/3874
f 3559/719/3874 3588/749/3905 3589/750/3906
f 3559/719/3874 3589/750/3906 3560/720/3875
f 3560/720/3875 3589/750/3906 3590/751/3907
f 3560/720/3875 3590/751/3907 3561/721/3876
f 3561/721/3876 3590/751/3907 3591/752/3908
f 3561/721/3876 3591/752/3908 3562/722/3877
f 3562/722/3877 3591/752/3908 3592/753/3909
f 3562/722/3877 3592/753/3909 3563/723/3878
f 3563/723/3878 3592/753/3909 3593/754/3910
f 3563/723/3878 3593/754/3910 3564/724/3879
f 3564/724/3879 3593/754/3910 3594/755/3911
f 3564/724/3879 3594/755/3911 3565/725/3880
f 3565/725/3880 3594/755/3911 3595/756/3912
f 3565/725/3880 3595/756/3912 3566/726/3881
f 3566/726/3881 3595/756/3912 3596/757/3913
f 3566/726/3881 3596/757/3914 3567/727/3882
f 3567/727/3882 3596/757/3914 3597/758/3915
f 3567/727/3882 3597/758/3915 3568/728/3883
f 3568/728/3883 3597/758/3915 3598/759/3916
f 3568/728/3883 3598/759/3916 3569/729/3884
f 3569/729/3884 3598/759/3916 3599/760/3917
f 3569/729/3884 3599/760/3917 3570/730/3885
f 3570/730/3885 3599/760/3917 3600/761/3918
f 3570/730/3885 3600/761/3918 3571/731/3886
f 3571/731/3886 3600/761/3918 3601/762/3919
f 3571/731/3886 3601/762/3919 3572/732/3887
f 3572/732/3887 3601/762/3919 3602/763/3920
f 3572/732/3887 3602/763/3920 3573/733/3888
f 3573/733/3888 3602/763/3920 3603/764/3921
f 3573/733/3888 3603/764/3921 3574/704/3860
f 3574/704/3860 3603/764/3921 3604/735/3890
f 3574/704/3860 3604/735/3890 3545/705/3859
f 3908/1/3922 3923/431/3923 3909/355/3924
f 3908/4/3922 3937/461/3925 3923/433/3923
f 3909/355/3924 3923/431/3923 3924/435/3926
f 3909/355/3924 3924/435/3926 3910/357/3927
f 3910/357/3927 3924/435/3926 3925/437/3928
f 3910/357/3927 3925/437/3928 3911/360/3929
f 3911/360/3929 3925/437/3928 3926/439/3930
f 3911/360/3929 3926/439/3930 3912/362/3931
f 3912/362/3931 3926/439/3930 3927/441/3932
f 3912/362/3931 3927/441/3932 3913/364/3933
f 3913/364/3933 3927/441/3932 3928/443/3934
f 3913/364/3933 3928/443/3934 3914/366/3935
f 3914/366/3935 3928/443/3934 3929/445/3936
f 3914/366/3935 3929/445/3936 3915/368/3937
f 3915/368/3937 3929/445/3936 3930/447/3938
f 3915/368/3937 3930/447/3938 3916/370/3939
f 3916/370/3939 3930/447/3938 3931/449/3940
f 3916/370/3939 3931/449/3940 3917/372/3941
f 3917/372/3941 3931/449/3940 3932/451/3942
f 3917/372/3941 3932/451/3942 3918/374/3943
f 3918/374/3943 3932/451/3942 3933/453/3944
f 3918/374/3943 3933/453/3944 3919/376/3945
f 3919/376/3945 3933/453/3944 3934/455/3946
f 3919/376/3945 3934/455/3946 3920/378/3947
f 3920/378/3947 3934/455/3946 3935/457/3948
f 3920/378/3947 3935/457/3948 3921/380/3949
f 3921/380/3949 3935/457/3948 3936/459/3950
f 3921/380/3949 3936/459/3950 3922/382/3951
f 3922/382/3951 3936/459/3950 3937/461/3925
f 3922/382/3951 3937/461/3925 3908/4/3922
f 3923/431/3923 3938/462/3952 3924/435/3926
f 3923/433/3923 3952/492/3953 3938/464/3952
f 3924/435/3926 3938/462/3952 3939/466/3954
f 3924/435/3926 3939/466/3954 3925/437/3928
f 3925/437/3928 3939/466/3954 3940/468/3955
f 3925/437/3928 3940/468/3955 3926/439/3930
f 3926/439/3930 3940/468/3955 3941/470/3956
f 3926/439/3930 3941/470/3956 3927/441/3932
f 3927/441/3932 3941/470/3956 3942/472/3957
f 3927/441/3932 3942/472/3957 3928/443/3934
f 3928/443/3934 3942/472/3957 3943/474/3958
f 3928/443/3934 3943/474/3958 3929/445/3936
f 3929/445/3936 3943/474/3958 3944/476/3959
f 3929/445/3936 3944/476/3959 3930/447/3938
f 3930/447/3938 3944/476/3959 3945/478/3960
f 3930/447/3938 3945/478/3960 3931/449/3940
f 3931/449/3940 3945/478/3960 3946/480/3961
f 3931/449/3940 3946/480/3961 3932/451/3942
f 3932/451/3942 3946/480/3961 3947/482/3962
f 3932/451/3942 3947/482/3962 3933/453/3944
f 3933/453/3944 3947/482/3962 3948/484/3963
f 3933/453/3944 3948/484/3963 3934/455/3946
f 3934/455/3946 3948/484/3963 3949/486/3964
f 3934/455/3946 3949/486/3964 3935/457/3948
f 3935/457/3948 3949/486/3964 3950/488/3965
f 3935/457/3948 3950/488/3965 3936/459/3950
f 3936/459/3950 3950/488/3965 3951/490/3966
f 3936/459/3950 3951/490/3966 3937/461/3925
f 3937/461/3925 3951/490/3966 3952/492/3953
f 3937/461/3925 3952/492/3953 3923/433/3923
f 3938/462/3952 3953/2/3967 3939/466/3954
f 3938/464/3952 3967/521/3968 3953/6/3967
f 3939/466/3954 3953/2/3967 3954/495/3969
f 3939/466/3954 3954/495/3969 3940/468/3955
f 3940/468/3955 3954/495/3969 3955/497/3970
f 3940/468/3955 3955/497/3970 3941/470/3956
f 3941/470/3956 3955/497/3970 3956/499/3971
f 3941/470/3956 3956/499/3971 3942/472/3957
f 3942/472/3957 3956/499/3971 3957/501/3972
f 3942/472/3957 3957/501/3972 3943/474/3958
f 3943/474/3958 3957/501/3972 3958/503/3973
f 3943/474/3958 3958/503/3973 3944/476/3959
f 3944/476/3959 3958/503/3973 3959/505/3974
f 3944/476/3959 3959/505/3974 3945/478/3960
f 3945/478/3960 3959/505/3974 3960/507/3975
f 3945/478/3960 3960/507/3975 3946/480/3961
f 3946/480/3961 3960/507/3975 3961/509/3976
f 3946/480/3961 3961/509/3976 3947/482/3962
f 3947/482/3962 3961/509/3976 3962/511/3977
f 3947/482/3962 3962/511/3977 3948/484/3963
f 3948/484/3963 3962/511/3977 3963/513/3978
f 3948/484/3963 3963/513/3978 3949/486/3964
f 3949/486/3964 3963/513/3978 3964/515/3979
f 3949/486/3964 3964/515/3979 3950/488/3965
f 3950/488/3965 3964/515/3979 3965/517/3980
f 3950/488/3965 3965/517/3980 3951/490/3966
f 3951/490/3966 3965/517/3980 3966/519/3981
f 3951/490/3966 3966/519/3981 3952/492/3953
f 3952/492/3953 3966/519/3981 3967/521/3968
f 3952/492/3953 3967/521/3968 3938/464/3952
f 3953/2/3967 3968/522/3982 3954/495/3969
f 3953/6/3967 3982/552/3983 3968/524/3982
f 3954/495/3969 3968/522/3982 3969/526/3984
f 3954/495/3969 3969/526/3984 3955/497/3970
f 3955/497/3970 3969/526/3984 3970/528/3985
f 3955/497/3970 3970/528/3985 3956/499/3971
f 3956/499/3971 3970/528/3985 3971/530/3986
f 3956/499/3971 3971/530/3986 3957/501/3972
f 3957/501/3972 3971/530/3986 3972/532/3987
f 3957/501/3972 3972/532/3987 3958/503/3973
f 3958/503/3973 3972/532/3987 3973/534/3988
f 3958/503/3973 3973/534/3988 3959/505/3974
f 3959/505/3974 3973/534/3988 3974/536/3989
f 3959/505/3974 3974/536/3989 3960/507/3975
f 3960/507/3975 3974/536/3989 3975/538/3990
f 3960/507/3975 3975/538/3990 3961/509/3976
f 3961/509/3976 3975/538/3990 3976/540/3991
f 3961/509/3976 3976/540/3991 3962/511/3977
f 3962/511/3977 3976/540/3991 3977/542/3992
f 3962/511/3977 3977/542/3992 3963/513/3978
f 3963/513/3978 3977/542/3992 3978/544/3993
f 3963/513/3978 3978/544/3993 3964/515/3979
f 3964/515/3979 3978/544/3993 3979/546/3994
f 3964/515/3979 3979/546/3994 3965/517/3980
f 3965/517/3980 3979/546/3994 3980/548/3995
f 3965/517/3980 3980/548/3995 3966/519/3981
f 3966/519/3981 3980/548/3995 3981/550/3996
f 3966/519/3981 3981/550/3996 3967/521/3968
f 3967/521/3968 3981/550/3996 3982/552/3983
f 3967/521/3968 3982/552/3983 3953/6/3967
f 3968/522/3982 3983/553/3997 3969/526/3984
f 3968/524/3982 3997/583/3998 3983/555/3997
f 3969/526/3984 3983/553/3997 3984/557/3999
f 3969/526/3984 3984/557/3999 3970/528/3985
f 3970/528/3985 3984/557/3999 3985/559/4000
f 3970/528/3985 3985/559/4000 3971/530/3986
f 3971/530/3986 3985/559/4000 3986/561/4001
f 3971/530/3986 3986/561/4001 3972/532/3987
f 3972/532/3987 3986/561/4001 3987/563/4002
f 3972/532/3987 3987/563/4002 3973/534/3988
f 3973/534/3988 3987/563/4002 3988/565/4003
f 3973/534/3988 3988/565/4003 3974/536/3989
f 3974/536/3989 3988/565/4003 3989/567/4004
f 3974/536/3989 3989/567/4004 3975/538/3990
f 3975/538/3990 3989/567/4004 3990/569/4005
f 3975/538/3990 3990/569/4005 3976/540/3991
f 3976/540/3991 3990/569/4005 3991/571/4006
f 3976/540/3991 3991/571/4006 3977/542/3992
f 3977/542/3992 3991/571/4006 3992/573/4007
f 3977/542/3992 3992/573/4007 3978/544/3993
f 3978/544/3993 3992/573/4007 3993/575/4008
f 3978/544/3993 3993/575/4008 3979/546/3994
f 3979/546/3994 3993/575/4008 3994/577/4009
f 3979/546/3994 3994/577/4009 3980/548/3995
f 3980/548/3995 3994/577/4009 3995/579/4010
f 3980/548/3995 3995/579/4010 3981/550/3996
f 3981/550/3996 3995/579/4010 3996/581/4011
f 3981/550/3996 3996/581/4011 3982/552/3983
f 3982/552/3983 3996/581/4011 3997/583/3998
f 3982/552/3983 3997/583/3998 3968/524/3982
f 3983/553/3997 3998/17/4012 3984/557/3999
f 3983/555/3997 4012/611/4013 3998/19/4012
f 3984/557/3999 3998/17/4012 3999/586/4014
f 3984/557/3999 3999/586/4014 3985/559/4000
f 3985/559/4000 3999/586/4014 4000/588/4015
f 3985/559/4000 4000/588/4015 3986/561/4001
f 3986/561/4001 4000/588/4015 4001/590/4016
f 3986/561/4001 4001/590/4016 3987/563/4002
f 3987/563/4002 4001/590/4016 4002/592/4017
f 3987/563/4002 4002/592/4017 3988/565/4003
f 3988/565/4003 4002/592/4017 4003/594/4018
f 3988/565/4003 4003/594/4018 3989/567/4004
f 3989/567/4004 4003/594/4018 4004/596/4019
f 3989/567/4004 4004/596/4019 3990/569/4005
f 3990/569/4005 4004/596/4019 4005/598/4020
f 3990/569/4005 4005/598/4020 3991/571/4006
f 3991/571/4006 4005/598/4020 4006/599/4021
f 3991/571/4006 4006/599/4021 3992/573/4007
f 3992/573/4007 4006/599/4021 4007/601/4022
f 3992/573/4007 4007/601/4022 3993/575/4008
f 3993/575/4008 4007/601/4022 4008/603/4023
f 3993/575/4008 4008/603/4023 3994/577/4009
f 3994/577/4009 4008/603/4023 4009/605/4024
f 3994/577/4009 4009/605/4024 3995/579/4010
f 3995/579/4010 4009/605/4024 4010/607/4025
f 3995/579/4010 4010/607/4025 3996/581/4011
f 3996/581/4011 4010/607/4025 4011/609/4026
f 3996/581/4011 4011/609/4026 3997/583/3998
f 3997/583/3998 4011/609/4026 4012/611/4013
f 3997/583/3998 4012/611/4013 3983/555/3997
f 3998/17/4012 4013/612/4027 3999/586/4014
f 3998/19/4012 4027/642/4028 4013/614/4027
f 3999/586/4014 4013/612/4027 4014/616/4029
f 3999/586/4014 4014/616/4029 4000/588/4015
f 4000/588/4015 4014/616/4029 4015/618/4030
f 4000/588/4015 4015/618/4030 4001/590/4016
f 4001/590/4016 4015/618/4030 4016/620/4031
f 4001/590/4016 4016/620/4031 4002/592/4017
f 4002/592/4017 4016/620/4031 4017/622/4032
f 4002/592/4017 4017/622/4032 4003/594/4018
f 4003/594/4018 4017/622/4032 4018/624/4033
f 4003/594/4018 4018/624/4033 4004/596/4019
f 4004/596/4019 4018/624/4033 4019/626/4034
f 4004/596/4019 4019/626/4034 4005/598/4020
f 4005/598/4020 4019/626/4034 4020/628/4035
f 4005/598/4020 4020/628/4035 4006/599/4021
f 4006/599/4021 4020/628/4035 4021/630/4036
f 4006/599/4021 4021/630/4036 4007/601/4022
f 4007/601/4022 4021/630/4036 4022/632/4037
f 4007/601/4022 4022/632/4037 4008/603/4023
f 4008/603/4023 4022/632/4037 4023/634/4038
f 4008/603/4023 4023/634/4038 4009/605/4024
f 4009/605/4024 4023/634/4038 4024/636/4039
f 4009/605/4024 4024/636/4039 4010/607/4025
f 4010/607/4025 4024/636/4039 4025/638/4040
f 4010/607/4025 4025/638/4040 4011/609/4026
f 4011/609/4026 4025/638/4040 4026/640/4041
f 4011/609/4026 4026/640/4041 4012/611/4013
f 4012/611/4013 4026/640/4041 4027/642/4028
f 4012/611/4013 4027/642/4028 3998/19/4012
f 4013/612/4027 4028/643/4042 4014/616/4029
f 4013/614/4027 4042/673/4043 4028/645/4042
f 4014/616/4029 4028/643/4042 4029/647/4044
f 4014/616/4029 4029/647/4044 4015/618/4030
f 4015/618/4030 4029/647/4044 4030/649/4045
f 4015/618/4030 4030/649/4045 4016/620/4031
f 4016/620/4031 4030/649/4045 4031/651/4046
f 4016/620/4031 4031/651/4046 4017/622/4032
f 4017/622/4032 4031/651/4046 4032/653/4047
f 4017/622/4032 4032/653/4047 4018/624/4033
f 4018/624/4033 4032/653/4047 4033/655/4048
f 4018/624/4033 4033/655/4048 4019/626/4034
f 4019/626/4034 4033/655/4048 4034/657/4049
f 4019/626/4034 4034/657/4049 4020/628/4035
f 4020/628/4035 4034/657/4049 4035/659/4050
f 4020/628/4035 4035/659/4050 4021/630/4036
f 4021/630/4036 4035/659/4050 4036/661/4051
f 4021/630/4036 4036/661/4051 4022/632/4037
f 4022/632/4037 4036/661/4051 4037/663/4052
f 4022/632/4037 4037/663/4052 4023/634/4038
f 4023/634/4038 4037/663/4052 4038/665/4053
f 4023/634/4038 4038/665/4053 4024/636/4039
f 4024/636/4039 4038/665/4053 4039/667/4054
f 4024/636/4039 4039/667/4054 4025/638/4040
f 4025/638/4040 4039/667/4054 4040/669/4055
f 4025/638/4040 4040/669/4055 4026/640/4041
f 4026/640/4041 4040/669/4055 4041/671/4056
f 4026/640/4041 4041/671/4056 4027/642/4028
f 4027/642/4028 4041/671/4056 4042/673/4043
f 4027/642/4028 4042/673/4043 4013/614/4027
f 4028/643/4042 4043/25/4057 4029/647/4044
f 4028/645/4042 4057/702/4058 4043/27/4057
f 4029/647/4044 4043/25/4057 4044/676/4059
f 4029/647/4044 4044/676/4059 4030/649/4045
f 4030/649/4045 4044/676/4059 4045/678/4060
f 4030/649/4045 4045/678/4060 4031/651/4046
f 4031/651/4046 4045/678/4060 4046/680/4061
f 4031/651/4046 4046/680/4061 4032/653/4047
f 4032/653/4047 4046/680/4061 4047/682/4062
f 4032/653/4047 4047/682/4062 4033/655/4048
f 4033/655/4048 4047/682/4062 4048/684/4063
f 4033/655/4048 4048/684/4063 4034/657/4049
f 4034/657/4049 4048/684/4063 4049/686/4064
f 4034/657/4049 4049/686/4064 4035/659/4050
f 4035/659/4050 4049/686/4064 4050/688/4065
f 4035/659/4050 4050/688/4065 4036/661/4051
f 4036/661/4051 4050/688/4065 4051/690/4066
f 4036/661/4051 4051/690/4066 4037/663/4052
f 4037/663/4052 4051/690/4066 4052/692/4067
f 4037/663/4052 4052/692/4067 4038/665/4053
f 4038/665/4053 4052/692/4067 4053/694/4068
f 4038/665/4053 4053/694/4068 4039/667/4054
f 4039/667/4054 4053/694/4068 4054/696/4069
f 4039/667/4054 4054/696/4069 4040/669/4055
f 4040/669/4055 4054/696/4069 4055/698/4070
f 4040/669/4055 4055/698/4070 4041/671/4056
f 4041/671/4056 4055/698/4070 4056/700/4071
f 4041/671/4056 4056/700/4071 4042/673/4043
f 4042/673/4043 4056/700/4071 4057/702/4058
f 4042/673/4043 4057/702/4058 4028/645/4042
f 4043/25/4057 4058/703/4072 4044/676/4059
f 4043/27/4057 4072/733/4073 4058/705/4072
f 4044/676/4059 4058/703/4072 4059/707/4074
f 4044/676/4059 4059/707/4074 4045/678/4060
f 4045/678/4060 4059/707/4074 4060/709/4075
f 4045/678/4060 4060/709/4075 4046/680/4061
f 4046/680/4061 4060/709/4075 4061/711/4076
f 4046/680/4061 4061/711/4076 4047/682/4062
f 4047/682/4062 4061/711/4076 4062/713/4077
f 4047/682/4062 4062/713/4077 4048/684/4063
f 4048/684/4063 4062/713/4077 4063/715/4078
f 4048/684/4063 4063/715/4078 4049/686/4064
f 4049/686/4064 4063/715/4078 4064/717/4079
f 4049/686/4064 4064/717/4079 4050/688/4065
f 4050/688/4065 4064/717/4079 4065/719/4080
f 4050/688/4065 4065/719/4080 4051/690/4066
f 4051/690/4066 4065/719/4080 4066/721/4081
f 4051/690/4066 4066/721/4081 4052/692/4067
f 4052/692/4067 4066/721/4081 4067/723/4082
f 4052/692/4067 4067/723/4082 4053/694/4068
f 4053/694/4068 4067/723/4082 4068/725/4083
f 4053/694/4068 4068/725/4083 4054/696/4069
f 4054/696/4069 4068/725/4083 4069/727/4084
f 4054/696/4069 4069/727/4084 4055/698/4070
f 4055/698/4070 4069/727/4084 4070/729/4085
f 4055/698/4070 4070/729/4085 4056/700/4071
f 4056/700/4071 4070/729/4085 4071/731/4086
f 4056/700/4071 4071/731/4086 4057/702/4058
f 4057/702/4058 4071/731/4086 4072/733/4073
f 4057/702/4058 4072/733/4073 4043/27/4057
f 4058/703/4072 4073/734/4087 4059/707/4074
f 4058/705/4072 4087/764/4088 4073/736/4087
f 4059/707/4074 4073/734/4087 4074/738/4089
f 4059/707/4074 4074/738/4090 4060/709/4075
f 4060/709/4075 4074/738/4090 4075/740/4091
f 4060/709/4075 4075/740/4091 4061/711/4076
f 4061/711/4076 4075/740/4091 4076/742/4092
f 4061/711/4076 4076/742/4093 4062/713/4077
f 4062/713/4077 4076/742/4094 4077/744/4095
f 4062/713/4077 4077/744/4095 4063/715/4078
f 4063/715/4078 4077/744/4095 4078/746/4096
f 4063/715/4078 4078/746/4096 4064/717/4079
f 4064/717/4079 4078/746/4096 4079/748/4097
f 4064/717/4079 4079/748/4097 4065/719/4080
f 4065/719/4080 4079/748/4097 4080/750/4098
f 4065/719/4080 4080/750/4098 4066/721/4081
f 4066/721/4081 4080/750/4098 4081/752/4099
f 4066/721/4081 4081/752/4099 4067/723/4082
f 4067/723/4082 4081/752/4099 4082/754/4100
f 4067/723/4082 4082/754/4100 4068/725/4083
f 4068/725/4083 4082/754/4100 4083/756/4101
f 4068/725/4083 4083/756/4101 4069/727/4084
f 4069/727/4084 4083/756/4101 4084/758/4102
f 4069/727/4084 4084/758/4102 4070/729/4085
f 4070/729/4085 4084/758/4102 4085/760/4103
f 4070/729/4085 4085/760/4103 4071/731/4086
f 4071/731/4086 4085/760/4103 4086/762/4104
f 4071/731/4086 4086/762/4104 4072/733/4073
f 4072/733/4073 4086/762/4104 4087/764/4105
f 4072/733/4073 4087/764/4088 4058/705/4072
